o_zone_id,o_zone_name,d_zone_id,d_zone_name,accessibility,volume,geometry
5,B1,5,B1,0.0,0.0,"LINESTRING (-109.5697333 37.2838178,-109.5697333 37.2838178)"
5,B1,6,B2,0.9413120495803019,0.8953771289537713,"LINESTRING (-109.5697333 37.2838178,-109.560079 37.2852198)"
5,B1,7,B3,1.6789136483840095,0.8953771289537713,"LINESTRING (-109.5697333 37.2838178,-109.5523617 37.2848091)"
5,B1,8,B4,2.75286890507265,0.8953771289537713,"LINESTRING (-109.5697333 37.2838178,-109.5412776 37.2858769)"
5,B1,9,C1,0.3691093413707063,0.8953771289537713,"LINESTRING (-109.5697333 37.2838178,-109.5724947 37.2811705)"
5,B1,10,C2,0.5354344587674827,0.8953771289537713,"LINESTRING (-109.5697333 37.2838178,-109.5646803 37.2815244)"
5,B1,11,C3,1.5393306627693477,0.8953771289537713,"LINESTRING (-109.5697333 37.2838178,-109.553796 37.2831048)"
5,B1,12,C4,2.816721912660413,0.8953771289537713,"LINESTRING (-109.5697333 37.2838178,-109.5405438 37.2834472)"
5,B1,13,Gate1,1.8536222997678424,0.0,"LINESTRING (-109.5697333 37.2838178,-109.5886621 37.28054)"
5,B1,14,Gate2,1.8444146463115374,0.0,"LINESTRING (-109.5697333 37.2838178,-109.5886621 37.28648)"
5,B1,15,Gate3,2.006194996858506,0.0,"LINESTRING (-109.5697333 37.2838178,-109.5886621 37.29242)"
5,B1,16,Gate4,1.5280028394310465,0.0,"LINESTRING (-109.5697333 37.2838178,-109.5759921 37.2983644)"
5,B1,17,Gate5,1.5338741959078257,0.0,"LINESTRING (-109.5697333 37.2838178,-109.5633221 37.2983644)"
5,B1,18,Gate6,2.315145418549941,0.0,"LINESTRING (-109.5697333 37.2838178,-109.5506521 37.2983644)"
5,B1,19,Gate7,3.3698927961888563,0.8953771289537713,"LINESTRING (-109.5697333 37.2838178,-109.5379821 37.2983644)"
5,B1,20,Gate8,4.365634658047158,0.0,"LINESTRING (-109.5697333 37.2838178,-109.525315 37.2924244)"
5,B1,21,Gate9,4.293637888853344,0.8953771289537713,"LINESTRING (-109.5697333 37.2838178,-109.525315 37.2864844)"
5,B1,22,Gate10,4.297544635511474,0.0,"LINESTRING (-109.5697333 37.2838178,-109.525315 37.2805444)"
5,B1,23,Gate11,3.1899006058081905,0.0,"LINESTRING (-109.5697333 37.2838178,-109.537985 37.2746)"
5,B1,24,Gate12,2.0444732584079404,0.0,"LINESTRING (-109.5697333 37.2838178,-109.550655 37.2746)"
5,B1,25,Gate13,1.083248273650486,0.0,"LINESTRING (-109.5697333 37.2838178,-109.563325 37.2746)"
5,B1,26,Gate14,1.0752365455966904,0.0,"LINESTRING (-109.5697333 37.2838178,-109.575995 37.2746)"
6,B2,5,B1,0.9413120495803019,0.8953771289537713,"LINESTRING (-109.560079 37.2852198,-109.5697333 37.2838178)"
6,B2,6,B2,0.0,0.0,"LINESTRING (-109.560079 37.2852198,-109.560079 37.2852198)"
6,B2,7,B3,0.7456999566999829,43.873479318734795,"LINESTRING (-109.560079 37.2852198,-109.5523617 37.2848091)"
6,B2,8,B4,1.8152568683808337,2.686131386861314,"LINESTRING (-109.560079 37.2852198,-109.5412776 37.2858769)"
6,B2,9,C1,1.2600905478236732,31.338199513381994,"LINESTRING (-109.560079 37.2852198,-109.5724947 37.2811705)"
6,B2,10,C2,0.5694333092281683,65.36253041362531,"LINESTRING (-109.560079 37.2852198,-109.5646803 37.2815244)"
6,B2,11,C3,0.63967834135837,6.267639902676399,"LINESTRING (-109.560079 37.2852198,-109.553796 37.2831048)"
6,B2,12,C4,1.8926980576442807,2.686131386861314,"LINESTRING (-109.560079 37.2852198,-109.5405438 37.2834472)"
6,B2,13,Gate1,2.794702450521622,0.0,"LINESTRING (-109.560079 37.2852198,-109.5886621 37.28054)"
6,B2,14,Gate2,2.7606600392550744,0.0,"LINESTRING (-109.560079 37.2852198,-109.5886621 37.28648)"
6,B2,15,Gate3,2.844139437209048,0.0,"LINESTRING (-109.560079 37.2852198,-109.5886621 37.29242)"
6,B2,16,Gate4,1.9915447361001422,0.0,"LINESTRING (-109.560079 37.2852198,-109.5759921 37.2983644)"
6,B2,17,Gate5,1.3063526897664954,0.0,"LINESTRING (-109.560079 37.2852198,-109.5633221 37.2983644)"
6,B2,18,Gate6,1.5607738954876218,0.0,"LINESTRING (-109.560079 37.2852198,-109.5506521 37.2983644)"
6,B2,19,Gate7,2.480851435337837,1.7907542579075426,"LINESTRING (-109.560079 37.2852198,-109.5379821 37.2983644)"
6,B2,20,Gate8,3.425657735089056,0.0,"LINESTRING (-109.560079 37.2852198,-109.525315 37.2924244)"
6,B2,21,Gate9,3.3565993152257443,1.7907542579075426,"LINESTRING (-109.560079 37.2852198,-109.525315 37.2864844)"
6,B2,22,Gate10,3.3845812486235274,0.0,"LINESTRING (-109.560079 37.2852198,-109.525315 37.2805444)"
6,B2,23,Gate11,2.365337021133497,0.0,"LINESTRING (-109.560079 37.2852198,-109.537985 37.2746)"
6,B2,24,Gate12,1.3699980694676073,0.0,"LINESTRING (-109.560079 37.2852198,-109.550655 37.2746)"
6,B2,25,Gate13,1.0715041230681308,0.0,"LINESTRING (-109.560079 37.2852198,-109.563325 37.2746)"
6,B2,26,Gate14,1.84621189189175,0.0,"LINESTRING (-109.560079 37.2852198,-109.575995 37.2746)"
7,B3,5,B1,1.6789136483840095,0.8953771289537713,"LINESTRING (-109.5523617 37.2848091,-109.5697333 37.2838178)"
7,B3,6,B2,0.7456999566999829,54.61800486618005,"LINESTRING (-109.5523617 37.2848091,-109.560079 37.2852198)"
7,B3,7,B3,0.0,0.0,"LINESTRING (-109.5523617 37.2848091,-109.5523617 37.2848091)"
7,B3,8,B4,1.074454435257828,2.686131386861314,"LINESTRING (-109.5523617 37.2848091,-109.5412776 37.2858769)"
7,B3,9,C1,1.9741018298626927,33.12895377128954,"LINESTRING (-109.5523617 37.2848091,-109.5724947 37.2811705)"
7,B3,10,C2,1.23014992492544,68.9440389294404,"LINESTRING (-109.5523617 37.2848091,-109.5646803 37.2815244)"
7,B3,11,C3,0.2149316431941462,8.058394160583942,"LINESTRING (-109.5523617 37.2848091,-109.553796 37.2831048)"
7,B3,12,C4,1.1478546066745685,3.5815085158150852,"LINESTRING (-109.5523617 37.2848091,-109.5405438 37.2834472)"
7,B3,13,Gate1,3.5267659034816963,0.0,"LINESTRING (-109.5523617 37.2848091,-109.5886621 37.28054)"
7,B3,14,Gate2,3.5063356214609804,0.0,"LINESTRING (-109.5523617 37.2848091,-109.5886621 37.28648)"
7,B3,15,Gate3,3.5787853334966817,0.0,"LINESTRING (-109.5523617 37.2848091,-109.5886621 37.29242)"
7,B3,16,Gate4,2.6286093884433006,0.0,"LINESTRING (-109.5523617 37.2848091,-109.5759921 37.2983644)"
7,B3,17,Gate5,1.682020347304468,0.0,"LINESTRING (-109.5523617 37.2848091,-109.5633221 37.2983644)"
7,B3,18,Gate6,1.3183127356920223,0.0,"LINESTRING (-109.5523617 37.2848091,-109.5506521 37.2983644)"
7,B3,19,Gate7,1.9067919073753143,1.7907542579075426,"LINESTRING (-109.5523617 37.2848091,-109.5379821 37.2983644)"
7,B3,20,Gate8,2.711207796829904,0.0,"LINESTRING (-109.5523617 37.2848091,-109.525315 37.2924244)"
7,B3,21,Gate9,2.614736330036508,1.7907542579075426,"LINESTRING (-109.5523617 37.2848091,-109.525315 37.2864844)"
7,B3,22,Gate10,2.64197798139879,0.0,"LINESTRING (-109.5523617 37.2848091,-109.525315 37.2805444)"
7,B3,23,Gate11,1.7013862268884878,0.0,"LINESTRING (-109.5523617 37.2848091,-109.537985 37.2746)"
7,B3,24,Gate12,0.9987453941241095,0.0,"LINESTRING (-109.5523617 37.2848091,-109.550655 37.2746)"
7,B3,25,Gate13,1.4454827982805827,0.0,"LINESTRING (-109.5523617 37.2848091,-109.563325 37.2746)"
7,B3,26,Gate14,2.484049026604259,0.0,"LINESTRING (-109.5523617 37.2848091,-109.575995 37.2746)"
8,B4,5,B1,2.75286890507265,0.8953771289537713,"LINESTRING (-109.5412776 37.2858769,-109.5697333 37.2838178)"
8,B4,6,B2,1.8152568683808337,1.7907542579075426,"LINESTRING (-109.5412776 37.2858769,-109.560079 37.2852198)"
8,B4,7,B3,1.074454435257828,1.7907542579075426,"LINESTRING (-109.5412776 37.2858769,-109.5523617 37.2848091)"
8,B4,8,B4,0.0,0.0,"LINESTRING (-109.5412776 37.2858769,-109.5412776 37.2858769)"
8,B4,9,C1,3.0461739806094834,1.7907542579075426,"LINESTRING (-109.5412776 37.2858769,-109.5724947 37.2811705)"
8,B4,10,C2,2.2968449354592195,2.686131386861314,"LINESTRING (-109.5412776 37.2858769,-109.5646803 37.2815244)"
8,B4,11,C3,1.2371581364245672,0.8953771289537713,"LINESTRING (-109.5412776 37.2858769,-109.553796 37.2831048)"
8,B4,12,C4,0.24489575562467006,0.8953771289537713,"LINESTRING (-109.5412776 37.2858769,-109.5405438 37.2834472)"
8,B4,13,Gate1,4.601038217486114,0.0,"LINESTRING (-109.5412776 37.2858769,-109.5886621 37.28054)"
8,B4,14,Gate2,4.572500786326786,0.0,"LINESTRING (-109.5412776 37.2858769,-109.5886621 37.28648)"
8,B4,15,Gate3,4.615514860089831,0.0,"LINESTRING (-109.5412776 37.2858769,-109.5886621 37.29242)"
8,B4,16,Gate4,3.5597296784223214,0.0,"LINESTRING (-109.5412776 37.2858769,-109.5759921 37.2983644)"
8,B4,17,Gate5,2.4446439604838153,0.0,"LINESTRING (-109.5412776 37.2858769,-109.5633221 37.2983644)"
8,B4,18,Gate6,1.506666417038865,0.0,"LINESTRING (-109.5412776 37.2858769,-109.5506521 37.2983644)"
8,B4,19,Gate7,1.2461758220781967,0.8953771289537713,"LINESTRING (-109.5412776 37.2858769,-109.5379821 37.2983644)"
8,B4,20,Gate8,1.6647671388702336,0.0,"LINESTRING (-109.5412776 37.2858769,-109.525315 37.2924244)"
8,B4,21,Gate9,1.5413464811189628,0.8953771289537713,"LINESTRING (-109.5412776 37.2858769,-109.525315 37.2864844)"
8,B4,22,Gate10,1.623900102720259,0.0,"LINESTRING (-109.5412776 37.2858769,-109.525315 37.2805444)"
8,B4,23,Gate11,1.1335360058221442,0.0,"LINESTRING (-109.5412776 37.2858769,-109.537985 37.2746)"
8,B4,24,Gate12,1.4151599087658489,0.0,"LINESTRING (-109.5412776 37.2858769,-109.550655 37.2746)"
8,B4,25,Gate13,2.389477379440515,0.0,"LINESTRING (-109.5412776 37.2858769,-109.563325 37.2746)"
8,B4,26,Gate14,3.5221694472229865,0.0,"LINESTRING (-109.5412776 37.2858769,-109.575995 37.2746)"
9,C1,5,B1,0.3691093413707063,0.8953771289537713,"LINESTRING (-109.5724947 37.2811705,-109.5697333 37.2838178)"
9,C1,6,B2,1.2600905478236732,30.442822384428226,"LINESTRING (-109.5724947 37.2811705,-109.560079 37.2852198)"
9,C1,7,B3,1.9741018298626927,25.96593673965937,"LINESTRING (-109.5724947 37.2811705,-109.5523617 37.2848091)"
9,C1,8,B4,3.0461739806094834,1.7907542579075426,"LINESTRING (-109.5724947 37.2811705,-109.5412776 37.2858769)"
9,C1,9,C1,0.0,0.0,"LINESTRING (-109.5724947 37.2811705,-109.5724947 37.2811705)"
9,C1,10,C2,0.7547833881148028,43.873479318734795,"LINESTRING (-109.5724947 37.2811705,-109.5646803 37.2815244)"
9,C1,11,C3,1.8138646654369246,3.5815085158150852,"LINESTRING (-109.5724947 37.2811705,-109.553796 37.2831048)"
9,C1,12,C4,3.090756125989858,1.7907542579075426,"LINESTRING (-109.5724947 37.2811705,-109.5405438 37.2834472)"
9,C1,13,Gate1,1.5611811578357246,0.0,"LINESTRING (-109.5724947 37.2811705,-109.5886621 37.28054)"
9,C1,14,Gate2,1.6419640722381597,0.0,"LINESTRING (-109.5724947 37.2811705,-109.5886621 37.28648)"
9,C1,15,Gate3,1.9004758988264618,0.0,"LINESTRING (-109.5724947 37.2811705,-109.5886621 37.29242)"
9,C1,16,Gate4,1.693009729177073,0.0,"LINESTRING (-109.5724947 37.2811705,-109.5759921 37.2983644)"
9,C1,17,Gate5,1.8803541576483176,0.0,"LINESTRING (-109.5724947 37.2811705,-109.5633221 37.2983644)"
9,C1,18,Gate6,2.682225281716528,0.0,"LINESTRING (-109.5724947 37.2811705,-109.5506521 37.2983644)"
9,C1,19,Gate7,3.720495135621954,0.8953771289537713,"LINESTRING (-109.5724947 37.2811705,-109.5379821 37.2983644)"
9,C1,20,Gate8,4.680083999693665,0.0,"LINESTRING (-109.5724947 37.2811705,-109.525315 37.2924244)"
9,C1,21,Gate9,4.58115017737191,0.8953771289537713,"LINESTRING (-109.5724947 37.2811705,-109.525315 37.2864844)"
9,C1,22,Gate10,4.552767386067884,0.0,"LINESTRING (-109.5724947 37.2811705,-109.525315 37.2805444)"
9,C1,23,Gate11,3.3896560095660195,0.0,"LINESTRING (-109.5724947 37.2811705,-109.537985 37.2746)"
9,C1,24,Gate12,2.2006136528391798,0.0,"LINESTRING (-109.5724947 37.2811705,-109.550655 37.2746)"
9,C1,25,Gate13,1.0884778011290281,0.0,"LINESTRING (-109.5724947 37.2811705,-109.563325 37.2746)"
9,C1,26,Gate14,0.7183441282812011,0.0,"LINESTRING (-109.5724947 37.2811705,-109.575995 37.2746)"
10,C2,5,B1,0.5354344587674827,1.7907542579075426,"LINESTRING (-109.5646803 37.2815244,-109.5697333 37.2838178)"
10,C2,6,B2,0.5694333092281683,75.21167883211679,"LINESTRING (-109.5646803 37.2815244,-109.560079 37.2852198)"
10,C2,7,B3,1.23014992492544,63.571776155717764,"LINESTRING (-109.5646803 37.2815244,-109.5523617 37.2848091)"
10,C2,8,B4,2.2968449354592195,2.686131386861314,"LINESTRING (-109.5646803 37.2815244,-109.5412776 37.2858769)"
10,C2,9,C1,0.7547833881148028,51.93187347931874,"LINESTRING (-109.5646803 37.2815244,-109.5724947 37.2811705)"
10,C2,10,C2,0.0,0.0,"LINESTRING (-109.5646803 37.2815244,-109.5646803 37.2815244)"
10,C2,11,C3,1.0612393330538985,8.953771289537713,"LINESTRING (-109.5646803 37.2815244,-109.553796 37.2831048)"
10,C2,12,C4,2.3363070674813526,3.5815085158150852,"LINESTRING (-109.5646803 37.2815244,-109.5405438 37.2834472)"
10,C2,13,Gate1,2.315954524857361,0.0,"LINESTRING (-109.5646803 37.2815244,-109.5886621 37.28054)"
10,C2,14,Gate2,2.3628925264218497,0.0,"LINESTRING (-109.5646803 37.2815244,-109.5886621 37.28648)"
10,C2,15,Gate3,2.5416294069342364,0.0,"LINESTRING (-109.5646803 37.2815244,-109.5886621 37.29242)"
10,C2,16,Gate4,1.9574427785101705,0.0,"LINESTRING (-109.5646803 37.2815244,-109.5759921 37.2983644)"
10,C2,17,Gate5,1.6301636746536314,0.0,"LINESTRING (-109.5646803 37.2815244,-109.5633221 37.2983644)"
10,C2,18,Gate6,2.1148134361640243,0.0,"LINESTRING (-109.5646803 37.2815244,-109.5506521 37.2983644)"
10,C2,19,Gate7,3.0457493367000392,1.7907542579075426,"LINESTRING (-109.5646803 37.2815244,-109.5379821 37.2983644)"
10,C2,20,Gate8,3.941276243125541,0.0,"LINESTRING (-109.5646803 37.2815244,-109.525315 37.2924244)"
10,C2,21,Gate9,3.828387755282709,1.7907542579075426,"LINESTRING (-109.5646803 37.2815244,-109.525315 37.2864844)"
10,C2,22,Gate10,3.7995329193907463,0.0,"LINESTRING (-109.5646803 37.2815244,-109.525315 37.2805444)"
10,C2,23,Gate11,2.6610709327631223,0.0,"LINESTRING (-109.5646803 37.2815244,-109.537985 37.2746)"
10,C2,24,Gate12,1.5092480031957756,0.0,"LINESTRING (-109.5646803 37.2815244,-109.550655 37.2746)"
10,C2,25,Gate13,0.6808167519334855,0.0,"LINESTRING (-109.5646803 37.2815244,-109.563325 37.2746)"
10,C2,26,Gate14,1.2799782235948896,0.0,"LINESTRING (-109.5646803 37.2815244,-109.575995 37.2746)"
11,C3,5,B1,1.5393306627693477,0.8953771289537713,"LINESTRING (-109.553796 37.2831048,-109.5697333 37.2838178)"
11,C3,6,B2,0.63967834135837,5.372262773722628,"LINESTRING (-109.553796 37.2831048,-109.560079 37.2852198)"
11,C3,7,B3,0.2149316431941462,5.372262773722628,"LINESTRING (-109.553796 37.2831048,-109.5523617 37.2848091)"
11,C3,8,B4,1.2371581364245672,0.8953771289537713,"LINESTRING (-109.553796 37.2831048,-109.5412776 37.2858769)"
11,C3,9,C1,1.8138646654369246,3.5815085158150852,"LINESTRING (-109.553796 37.2831048,-109.5724947 37.2811705)"
11,C3,10,C2,1.0612393330538985,6.267639902676399,"LINESTRING (-109.553796 37.2831048,-109.5646803 37.2815244)"
11,C3,11,C3,0.0,0.0,"LINESTRING (-109.553796 37.2831048,-109.553796 37.2831048)"
11,C3,12,C4,1.2791292151807547,0.8953771289537713,"LINESTRING (-109.553796 37.2831048,-109.5405438 37.2834472)"
11,C3,13,Gate1,3.3733224564940083,0.0,"LINESTRING (-109.553796 37.2831048,-109.5886621 37.28054)"
11,C3,14,Gate2,3.379958711239229,0.0,"LINESTRING (-109.553796 37.2831048,-109.5886621 37.28648)"
11,C3,15,Gate3,3.4822321296026253,0.0,"LINESTRING (-109.553796 37.2831048,-109.5886621 37.29242)"
11,C3,16,Gate4,2.599009569945683,0.0,"LINESTRING (-109.553796 37.2831048,-109.5759921 37.2983644)"
11,C3,17,Gate5,1.7357530895557252,0.0,"LINESTRING (-109.553796 37.2831048,-109.5633221 37.2983644)"
11,C3,18,Gate6,1.503322227515461,0.0,"LINESTRING (-109.553796 37.2831048,-109.5506521 37.2983644)"
11,C3,19,Gate7,2.120440411844972,0.8953771289537713,"LINESTRING (-109.553796 37.2831048,-109.5379821 37.2983644)"
11,C3,20,Gate8,2.8915152771372337,0.0,"LINESTRING (-109.553796 37.2831048,-109.525315 37.2924244)"
11,C3,21,Gate9,2.7674092964556216,0.8953771289537713,"LINESTRING (-109.553796 37.2831048,-109.525315 37.2864844)"
11,C3,22,Gate10,2.7592120344152877,0.0,"LINESTRING (-109.553796 37.2831048,-109.525315 37.2805444)"
11,C3,23,Gate11,1.7323080566807667,0.0,"LINESTRING (-109.553796 37.2831048,-109.537985 37.2746)"
11,C3,24,Gate12,0.8748060133425869,0.0,"LINESTRING (-109.553796 37.2831048,-109.550655 37.2746)"
11,C3,25,Gate13,1.2324085391310098,0.0,"LINESTRING (-109.553796 37.2831048,-109.563325 37.2746)"
11,C3,26,Gate14,2.293801853315258,0.0,"LINESTRING (-109.553796 37.2831048,-109.575995 37.2746)"
12,C4,5,B1,2.816721912660413,0.8953771289537713,"LINESTRING (-109.5405438 37.2834472,-109.5697333 37.2838178)"
12,C4,6,B2,1.8926980576442807,2.686131386861314,"LINESTRING (-109.5405438 37.2834472,-109.560079 37.2852198)"
12,C4,7,B3,1.1478546066745685,2.686131386861314,"LINESTRING (-109.5405438 37.2834472,-109.5523617 37.2848091)"
12,C4,8,B4,0.24489575562467006,0.8953771289537713,"LINESTRING (-109.5405438 37.2834472,-109.5412776 37.2858769)"
12,C4,9,C1,3.090756125989858,1.7907542579075426,"LINESTRING (-109.5405438 37.2834472,-109.5724947 37.2811705)"
12,C4,10,C2,2.3363070674813526,3.5815085158150852,"LINESTRING (-109.5405438 37.2834472,-109.5646803 37.2815244)"
12,C4,11,C3,1.2791292151807547,0.8953771289537713,"LINESTRING (-109.5405438 37.2834472,-109.553796 37.2831048)"
12,C4,12,C4,0.0,0.0,"LINESTRING (-109.5405438 37.2834472,-109.5405438 37.2834472)"
12,C4,13,Gate1,4.651401114103584,0.0,"LINESTRING (-109.5405438 37.2834472,-109.5886621 37.28054)"
12,C4,14,Gate2,4.65214772110037,0.0,"LINESTRING (-109.5405438 37.2834472,-109.5886621 37.28648)"
12,C4,15,Gate3,4.7229681064087625,0.0,"LINESTRING (-109.5405438 37.2834472,-109.5886621 37.29242)"
12,C4,16,Gate4,3.7109216398275437,0.0,"LINESTRING (-109.5405438 37.2834472,-109.5759921 37.2983644)"
12,C4,17,Gate5,2.627247124731728,0.0,"LINESTRING (-109.5405438 37.2834472,-109.5633221 37.2983644)"
12,C4,18,Gate6,1.7386967477095407,0.0,"LINESTRING (-109.5405438 37.2834472,-109.5506521 37.2983644)"
12,C4,19,Gate7,1.4604301404643591,0.8953771289537713,"LINESTRING (-109.5405438 37.2834472,-109.5379821 37.2983644)"
12,C4,20,Gate8,1.7057359884574859,0.0,"LINESTRING (-109.5405438 37.2834472,-109.525315 37.2924244)"
12,C4,21,Gate9,1.4983655355252898,0.8953771289537713,"LINESTRING (-109.5405438 37.2834472,-109.525315 37.2864844)"
12,C4,22,Gate10,1.495883188736011,0.0,"LINESTRING (-109.5405438 37.2834472,-109.525315 37.2805444)"
12,C4,23,Gate11,0.8886535456342698,0.0,"LINESTRING (-109.5405438 37.2834472,-109.537985 37.2746)"
12,C4,24,Gate12,1.2963793764441909,0.0,"LINESTRING (-109.5405438 37.2834472,-109.550655 37.2746)"
12,C4,25,Gate13,2.3581019358305335,0.0,"LINESTRING (-109.5405438 37.2834472,-109.563325 37.2746)"
12,C4,26,Gate14,3.5255979465162226,0.0,"LINESTRING (-109.5405438 37.2834472,-109.575995 37.2746)"
13,Gate1,5,B1,1.8536222997678424,0.0,"LINESTRING (-109.5886621 37.28054,-109.5697333 37.2838178)"
13,Gate1,6,B2,2.794702450521622,0.0,"LINESTRING (-109.5886621 37.28054,-109.560079 37.2852198)"
13,Gate1,7,B3,3.5267659034816963,0.0,"LINESTRING (-109.5886621 37.28054,-109.5523617 37.2848091)"
13,Gate1,8,B4,4.601038217486114,0.0,"LINESTRING (-109.5886621 37.28054,-109.5412776 37.2858769)"
13,Gate1,9,C1,1.5611811578357246,0.0,"LINESTRING (-109.5886621 37.28054,-109.5724947 37.2811705)"
13,Gate1,10,C2,2.315954524857361,0.0,"LINESTRING (-109.5886621 37.28054,-109.5646803 37.2815244)"
13,Gate1,11,C3,3.3733224564940083,0.0,"LINESTRING (-109.5886621 37.28054,-109.553796 37.2831048)"
13,Gate1,12,C4,4.651401114103584,0.0,"LINESTRING (-109.5886621 37.28054,-109.5405438 37.2834472)"
13,Gate1,13,Gate1,0.0,0.0,"LINESTRING (-109.5886621 37.28054,-109.5886621 37.28054)"
13,Gate1,14,Gate2,0.5731505999995555,0.0,"LINESTRING (-109.5886621 37.28054,-109.5886621 37.28648)"
13,Gate1,15,Gate3,1.146301199999111,0.0,"LINESTRING (-109.5886621 37.28054,-109.5886621 37.29242)"
13,Gate1,16,Gate4,2.110106661812869,0.0,"LINESTRING (-109.5886621 37.28054,-109.5759921 37.2983644)"
13,Gate1,17,Gate5,2.989360543182504,0.0,"LINESTRING (-109.5886621 37.28054,-109.5633221 37.2983644)"
13,Gate1,18,Gate6,4.0508213585190465,0.0,"LINESTRING (-109.5886621 37.28054,-109.5506521 37.2983644)"
13,Gate1,19,Gate7,5.1837420642576015,0.0,"LINESTRING (-109.5886621 37.28054,-109.5379821 37.2983644)"
13,Gate1,20,Gate8,6.2189987340728585,0.0,"LINESTRING (-109.5886621 37.28054,-109.525315 37.2924244)"
13,Gate1,21,Gate9,6.1392144248678475,0.0,"LINESTRING (-109.5886621 37.28054,-109.525315 37.2864844)"
13,Gate1,22,Gate10,6.112361693746038,0.0,"LINESTRING (-109.5886621 37.28054,-109.525315 37.2805444)"
13,Gate1,23,Gate11,4.923309058415691,0.0,"LINESTRING (-109.5886621 37.28054,-109.537985 37.2746)"
13,Gate1,24,Gate12,3.7118227534111727,0.0,"LINESTRING (-109.5886621 37.28054,-109.550655 37.2746)"
13,Gate1,25,Gate13,2.5110625459007765,0.0,"LINESTRING (-109.5886621 37.28054,-109.563325 37.2746)"
13,Gate1,26,Gate14,1.3499603530099786,0.0,"LINESTRING (-109.5886621 37.28054,-109.575995 37.2746)"
14,Gate2,5,B1,1.8444146463115374,0.0,"LINESTRING (-109.5886621 37.28648,-109.5697333 37.2838178)"
14,Gate2,6,B2,2.7606600392550744,0.0,"LINESTRING (-109.5886621 37.28648,-109.560079 37.2852198)"
14,Gate2,7,B3,3.5063356214609804,0.0,"LINESTRING (-109.5886621 37.28648,-109.5523617 37.2848091)"
14,Gate2,8,B4,4.572500786326786,0.0,"LINESTRING (-109.5886621 37.28648,-109.5412776 37.2858769)"
14,Gate2,9,C1,1.6419640722381597,0.0,"LINESTRING (-109.5886621 37.28648,-109.5724947 37.2811705)"
14,Gate2,10,C2,2.3628925264218497,0.0,"LINESTRING (-109.5886621 37.28648,-109.5646803 37.2815244)"
14,Gate2,11,C3,3.379958711239229,0.0,"LINESTRING (-109.5886621 37.28648,-109.553796 37.2831048)"
14,Gate2,12,C4,4.65214772110037,0.0,"LINESTRING (-109.5886621 37.28648,-109.5405438 37.2834472)"
14,Gate2,13,Gate1,0.5731505999995555,0.0,"LINESTRING (-109.5886621 37.28648,-109.5886621 37.28054)"
14,Gate2,14,Gate2,0.0,0.0,"LINESTRING (-109.5886621 37.28648,-109.5886621 37.28648)"
14,Gate2,15,Gate3,0.5731505999995555,0.0,"LINESTRING (-109.5886621 37.28648,-109.5886621 37.29242)"
14,Gate2,16,Gate4,1.676172844242072,0.0,"LINESTRING (-109.5886621 37.28648,-109.5759921 37.2983644)"
14,Gate2,17,Gate5,2.7006076606356397,0.0,"LINESTRING (-109.5886621 37.28648,-109.5633221 37.2983644)"
14,Gate2,18,Gate6,3.842676015250518,0.0,"LINESTRING (-109.5886621 37.28648,-109.5506521 37.2983644)"
14,Gate2,19,Gate7,5.022766873775964,0.0,"LINESTRING (-109.5886621 37.28648,-109.5379821 37.2983644)"
14,Gate2,20,Gate8,6.139214424867975,0.0,"LINESTRING (-109.5886621 37.28648,-109.525315 37.2924244)"
14,Gate2,21,Gate9,6.112361693746038,0.0,"LINESTRING (-109.5886621 37.28648,-109.525315 37.2864844)"
14,Gate2,22,Gate10,6.139135152153121,0.0,"LINESTRING (-109.5886621 37.28648,-109.525315 37.2805444)"
14,Gate2,23,Gate11,5.02239752663191,0.0,"LINESTRING (-109.5886621 37.28648,-109.537985 37.2746)"
14,Gate2,24,Gate12,3.842282262351536,0.0,"LINESTRING (-109.5886621 37.28648,-109.550655 37.2746)"
14,Gate2,25,Gate13,2.7001740574018607,0.0,"LINESTRING (-109.5886621 37.28648,-109.563325 37.2746)"
14,Gate2,26,Gate14,1.6756783061014913,0.0,"LINESTRING (-109.5886621 37.28648,-109.575995 37.2746)"
15,Gate3,5,B1,2.006194996858506,0.0,"LINESTRING (-109.5886621 37.29242,-109.5697333 37.2838178)"
15,Gate3,6,B2,2.844139437209048,0.0,"LINESTRING (-109.5886621 37.29242,-109.560079 37.2852198)"
15,Gate3,7,B3,3.5787853334966817,0.0,"LINESTRING (-109.5886621 37.29242,-109.5523617 37.2848091)"
15,Gate3,8,B4,4.615514860089831,0.0,"LINESTRING (-109.5886621 37.29242,-109.5412776 37.2858769)"
15,Gate3,9,C1,1.9004758988264618,0.0,"LINESTRING (-109.5886621 37.29242,-109.5724947 37.2811705)"
15,Gate3,10,C2,2.5416294069342364,0.0,"LINESTRING (-109.5886621 37.29242,-109.5646803 37.2815244)"
15,Gate3,11,C3,3.4822321296026253,0.0,"LINESTRING (-109.5886621 37.29242,-109.553796 37.2831048)"
15,Gate3,12,C4,4.7229681064087625,0.0,"LINESTRING (-109.5886621 37.29242,-109.5405438 37.2834472)"
15,Gate3,13,Gate1,1.146301199999111,0.0,"LINESTRING (-109.5886621 37.29242,-109.5886621 37.28054)"
15,Gate3,14,Gate2,0.5731505999995555,0.0,"LINESTRING (-109.5886621 37.29242,-109.5886621 37.28648)"
15,Gate3,15,Gate3,0.0,0.0,"LINESTRING (-109.5886621 37.29242,-109.5886621 37.29242)"
15,Gate3,16,Gate4,1.350393980985463,0.0,"LINESTRING (-109.5886621 37.29242,-109.5759921 37.2983644)"
15,Gate3,17,Gate5,2.511431909646589,0.0,"LINESTRING (-109.5886621 37.29242,-109.5633221 37.2983644)"
15,Gate3,18,Gate6,3.7121647940640794,0.0,"LINESTRING (-109.5886621 37.29242,-109.5506521 37.2983644)"
15,Gate3,19,Gate7,4.92363641716246,0.0,"LINESTRING (-109.5886621 37.29242,-109.5379821 37.2983644)"
15,Gate3,20,Gate8,6.112361693746038,0.0,"LINESTRING (-109.5886621 37.29242,-109.525315 37.2924244)"
15,Gate3,21,Gate9,6.139135152153121,0.0,"LINESTRING (-109.5886621 37.29242,-109.525315 37.2864844)"
15,Gate3,22,Gate10,6.2188422216832295,0.0,"LINESTRING (-109.5886621 37.29242,-109.525315 37.2805444)"
15,Gate3,23,Gate11,5.183337242252174,0.0,"LINESTRING (-109.5886621 37.29242,-109.537985 37.2746)"
15,Gate3,24,Gate12,4.050387763533422,0.0,"LINESTRING (-109.5886621 37.29242,-109.550655 37.2746)"
15,Gate3,25,Gate13,2.9888874170276245,0.0,"LINESTRING (-109.5886621 37.29242,-109.563325 37.2746)"
15,Gate3,26,Gate14,2.109598501359726,0.0,"LINESTRING (-109.5886621 37.29242,-109.575995 37.2746)"
16,Gate4,5,B1,1.5280028394310465,0.0,"LINESTRING (-109.5759921 37.2983644,-109.5697333 37.2838178)"
16,Gate4,6,B2,1.9915447361001422,0.0,"LINESTRING (-109.5759921 37.2983644,-109.560079 37.2852198)"
16,Gate4,7,B3,2.6286093884433006,0.0,"LINESTRING (-109.5759921 37.2983644,-109.5523617 37.2848091)"
16,Gate4,8,B4,3.5597296784223214,0.0,"LINESTRING (-109.5759921 37.2983644,-109.5412776 37.2858769)"
16,Gate4,9,C1,1.693009729177073,0.0,"LINESTRING (-109.5759921 37.2983644,-109.5724947 37.2811705)"
16,Gate4,10,C2,1.9574427785101705,0.0,"LINESTRING (-109.5759921 37.2983644,-109.5646803 37.2815244)"
16,Gate4,11,C3,2.599009569945683,0.0,"LINESTRING (-109.5759921 37.2983644,-109.553796 37.2831048)"
16,Gate4,12,C4,3.7109216398275437,0.0,"LINESTRING (-109.5759921 37.2983644,-109.5405438 37.2834472)"
16,Gate4,13,Gate1,2.110106661812869,0.0,"LINESTRING (-109.5759921 37.2983644,-109.5886621 37.28054)"
16,Gate4,14,Gate2,1.676172844242072,0.0,"LINESTRING (-109.5759921 37.2983644,-109.5886621 37.28648)"
16,Gate4,15,Gate3,1.350393980985463,0.0,"LINESTRING (-109.5759921 37.2983644,-109.5886621 37.29242)"
16,Gate4,16,Gate4,0.0,0.0,"LINESTRING (-109.5759921 37.2983644,-109.5759921 37.2983644)"
16,Gate4,17,Gate5,1.2225283000013671,0.0,"LINESTRING (-109.5759921 37.2983644,-109.5633221 37.2983644)"
16,Gate4,18,Gate6,2.445056599999992,0.0,"LINESTRING (-109.5759921 37.2983644,-109.5506521 37.2983644)"
16,Gate4,19,Gate7,3.667584900001359,0.0,"LINESTRING (-109.5759921 37.2983644,-109.5379821 37.2983644)"
16,Gate4,20,Gate8,4.923309058415611,0.0,"LINESTRING (-109.5759921 37.2983644,-109.525315 37.2924244)"
16,Gate4,21,Gate9,5.022397526632067,0.0,"LINESTRING (-109.5759921 37.2983644,-109.525315 37.2864844)"
16,Gate4,22,Gate10,5.183337242252401,0.0,"LINESTRING (-109.5759921 37.2983644,-109.525315 37.2805444)"
16,Gate4,23,Gate11,4.325170420158242,0.0,"LINESTRING (-109.5759921 37.2983644,-109.537985 37.2746)"
16,Gate4,24,Gate12,3.3518511482582056,0.0,"LINESTRING (-109.5759921 37.2983644,-109.550655 37.2746)"
16,Gate4,25,Gate13,2.5984349068935795,0.0,"LINESTRING (-109.5759921 37.2983644,-109.563325 37.2746)"
16,Gate4,26,Gate14,2.2930269730732116,0.0,"LINESTRING (-109.5759921 37.2983644,-109.575995 37.2746)"
17,Gate5,5,B1,1.5338741959078257,0.0,"LINESTRING (-109.5633221 37.2983644,-109.5697333 37.2838178)"
17,Gate5,6,B2,1.3063526897664954,0.0,"LINESTRING (-109.5633221 37.2983644,-109.560079 37.2852198)"
17,Gate5,7,B3,1.682020347304468,0.0,"LINESTRING (-109.5633221 37.2983644,-109.5523617 37.2848091)"
17,Gate5,8,B4,2.4446439604838153,0.0,"LINESTRING (-109.5633221 37.2983644,-109.5412776 37.2858769)"
17,Gate5,9,C1,1.8803541576483176,0.0,"LINESTRING (-109.5633221 37.2983644,-109.5724947 37.2811705)"
17,Gate5,10,C2,1.6301636746536314,0.0,"LINESTRING (-109.5633221 37.2983644,-109.5646803 37.2815244)"
17,Gate5,11,C3,1.7357530895557252,0.0,"LINESTRING (-109.5633221 37.2983644,-109.553796 37.2831048)"
17,Gate5,12,C4,2.627247124731728,0.0,"LINESTRING (-109.5633221 37.2983644,-109.5405438 37.2834472)"
17,Gate5,13,Gate1,2.989360543182504,0.0,"LINESTRING (-109.5633221 37.2983644,-109.5886621 37.28054)"
17,Gate5,14,Gate2,2.7006076606356397,0.0,"LINESTRING (-109.5633221 37.2983644,-109.5886621 37.28648)"
17,Gate5,15,Gate3,2.511431909646589,0.0,"LINESTRING (-109.5633221 37.2983644,-109.5886621 37.29242)"
17,Gate5,16,Gate4,1.2225283000013671,0.0,"LINESTRING (-109.5633221 37.2983644,-109.5759921 37.2983644)"
17,Gate5,17,Gate5,0.0,0.0,"LINESTRING (-109.5633221 37.2983644,-109.5633221 37.2983644)"
17,Gate5,18,Gate6,1.222528299998625,0.0,"LINESTRING (-109.5633221 37.2983644,-109.5506521 37.2983644)"
17,Gate5,19,Gate7,2.445056599999992,0.0,"LINESTRING (-109.5633221 37.2983644,-109.5379821 37.2983644)"
17,Gate5,20,Gate8,3.711822753411067,0.0,"LINESTRING (-109.5633221 37.2983644,-109.525315 37.2924244)"
17,Gate5,21,Gate9,3.8422822623517408,0.0,"LINESTRING (-109.5633221 37.2983644,-109.525315 37.2864844)"
17,Gate5,22,Gate10,4.050387763533713,0.0,"LINESTRING (-109.5633221 37.2983644,-109.525315 37.2805444)"
17,Gate5,23,Gate11,3.3518511482582056,0.0,"LINESTRING (-109.5633221 37.2983644,-109.537985 37.2746)"
17,Gate5,24,Gate12,2.5984349068922894,0.0,"LINESTRING (-109.5633221 37.2983644,-109.550655 37.2746)"
17,Gate5,25,Gate13,2.2930269730732116,0.0,"LINESTRING (-109.5633221 37.2983644,-109.563325 37.2746)"
17,Gate5,26,Gate14,2.5986981975073618,0.0,"LINESTRING (-109.5633221 37.2983644,-109.575995 37.2746)"
18,Gate6,5,B1,2.315145418549941,0.0,"LINESTRING (-109.5506521 37.2983644,-109.5697333 37.2838178)"
18,Gate6,6,B2,1.5607738954876218,0.0,"LINESTRING (-109.5506521 37.2983644,-109.560079 37.2852198)"
18,Gate6,7,B3,1.3183127356920223,0.0,"LINESTRING (-109.5506521 37.2983644,-109.5523617 37.2848091)"
18,Gate6,8,B4,1.506666417038865,0.0,"LINESTRING (-109.5506521 37.2983644,-109.5412776 37.2858769)"
18,Gate6,9,C1,2.682225281716528,0.0,"LINESTRING (-109.5506521 37.2983644,-109.5724947 37.2811705)"
18,Gate6,10,C2,2.1148134361640243,0.0,"LINESTRING (-109.5506521 37.2983644,-109.5646803 37.2815244)"
18,Gate6,11,C3,1.503322227515461,0.0,"LINESTRING (-109.5506521 37.2983644,-109.553796 37.2831048)"
18,Gate6,12,C4,1.7386967477095407,0.0,"LINESTRING (-109.5506521 37.2983644,-109.5405438 37.2834472)"
18,Gate6,13,Gate1,4.0508213585190465,0.0,"LINESTRING (-109.5506521 37.2983644,-109.5886621 37.28054)"
18,Gate6,14,Gate2,3.842676015250518,0.0,"LINESTRING (-109.5506521 37.2983644,-109.5886621 37.28648)"
18,Gate6,15,Gate3,3.7121647940640794,0.0,"LINESTRING (-109.5506521 37.2983644,-109.5886621 37.29242)"
18,Gate6,16,Gate4,2.445056599999992,0.0,"LINESTRING (-109.5506521 37.2983644,-109.5759921 37.2983644)"
18,Gate6,17,Gate5,1.222528299998625,0.0,"LINESTRING (-109.5506521 37.2983644,-109.5633221 37.2983644)"
18,Gate6,18,Gate6,0.0,0.0,"LINESTRING (-109.5506521 37.2983644,-109.5506521 37.2983644)"
18,Gate6,19,Gate7,1.2225283000013671,0.0,"LINESTRING (-109.5506521 37.2983644,-109.5379821 37.2983644)"
18,Gate6,20,Gate8,2.5110625459006197,0.0,"LINESTRING (-109.5506521 37.2983644,-109.525315 37.2924244)"
18,Gate6,21,Gate9,2.7001740574021516,0.0,"LINESTRING (-109.5506521 37.2983644,-109.525315 37.2864844)"
18,Gate6,22,Gate10,2.988887417028019,0.0,"LINESTRING (-109.5506521 37.2983644,-109.525315 37.2805444)"
18,Gate6,23,Gate11,2.5984349068935795,0.0,"LINESTRING (-109.5506521 37.2983644,-109.537985 37.2746)"
18,Gate6,24,Gate12,2.2930269730732116,0.0,"LINESTRING (-109.5506521 37.2983644,-109.550655 37.2746)"
18,Gate6,25,Gate13,2.5986981975060712,0.0,"LINESTRING (-109.5506521 37.2983644,-109.563325 37.2746)"
18,Gate6,26,Gate14,3.352259362401689,0.0,"LINESTRING (-109.5506521 37.2983644,-109.575995 37.2746)"
19,Gate7,5,B1,3.3698927961888563,0.8953771289537713,"LINESTRING (-109.5379821 37.2983644,-109.5697333 37.2838178)"
19,Gate7,6,B2,2.480851435337837,1.7907542579075426,"LINESTRING (-109.5379821 37.2983644,-109.560079 37.2852198)"
19,Gate7,7,B3,1.9067919073753143,1.7907542579075426,"LINESTRING (-109.5379821 37.2983644,-109.5523617 37.2848091)"
19,Gate7,8,B4,1.2461758220781967,0.8953771289537713,"LINESTRING (-109.5379821 37.2983644,-109.5412776 37.2858769)"
19,Gate7,9,C1,3.720495135621954,0.8953771289537713,"LINESTRING (-109.5379821 37.2983644,-109.5724947 37.2811705)"
19,Gate7,10,C2,3.0457493367000392,1.7907542579075426,"LINESTRING (-109.5379821 37.2983644,-109.5646803 37.2815244)"
19,Gate7,11,C3,2.120440411844972,0.8953771289537713,"LINESTRING (-109.5379821 37.2983644,-109.553796 37.2831048)"
19,Gate7,12,C4,1.4604301404643591,0.8953771289537713,"LINESTRING (-109.5379821 37.2983644,-109.5405438 37.2834472)"
19,Gate7,13,Gate1,5.1837420642576015,0.0,"LINESTRING (-109.5379821 37.2983644,-109.5886621 37.28054)"
19,Gate7,14,Gate2,5.022766873775964,0.0,"LINESTRING (-109.5379821 37.2983644,-109.5886621 37.28648)"
19,Gate7,15,Gate3,4.92363641716246,0.0,"LINESTRING (-109.5379821 37.2983644,-109.5886621 37.29242)"
19,Gate7,16,Gate4,3.667584900001359,0.0,"LINESTRING (-109.5379821 37.2983644,-109.5759921 37.2983644)"
19,Gate7,17,Gate5,2.445056599999992,0.0,"LINESTRING (-109.5379821 37.2983644,-109.5633221 37.2983644)"
19,Gate7,18,Gate6,1.2225283000013671,0.0,"LINESTRING (-109.5379821 37.2983644,-109.5506521 37.2983644)"
19,Gate7,19,Gate7,0.0,0.0,"LINESTRING (-109.5379821 37.2983644,-109.5379821 37.2983644)"
19,Gate7,20,Gate8,1.3499603530096875,0.0,"LINESTRING (-109.5379821 37.2983644,-109.525315 37.2924244)"
19,Gate7,21,Gate9,1.6756783061019604,0.8953771289537713,"LINESTRING (-109.5379821 37.2983644,-109.525315 37.2864844)"
19,Gate7,22,Gate10,2.109598501360285,0.0,"LINESTRING (-109.5379821 37.2983644,-109.525315 37.2805444)"
19,Gate7,23,Gate11,2.2930269730732116,0.0,"LINESTRING (-109.5379821 37.2983644,-109.537985 37.2746)"
19,Gate7,24,Gate12,2.5986981975073618,0.0,"LINESTRING (-109.5379821 37.2983644,-109.550655 37.2746)"
19,Gate7,25,Gate13,3.352259362401689,0.0,"LINESTRING (-109.5379821 37.2983644,-109.563325 37.2746)"
19,Gate7,26,Gate14,4.325644949889753,0.0,"LINESTRING (-109.5379821 37.2983644,-109.575995 37.2746)"
20,Gate8,5,B1,4.365634658047158,0.0,"LINESTRING (-109.525315 37.2924244,-109.5697333 37.2838178)"
20,Gate8,6,B2,3.425657735089056,0.0,"LINESTRING (-109.525315 37.2924244,-109.560079 37.2852198)"
20,Gate8,7,B3,2.711207796829904,0.0,"LINESTRING (-109.525315 37.2924244,-109.5523617 37.2848091)"
20,Gate8,8,B4,1.6647671388702336,0.0,"LINESTRING (-109.525315 37.2924244,-109.5412776 37.2858769)"
20,Gate8,9,C1,4.680083999693665,0.0,"LINESTRING (-109.525315 37.2924244,-109.5724947 37.2811705)"
20,Gate8,10,C2,3.941276243125541,0.0,"LINESTRING (-109.525315 37.2924244,-109.5646803 37.2815244)"
20,Gate8,11,C3,2.8915152771372337,0.0,"LINESTRING (-109.525315 37.2924244,-109.553796 37.2831048)"
20,Gate8,12,C4,1.7057359884574859,0.0,"LINESTRING (-109.525315 37.2924244,-109.5405438 37.2834472)"
20,Gate8,13,Gate1,6.2189987340728585,0.0,"LINESTRING (-109.525315 37.2924244,-109.5886621 37.28054)"
20,Gate8,14,Gate2,6.139214424867975,0.0,"LINESTRING (-109.525315 37.2924244,-109.5886621 37.28648)"
20,Gate8,15,Gate3,6.112361693746038,0.0,"LINESTRING (-109.525315 37.2924244,-109.5886621 37.29242)"
20,Gate8,16,Gate4,4.923309058415611,0.0,"LINESTRING (-109.525315 37.2924244,-109.5759921 37.2983644)"
20,Gate8,17,Gate5,3.711822753411067,0.0,"LINESTRING (-109.525315 37.2924244,-109.5633221 37.2983644)"
20,Gate8,18,Gate6,2.5110625459006197,0.0,"LINESTRING (-109.525315 37.2924244,-109.5506521 37.2983644)"
20,Gate8,19,Gate7,1.3499603530096875,0.0,"LINESTRING (-109.525315 37.2924244,-109.5379821 37.2983644)"
20,Gate8,20,Gate8,0.0,0.0,"LINESTRING (-109.525315 37.2924244,-109.525315 37.2924244)"
20,Gate8,21,Gate9,0.5731506000009267,0.0,"LINESTRING (-109.525315 37.2924244,-109.525315 37.2864844)"
20,Gate8,22,Gate10,1.1463012000004822,0.0,"LINESTRING (-109.525315 37.2924244,-109.525315 37.2805444)"
20,Gate8,23,Gate11,2.110106661813427,0.0,"LINESTRING (-109.525315 37.2924244,-109.537985 37.2746)"
20,Gate8,24,Gate12,2.9893605431828982,0.0,"LINESTRING (-109.525315 37.2924244,-109.550655 37.2746)"
20,Gate8,25,Gate13,4.050821358519337,0.0,"LINESTRING (-109.525315 37.2924244,-109.563325 37.2746)"
20,Gate8,26,Gate14,5.18374206425783,0.0,"LINESTRING (-109.525315 37.2924244,-109.575995 37.2746)"
21,Gate9,5,B1,4.293637888853344,0.8953771289537713,"LINESTRING (-109.525315 37.2864844,-109.5697333 37.2838178)"
21,Gate9,6,B2,3.3565993152257443,1.7907542579075426,"LINESTRING (-109.525315 37.2864844,-109.560079 37.2852198)"
21,Gate9,7,B3,2.614736330036508,1.7907542579075426,"LINESTRING (-109.525315 37.2864844,-109.5523617 37.2848091)"
21,Gate9,8,B4,1.5413464811189628,0.8953771289537713,"LINESTRING (-109.525315 37.2864844,-109.5412776 37.2858769)"
21,Gate9,9,C1,4.58115017737191,0.8953771289537713,"LINESTRING (-109.525315 37.2864844,-109.5724947 37.2811705)"
21,Gate9,10,C2,3.828387755282709,1.7907542579075426,"LINESTRING (-109.525315 37.2864844,-109.5646803 37.2815244)"
21,Gate9,11,C3,2.7674092964556216,0.8953771289537713,"LINESTRING (-109.525315 37.2864844,-109.553796 37.2831048)"
21,Gate9,12,C4,1.4983655355252898,0.8953771289537713,"LINESTRING (-109.525315 37.2864844,-109.5405438 37.2834472)"
21,Gate9,13,Gate1,6.1392144248678475,0.0,"LINESTRING (-109.525315 37.2864844,-109.5886621 37.28054)"
21,Gate9,14,Gate2,6.112361693746038,0.0,"LINESTRING (-109.525315 37.2864844,-109.5886621 37.28648)"
21,Gate9,15,Gate3,6.139135152153121,0.0,"LINESTRING (-109.525315 37.2864844,-109.5886621 37.29242)"
21,Gate9,16,Gate4,5.022397526632067,0.0,"LINESTRING (-109.525315 37.2864844,-109.5759921 37.2983644)"
21,Gate9,17,Gate5,3.8422822623517408,0.0,"LINESTRING (-109.525315 37.2864844,-109.5633221 37.2983644)"
21,Gate9,18,Gate6,2.7001740574021516,0.0,"LINESTRING (-109.525315 37.2864844,-109.5506521 37.2983644)"
21,Gate9,19,Gate7,1.6756783061019604,0.8953771289537713,"LINESTRING (-109.525315 37.2864844,-109.5379821 37.2983644)"
21,Gate9,20,Gate8,0.5731506000009267,0.0,"LINESTRING (-109.525315 37.2864844,-109.525315 37.2924244)"
21,Gate9,21,Gate9,0.0,0.0,"LINESTRING (-109.525315 37.2864844,-109.525315 37.2864844)"
21,Gate9,22,Gate10,0.5731505999995555,0.0,"LINESTRING (-109.525315 37.2864844,-109.525315 37.2805444)"
21,Gate9,23,Gate11,1.6761728442416028,0.0,"LINESTRING (-109.525315 37.2864844,-109.537985 37.2746)"
21,Gate9,24,Gate12,2.700607660635349,0.0,"LINESTRING (-109.525315 37.2864844,-109.550655 37.2746)"
21,Gate9,25,Gate13,3.8426760152503134,0.0,"LINESTRING (-109.525315 37.2864844,-109.563325 37.2746)"
21,Gate9,26,Gate14,5.022766873775808,0.0,"LINESTRING (-109.525315 37.2864844,-109.575995 37.2746)"
22,Gate10,5,B1,4.297544635511474,0.0,"LINESTRING (-109.525315 37.2805444,-109.5697333 37.2838178)"
22,Gate10,6,B2,3.3845812486235274,0.0,"LINESTRING (-109.525315 37.2805444,-109.560079 37.2852198)"
22,Gate10,7,B3,2.64197798139879,0.0,"LINESTRING (-109.525315 37.2805444,-109.5523617 37.2848091)"
22,Gate10,8,B4,1.623900102720259,0.0,"LINESTRING (-109.525315 37.2805444,-109.5412776 37.2858769)"
22,Gate10,9,C1,4.552767386067884,0.0,"LINESTRING (-109.525315 37.2805444,-109.5724947 37.2811705)"
22,Gate10,10,C2,3.7995329193907463,0.0,"LINESTRING (-109.525315 37.2805444,-109.5646803 37.2815244)"
22,Gate10,11,C3,2.7592120344152877,0.0,"LINESTRING (-109.525315 37.2805444,-109.553796 37.2831048)"
22,Gate10,12,C4,1.495883188736011,0.0,"LINESTRING (-109.525315 37.2805444,-109.5405438 37.2834472)"
22,Gate10,13,Gate1,6.112361693746038,0.0,"LINESTRING (-109.525315 37.2805444,-109.5886621 37.28054)"
22,Gate10,14,Gate2,6.139135152153121,0.0,"LINESTRING (-109.525315 37.2805444,-109.5886621 37.28648)"
22,Gate10,15,Gate3,6.2188422216832295,0.0,"LINESTRING (-109.525315 37.2805444,-109.5886621 37.29242)"
22,Gate10,16,Gate4,5.183337242252401,0.0,"LINESTRING (-109.525315 37.2805444,-109.5759921 37.2983644)"
22,Gate10,17,Gate5,4.050387763533713,0.0,"LINESTRING (-109.525315 37.2805444,-109.5633221 37.2983644)"
22,Gate10,18,Gate6,2.988887417028019,0.0,"LINESTRING (-109.525315 37.2805444,-109.5506521 37.2983644)"
22,Gate10,19,Gate7,2.109598501360285,0.0,"LINESTRING (-109.525315 37.2805444,-109.5379821 37.2983644)"
22,Gate10,20,Gate8,1.1463012000004822,0.0,"LINESTRING (-109.525315 37.2805444,-109.525315 37.2924244)"
22,Gate10,21,Gate9,0.5731505999995555,0.0,"LINESTRING (-109.525315 37.2805444,-109.525315 37.2864844)"
22,Gate10,22,Gate10,0.0,0.0,"LINESTRING (-109.525315 37.2805444,-109.525315 37.2805444)"
22,Gate10,23,Gate11,1.350393980985172,0.0,"LINESTRING (-109.525315 37.2805444,-109.537985 37.2746)"
22,Gate10,24,Gate12,2.5114319096464324,0.0,"LINESTRING (-109.525315 37.2805444,-109.550655 37.2746)"
22,Gate10,25,Gate13,3.7121647940639737,0.0,"LINESTRING (-109.525315 37.2805444,-109.563325 37.2746)"
22,Gate10,26,Gate14,4.923636417162379,0.0,"LINESTRING (-109.525315 37.2805444,-109.575995 37.2746)"
23,Gate11,5,B1,3.1899006058081905,0.0,"LINESTRING (-109.537985 37.2746,-109.5697333 37.2838178)"
23,Gate11,6,B2,2.365337021133497,0.0,"LINESTRING (-109.537985 37.2746,-109.560079 37.2852198)"
23,Gate11,7,B3,1.7013862268884878,0.0,"LINESTRING (-109.537985 37.2746,-109.5523617 37.2848091)"
23,Gate11,8,B4,1.1335360058221442,0.0,"LINESTRING (-109.537985 37.2746,-109.5412776 37.2858769)"
23,Gate11,9,C1,3.3896560095660195,0.0,"LINESTRING (-109.537985 37.2746,-109.5724947 37.2811705)"
23,Gate11,10,C2,2.6610709327631223,0.0,"LINESTRING (-109.537985 37.2746,-109.5646803 37.2815244)"
23,Gate11,11,C3,1.7323080566807667,0.0,"LINESTRING (-109.537985 37.2746,-109.553796 37.2831048)"
23,Gate11,12,C4,0.8886535456342698,0.0,"LINESTRING (-109.537985 37.2746,-109.5405438 37.2834472)"
23,Gate11,13,Gate1,4.923309058415691,0.0,"LINESTRING (-109.537985 37.2746,-109.5886621 37.28054)"
23,Gate11,14,Gate2,5.02239752663191,0.0,"LINESTRING (-109.537985 37.2746,-109.5886621 37.28648)"
23,Gate11,15,Gate3,5.183337242252174,0.0,"LINESTRING (-109.537985 37.2746,-109.5886621 37.29242)"
23,Gate11,16,Gate4,4.325170420158242,0.0,"LINESTRING (-109.537985 37.2746,-109.5759921 37.2983644)"
23,Gate11,17,Gate5,3.3518511482582056,0.0,"LINESTRING (-109.537985 37.2746,-109.5633221 37.2983644)"
23,Gate11,18,Gate6,2.5984349068935795,0.0,"LINESTRING (-109.537985 37.2746,-109.5506521 37.2983644)"
23,Gate11,19,Gate7,2.2930269730732116,0.0,"LINESTRING (-109.537985 37.2746,-109.5379821 37.2983644)"
23,Gate11,20,Gate8,2.110106661813427,0.0,"LINESTRING (-109.537985 37.2746,-109.525315 37.2924244)"
23,Gate11,21,Gate9,1.6761728442416028,0.0,"LINESTRING (-109.537985 37.2746,-109.525315 37.2864844)"
23,Gate11,22,Gate10,1.350393980985172,0.0,"LINESTRING (-109.537985 37.2746,-109.525315 37.2805444)"
23,Gate11,23,Gate11,0.0,0.0,"LINESTRING (-109.537985 37.2746,-109.537985 37.2746)"
23,Gate11,24,Gate12,1.2225283000013671,0.0,"LINESTRING (-109.537985 37.2746,-109.550655 37.2746)"
23,Gate11,25,Gate13,2.445056599999992,0.0,"LINESTRING (-109.537985 37.2746,-109.563325 37.2746)"
23,Gate11,26,Gate14,3.667584900001359,0.0,"LINESTRING (-109.537985 37.2746,-109.575995 37.2746)"
24,Gate12,5,B1,2.0444732584079404,0.0,"LINESTRING (-109.550655 37.2746,-109.5697333 37.2838178)"
24,Gate12,6,B2,1.3699980694676073,0.0,"LINESTRING (-109.550655 37.2746,-109.560079 37.2852198)"
24,Gate12,7,B3,0.9987453941241095,0.0,"LINESTRING (-109.550655 37.2746,-109.5523617 37.2848091)"
24,Gate12,8,B4,1.4151599087658489,0.0,"LINESTRING (-109.550655 37.2746,-109.5412776 37.2858769)"
24,Gate12,9,C1,2.2006136528391798,0.0,"LINESTRING (-109.550655 37.2746,-109.5724947 37.2811705)"
24,Gate12,10,C2,1.5092480031957756,0.0,"LINESTRING (-109.550655 37.2746,-109.5646803 37.2815244)"
24,Gate12,11,C3,0.8748060133425869,0.0,"LINESTRING (-109.550655 37.2746,-109.553796 37.2831048)"
24,Gate12,12,C4,1.2963793764441909,0.0,"LINESTRING (-109.550655 37.2746,-109.5405438 37.2834472)"
24,Gate12,13,Gate1,3.7118227534111727,0.0,"LINESTRING (-109.550655 37.2746,-109.5886621 37.28054)"
24,Gate12,14,Gate2,3.842282262351536,0.0,"LINESTRING (-109.550655 37.2746,-109.5886621 37.28648)"
24,Gate12,15,Gate3,4.050387763533422,0.0,"LINESTRING (-109.550655 37.2746,-109.5886621 37.29242)"
24,Gate12,16,Gate4,3.3518511482582056,0.0,"LINESTRING (-109.550655 37.2746,-109.5759921 37.2983644)"
24,Gate12,17,Gate5,2.5984349068922894,0.0,"LINESTRING (-109.550655 37.2746,-109.5633221 37.2983644)"
24,Gate12,18,Gate6,2.2930269730732116,0.0,"LINESTRING (-109.550655 37.2746,-109.5506521 37.2983644)"
24,Gate12,19,Gate7,2.5986981975073618,0.0,"LINESTRING (-109.550655 37.2746,-109.5379821 37.2983644)"
24,Gate12,20,Gate8,2.9893605431828982,0.0,"LINESTRING (-109.550655 37.2746,-109.525315 37.2924244)"
24,Gate12,21,Gate9,2.700607660635349,0.0,"LINESTRING (-109.550655 37.2746,-109.525315 37.2864844)"
24,Gate12,22,Gate10,2.5114319096464324,0.0,"LINESTRING (-109.550655 37.2746,-109.525315 37.2805444)"
24,Gate12,23,Gate11,1.2225283000013671,0.0,"LINESTRING (-109.550655 37.2746,-109.537985 37.2746)"
24,Gate12,24,Gate12,0.0,0.0,"LINESTRING (-109.550655 37.2746,-109.550655 37.2746)"
24,Gate12,25,Gate13,1.222528299998625,0.0,"LINESTRING (-109.550655 37.2746,-109.563325 37.2746)"
24,Gate12,26,Gate14,2.445056599999992,0.0,"LINESTRING (-109.550655 37.2746,-109.575995 37.2746)"
25,Gate13,5,B1,1.083248273650486,0.0,"LINESTRING (-109.563325 37.2746,-109.5697333 37.2838178)"
25,Gate13,6,B2,1.0715041230681308,0.0,"LINESTRING (-109.563325 37.2746,-109.560079 37.2852198)"
25,Gate13,7,B3,1.4454827982805827,0.0,"LINESTRING (-109.563325 37.2746,-109.5523617 37.2848091)"
25,Gate13,8,B4,2.389477379440515,0.0,"LINESTRING (-109.563325 37.2746,-109.5412776 37.2858769)"
25,Gate13,9,C1,1.0884778011290281,0.0,"LINESTRING (-109.563325 37.2746,-109.5724947 37.2811705)"
25,Gate13,10,C2,0.6808167519334855,0.0,"LINESTRING (-109.563325 37.2746,-109.5646803 37.2815244)"
25,Gate13,11,C3,1.2324085391310098,0.0,"LINESTRING (-109.563325 37.2746,-109.553796 37.2831048)"
25,Gate13,12,C4,2.3581019358305335,0.0,"LINESTRING (-109.563325 37.2746,-109.5405438 37.2834472)"
25,Gate13,13,Gate1,2.5110625459007765,0.0,"LINESTRING (-109.563325 37.2746,-109.5886621 37.28054)"
25,Gate13,14,Gate2,2.7001740574018607,0.0,"LINESTRING (-109.563325 37.2746,-109.5886621 37.28648)"
25,Gate13,15,Gate3,2.9888874170276245,0.0,"LINESTRING (-109.563325 37.2746,-109.5886621 37.29242)"
25,Gate13,16,Gate4,2.5984349068935795,0.0,"LINESTRING (-109.563325 37.2746,-109.5759921 37.2983644)"
25,Gate13,17,Gate5,2.2930269730732116,0.0,"LINESTRING (-109.563325 37.2746,-109.5633221 37.2983644)"
25,Gate13,18,Gate6,2.5986981975060712,0.0,"LINESTRING (-109.563325 37.2746,-109.5506521 37.2983644)"
25,Gate13,19,Gate7,3.352259362401689,0.0,"LINESTRING (-109.563325 37.2746,-109.5379821 37.2983644)"
25,Gate13,20,Gate8,4.050821358519337,0.0,"LINESTRING (-109.563325 37.2746,-109.525315 37.2924244)"
25,Gate13,21,Gate9,3.8426760152503134,0.0,"LINESTRING (-109.563325 37.2746,-109.525315 37.2864844)"
25,Gate13,22,Gate10,3.7121647940639737,0.0,"LINESTRING (-109.563325 37.2746,-109.525315 37.2805444)"
25,Gate13,23,Gate11,2.445056599999992,0.0,"LINESTRING (-109.563325 37.2746,-109.537985 37.2746)"
25,Gate13,24,Gate12,1.222528299998625,0.0,"LINESTRING (-109.563325 37.2746,-109.550655 37.2746)"
25,Gate13,25,Gate13,0.0,0.0,"LINESTRING (-109.563325 37.2746,-109.563325 37.2746)"
25,Gate13,26,Gate14,1.2225283000013671,0.0,"LINESTRING (-109.563325 37.2746,-109.575995 37.2746)"
26,Gate14,5,B1,1.0752365455966904,0.0,"LINESTRING (-109.575995 37.2746,-109.5697333 37.2838178)"
26,Gate14,6,B2,1.84621189189175,0.0,"LINESTRING (-109.575995 37.2746,-109.560079 37.2852198)"
26,Gate14,7,B3,2.484049026604259,0.0,"LINESTRING (-109.575995 37.2746,-109.5523617 37.2848091)"
26,Gate14,8,B4,3.5221694472229865,0.0,"LINESTRING (-109.575995 37.2746,-109.5412776 37.2858769)"
26,Gate14,9,C1,0.7183441282812011,0.0,"LINESTRING (-109.575995 37.2746,-109.5724947 37.2811705)"
26,Gate14,10,C2,1.2799782235948896,0.0,"LINESTRING (-109.575995 37.2746,-109.5646803 37.2815244)"
26,Gate14,11,C3,2.293801853315258,0.0,"LINESTRING (-109.575995 37.2746,-109.553796 37.2831048)"
26,Gate14,12,C4,3.5255979465162226,0.0,"LINESTRING (-109.575995 37.2746,-109.5405438 37.2834472)"
26,Gate14,13,Gate1,1.3499603530099786,0.0,"LINESTRING (-109.575995 37.2746,-109.5886621 37.28054)"
26,Gate14,14,Gate2,1.6756783061014913,0.0,"LINESTRING (-109.575995 37.2746,-109.5886621 37.28648)"
26,Gate14,15,Gate3,2.109598501359726,0.0,"LINESTRING (-109.575995 37.2746,-109.5886621 37.29242)"
26,Gate14,16,Gate4,2.2930269730732116,0.0,"LINESTRING (-109.575995 37.2746,-109.5759921 37.2983644)"
26,Gate14,17,Gate5,2.5986981975073618,0.0,"LINESTRING (-109.575995 37.2746,-109.5633221 37.2983644)"
26,Gate14,18,Gate6,3.352259362401689,0.0,"LINESTRING (-109.575995 37.2746,-109.5506521 37.2983644)"
26,Gate14,19,Gate7,4.325644949889753,0.0,"LINESTRING (-109.575995 37.2746,-109.5379821 37.2983644)"
26,Gate14,20,Gate8,5.18374206425783,0.0,"LINESTRING (-109.575995 37.2746,-109.525315 37.2924244)"
26,Gate14,21,Gate9,5.022766873775808,0.0,"LINESTRING (-109.575995 37.2746,-109.525315 37.2864844)"
26,Gate14,22,Gate10,4.923636417162379,0.0,"LINESTRING (-109.575995 37.2746,-109.525315 37.2805444)"
26,Gate14,23,Gate11,3.667584900001359,0.0,"LINESTRING (-109.575995 37.2746,-109.537985 37.2746)"
26,Gate14,24,Gate12,2.445056599999992,0.0,"LINESTRING (-109.575995 37.2746,-109.550655 37.2746)"
26,Gate14,25,Gate13,1.2225283000013671,0.0,"LINESTRING (-109.575995 37.2746,-109.563325 37.2746)"
26,Gate14,26,Gate14,0.0,0.0,"LINESTRING (-109.575995 37.2746,-109.575995 37.2746)"
