agent_id,agent_type,o_node_id,d_node_id,o_osm_node_id,d_osm_node_id,o_zone_id,d_zone_id,geometry,departure_time
1,v,150,169,,,5,6,"LINESTRING(-109.5697317 37.2838803,-109.5573399 37.2838146)",0726
2,v,163,165,,,5,7,"LINESTRING(-109.5697349 37.2837554,-109.5565946 37.2854171)",0708
3,v,163,180,,,5,8,"LINESTRING(-109.5697349 37.2837554,-109.5419113 37.287715)",0744
4,v,150,20,,83629534.0,5,9,"LINESTRING(-109.5697317 37.2838803,-109.571338 37.282287)",0751
5,v,163,51,,83734493.0,5,10,"LINESTRING(-109.5697349 37.2837554,-109.5681977 37.2815162)",0740
6,v,150,187,,,5,11,"LINESTRING(-109.5697317 37.2838803,-109.5563003 37.2823813)",0758
7,v,163,191,,,5,12,"LINESTRING(-109.5697349 37.2837554,-109.5405438 37.2834472)",0708
8,v,150,142,,,5,19,"LINESTRING(-109.5697317 37.2838803,-109.5376123 37.2955)",0707
9,v,150,137,,,5,21,"LINESTRING(-109.5697317 37.2838803,-109.5306 37.2846293)",0717
10,v,58,150,83741039.0,,6,5,"LINESTRING(-109.5669459 37.283577,-109.5697317 37.2838803)",0756
11,v,88,155,1331799412.0,,6,7,"LINESTRING(-109.5570964 37.289252,-109.552491 37.2840426)",0707
12,v,222,242,,,6,7,"LINESTRING(-109.5579112 37.2852333,-109.554981 37.283765)",0721
13,v,214,167,,,6,7,"LINESTRING(-109.5591086 37.2851679,-109.552902 37.2841229)",0712
14,v,164,217,,,6,7,"LINESTRING(-109.5583507 37.2871624,-109.5522611 37.2840106)",0740
15,v,192,194,,,6,7,"LINESTRING(-109.5595412 37.2848753,-109.5533619 37.2837946)",0739
16,v,174,226,,,6,7,"LINESTRING(-109.568227 37.2839252,-109.5533622 37.2838591)",0723
17,v,220,167,,,6,7,"LINESTRING(-109.5574885 37.2837023,-109.552902 37.2841229)",0711
18,v,5,188,83614583.0,,6,7,"LINESTRING(-109.5588703 37.2854701,-109.5473324 37.2872509)",0751
19,v,168,105,,3634636956.0,6,7,"LINESTRING(-109.5580456 37.2839477,-109.5534637 37.2877532)",0744
20,v,81,233,1030045659.0,,6,7,"LINESTRING(-109.5652556 37.2883349,-109.5530985 37.2841156)",0704
21,v,81,248,1030045659.0,,6,7,"LINESTRING(-109.5652556 37.2883349,-109.5526718 37.283743)",0755
22,v,6,215,83614585.0,,6,7,"LINESTRING(-109.5600255 37.285309,-109.5568614 37.2854049)",0716
23,v,177,176,,,6,7,"LINESTRING(-109.5599343 37.2857083,-109.5448831 37.2860932)",0751
24,v,17,159,83629512.0,,6,7,"LINESTRING(-109.5684056 37.2837785,-109.5532719 37.2841136)",0734
25,v,154,194,,,6,7,"LINESTRING(-109.5601268 37.2856711,-109.5533619 37.2837946)",0752
26,v,152,37,,83713259.0,6,7,"LINESTRING(-109.5574927 37.28401,-109.5536859 37.285694)",0703
27,v,214,179,,,6,7,"LINESTRING(-109.5591086 37.2851679,-109.5528572 37.2835536)",0708
28,v,175,178,,,6,7,"LINESTRING(-109.5598115 37.2846327,-109.5540142 37.2838359)",0742
29,v,205,196,,,6,7,"LINESTRING(-109.55757 37.2852757,-109.5522161 37.2841824)",0728
30,v,164,200,,,6,7,"LINESTRING(-109.5583507 37.2871624,-109.5455735 37.2862272)",0740
31,v,168,232,,,6,7,"LINESTRING(-109.5580456 37.2839477,-109.5539955 37.284703)",0735
32,v,152,8,,83614591.0,6,7,"LINESTRING(-109.5574927 37.28401,-109.5520641 37.2869207)",0721
33,v,38,224,83713699.0,,6,7,"LINESTRING(-109.5571039 37.2856194,-109.5469595 37.2869372)",0733
34,v,5,248,83614583.0,,6,7,"LINESTRING(-109.5588703 37.2854701,-109.5526718 37.283743)",0735
35,v,225,7,,83614587.0,6,7,"LINESTRING(-109.5580194 37.2840724,-109.5519768 37.285719)",0742
36,v,214,43,,83721554.0,6,7,"LINESTRING(-109.5591086 37.2851679,-109.5553221 37.2856512)",0712
37,v,75,37,1029987721.0,83713259.0,6,7,"LINESTRING(-109.5584587 37.2862383,-109.5536859 37.285694)",0728
38,v,6,230,83614585.0,,6,7,"LINESTRING(-109.5600255 37.285309,-109.5526164 37.284149)",0754
39,v,168,153,,,6,7,"LINESTRING(-109.5580456 37.2839477,-109.5511544 37.2837281)",0727
40,v,154,194,,,6,7,"LINESTRING(-109.5601268 37.2856711,-109.5533619 37.2837946)",0708
41,v,58,172,83741039.0,,6,7,"LINESTRING(-109.5669459 37.283577,-109.5524528 37.283771)",0733
42,v,205,155,,,6,7,"LINESTRING(-109.55757 37.2852757,-109.552491 37.2840426)",0725
43,v,154,216,,,6,7,"LINESTRING(-109.5601268 37.2856711,-109.5451576 37.2862233)",0716
44,v,39,8,83713704.0,83614591.0,6,7,"LINESTRING(-109.5597279 37.2859293,-109.5520641 37.2869207)",0719
45,v,205,248,,,6,7,"LINESTRING(-109.55757 37.2852757,-109.5526718 37.283743)",0745
46,v,164,159,,,6,7,"LINESTRING(-109.5583507 37.2871624,-109.5532719 37.2841136)",0744
47,v,220,155,,,6,7,"LINESTRING(-109.5574885 37.2837023,-109.552491 37.2840426)",0743
48,v,225,155,,,6,7,"LINESTRING(-109.5580194 37.2840724,-109.552491 37.2840426)",0752
49,v,218,37,,83713259.0,6,7,"LINESTRING(-109.5657039 37.2839058,-109.5536859 37.285694)",0704
50,v,4,110,83614581.0,3643520175.0,6,7,"LINESTRING(-109.5583982 37.285596,-109.5519498 37.284387)",0737
51,v,218,221,,,6,7,"LINESTRING(-109.5657039 37.2839058,-109.5528575 37.2836181)",0749
52,v,181,153,,,6,7,"LINESTRING(-109.5606232 37.2865589,-109.5511544 37.2837281)",0719
53,v,181,43,,83721554.0,6,7,"LINESTRING(-109.5606232 37.2865589,-109.5553221 37.2856512)",0746
54,v,88,226,1331799412.0,,6,7,"LINESTRING(-109.5570964 37.289252,-109.5533622 37.2838591)",0759
55,v,4,180,83614581.0,,6,8,"LINESTRING(-109.5583982 37.285596,-109.5419113 37.287715)",0750
56,v,250,227,,,6,8,"LINESTRING(-109.5594386 37.2851491,-109.5406439 37.2840387)",0728
57,v,181,180,,,6,8,"LINESTRING(-109.5606232 37.2865589,-109.5419113 37.287715)",0742
58,v,192,55,,83737775.0,6,9,"LINESTRING(-109.5595412 37.2848753,-109.5697171 37.2814331)",0735
59,v,225,14,,83629496.0,6,9,"LINESTRING(-109.5580194 37.2840724,-109.5698717 37.2831853)",0712
60,v,207,166,,,6,9,"LINESTRING(-109.5692496 37.2838117,-109.571447 37.2801683)",0722
61,v,4,19,83614581.0,83629532.0,6,9,"LINESTRING(-109.5583982 37.285596,-109.5698132 37.2823862)",0722
62,v,177,54,,83737769.0,6,9,"LINESTRING(-109.5599343 37.2857083,-109.571271 37.2813213)",0747
63,v,152,79,,1030019391.0,6,9,"LINESTRING(-109.5574927 37.28401,-109.5779966 37.2831107)",0759
64,v,214,70,,83771326.0,6,9,"LINESTRING(-109.5591086 37.2851679,-109.5711227 37.28038)",0749
65,v,152,19,,83629532.0,6,9,"LINESTRING(-109.5574927 37.28401,-109.5698132 37.2823862)",0709
66,v,214,15,,83629497.0,6,9,"LINESTRING(-109.5591086 37.2851679,-109.5713788 37.2830515)",0724
67,v,249,20,,83629534.0,6,9,"LINESTRING(-109.5598269 37.2868968,-109.571338 37.282287)",0720
68,v,218,19,,83629532.0,6,9,"LINESTRING(-109.5657039 37.2839058,-109.5698132 37.2823862)",0747
69,v,75,189,1029987721.0,,6,9,"LINESTRING(-109.5584587 37.2862383,-109.577207 37.278781)",0712
70,v,164,70,,83771326.0,6,9,"LINESTRING(-109.5583507 37.2871624,-109.5711227 37.28038)",0750
71,v,175,71,,83771332.0,6,9,"LINESTRING(-109.5598115 37.2846327,-109.5722736 37.2803191)",0713
72,v,23,235,83651071.0,,6,9,"LINESTRING(-109.5591938 37.2857107,-109.5723038 37.2805366)",0756
73,v,88,19,1331799412.0,83629532.0,6,9,"LINESTRING(-109.5570964 37.289252,-109.5698132 37.2823862)",0708
74,v,252,55,,83737775.0,6,9,"LINESTRING(-109.5591611 37.284811,-109.5697171 37.2814331)",0743
75,v,81,15,1030045659.0,83629497.0,6,9,"LINESTRING(-109.5652556 37.2883349,-109.5713788 37.2830515)",0748
76,v,220,20,,83629534.0,6,9,"LINESTRING(-109.5574885 37.2837023,-109.571338 37.282287)",0726
77,v,192,189,,,6,9,"LINESTRING(-109.5595412 37.2848753,-109.577207 37.278781)",0728
78,v,218,166,,,6,9,"LINESTRING(-109.5657039 37.2839058,-109.571447 37.2801683)",0738
79,v,152,20,,83629534.0,6,9,"LINESTRING(-109.5574927 37.28401,-109.571338 37.282287)",0712
80,v,23,166,83651071.0,,6,9,"LINESTRING(-109.5591938 37.2857107,-109.571447 37.2801683)",0708
81,v,168,79,,1030019391.0,6,9,"LINESTRING(-109.5580456 37.2839477,-109.5779966 37.2831107)",0711
82,v,164,54,,83737769.0,6,9,"LINESTRING(-109.5583507 37.2871624,-109.571271 37.2813213)",0751
83,v,164,79,,1030019391.0,6,9,"LINESTRING(-109.5583507 37.2871624,-109.5779966 37.2831107)",0743
84,v,207,71,,83771332.0,6,9,"LINESTRING(-109.5692496 37.2838117,-109.5722736 37.2803191)",0709
85,v,222,79,,1030019391.0,6,9,"LINESTRING(-109.5579112 37.2852333,-109.5779966 37.2831107)",0755
86,v,218,71,,83771332.0,6,9,"LINESTRING(-109.5657039 37.2839058,-109.5722736 37.2803191)",0703
87,v,202,55,,83737775.0,6,9,"LINESTRING(-109.5573064 37.2837054,-109.5697171 37.2814331)",0728
88,v,250,71,,83771332.0,6,9,"LINESTRING(-109.5594386 37.2851491,-109.5722736 37.2803191)",0723
89,v,81,170,1030045659.0,,6,9,"LINESTRING(-109.5652556 37.2883349,-109.5766547 37.2793442)",0720
90,v,181,243,,,6,10,"LINESTRING(-109.5606232 37.2865589,-109.5593795 37.2823991)",0739
91,v,222,45,,83726606.0,6,10,"LINESTRING(-109.5579112 37.2852333,-109.5664269 37.2783889)",0738
92,v,222,193,,,6,10,"LINESTRING(-109.5579112 37.2852333,-109.5596213 37.2834062)",0715
93,v,192,160,,,6,10,"LINESTRING(-109.5595412 37.2848753,-109.567071 37.282368)",0738
94,v,223,211,,,6,10,"LINESTRING(-109.560508 37.2867291,-109.5647891 37.2813594)",0754
95,v,154,213,,,6,10,"LINESTRING(-109.5601268 37.2856711,-109.5589658 37.282752)",0748
96,v,81,31,1030045659.0,83709098.0,6,10,"LINESTRING(-109.5652556 37.2883349,-109.5679571 37.2790142)",0736
97,v,177,160,,,6,10,"LINESTRING(-109.5599343 37.2857083,-109.567071 37.282368)",0718
98,v,88,173,1331799412.0,,6,10,"LINESTRING(-109.5570964 37.289252,-109.5570134 37.2826692)",0750
99,v,205,158,,,6,10,"LINESTRING(-109.55757 37.2852757,-109.5573324 37.2833148)",0721
100,v,214,237,,,6,10,"LINESTRING(-109.5591086 37.2851679,-109.5629311 37.2814738)",0730
101,v,169,240,,,6,10,"LINESTRING(-109.5573399 37.2838146,-109.557271 37.2831428)",0754
102,v,220,66,,83751036.0,6,10,"LINESTRING(-109.5574885 37.2837023,-109.5653887 37.2834136)",0702
103,v,6,57,83614585.0,83741037.0,6,10,"LINESTRING(-109.5600255 37.285309,-109.5669202 37.2833253)",0745
104,v,6,186,83614585.0,,6,10,"LINESTRING(-109.5600255 37.285309,-109.5582895 37.2825923)",0709
105,v,72,57,436676529.0,83741037.0,6,10,"LINESTRING(-109.5609665 37.2870722,-109.5669202 37.2833253)",0720
106,v,17,251,83629512.0,,6,10,"LINESTRING(-109.5684056 37.2837785,-109.5685303 37.2811247)",0758
107,v,4,246,83614581.0,,6,10,"LINESTRING(-109.5583982 37.285596,-109.5619808 37.2817581)",0740
108,v,205,32,,83709113.0,6,10,"LINESTRING(-109.55757 37.2852757,-109.5694176 37.2789758)",0721
109,v,238,251,,,6,10,"LINESTRING(-109.5576561 37.284662,-109.5685303 37.2811247)",0733
110,v,23,173,83651071.0,,6,10,"LINESTRING(-109.5591938 37.2857107,-109.5570134 37.2826692)",0707
111,v,164,211,,,6,10,"LINESTRING(-109.5583507 37.2871624,-109.5647891 37.2813594)",0719
112,v,4,237,83614581.0,,6,10,"LINESTRING(-109.5583982 37.285596,-109.5629311 37.2814738)",0712
113,v,169,237,,,6,10,"LINESTRING(-109.5573399 37.2838146,-109.5629311 37.2814738)",0721
114,v,225,30,,83709097.0,6,10,"LINESTRING(-109.5580194 37.2840724,-109.5678566 37.2783093)",0711
115,v,214,13,,83629495.0,6,10,"LINESTRING(-109.5591086 37.2851679,-109.5683662 37.2832676)",0732
116,v,225,229,,,6,10,"LINESTRING(-109.5580194 37.2840724,-109.5687679 37.2812283)",0737
117,v,81,50,1030045659.0,83734491.0,6,10,"LINESTRING(-109.5652556 37.2883349,-109.5681056 37.2805577)",0755
118,v,252,213,,,6,10,"LINESTRING(-109.5591611 37.284811,-109.5589658 37.282752)",0729
119,v,152,162,,,6,10,"LINESTRING(-109.5574927 37.28401,-109.5589656 37.2825079)",0724
120,v,154,193,,,6,10,"LINESTRING(-109.5601268 37.2856711,-109.5596213 37.2834062)",0748
121,v,218,13,,83629495.0,6,10,"LINESTRING(-109.5657039 37.2839058,-109.5683662 37.2832676)",0708
122,v,239,45,,83726606.0,6,10,"LINESTRING(-109.5606614 37.286254,-109.5664269 37.2783889)",0756
123,v,154,18,,83629530.0,6,10,"LINESTRING(-109.5601268 37.2856711,-109.5682903 37.2824789)",0709
124,v,239,255,,,6,10,"LINESTRING(-109.5606614 37.286254,-109.5621134 37.2816062)",0709
125,v,218,211,,,6,10,"LINESTRING(-109.5657039 37.2839058,-109.5647891 37.2813594)",0741
126,v,38,241,83713699.0,,6,10,"LINESTRING(-109.5571039 37.2856194,-109.5688981 37.282688)",0739
127,v,156,56,,83741035.0,6,10,"LINESTRING(-109.5576521 37.2845586,-109.5667452 37.2816075)",0727
128,v,168,193,,,6,10,"LINESTRING(-109.5580456 37.2839477,-109.5596213 37.2834062)",0729
129,v,218,18,,83629530.0,6,10,"LINESTRING(-109.5657039 37.2839058,-109.5682903 37.2824789)",0757
130,v,5,67,83614583.0,83757599.0,6,10,"LINESTRING(-109.5588703 37.2854701,-109.5696165 37.2804687)",0749
131,v,88,208,1331799412.0,,6,10,"LINESTRING(-109.5570964 37.289252,-109.5671011 37.2834742)",0708
132,v,38,173,83713699.0,,6,10,"LINESTRING(-109.5571039 37.2856194,-109.5570134 37.2826692)",0720
133,v,164,173,,,6,10,"LINESTRING(-109.5583507 37.2871624,-109.5570134 37.2826692)",0752
134,v,58,57,83741039.0,83741037.0,6,10,"LINESTRING(-109.5669459 37.283577,-109.5669202 37.2833253)",0746
135,v,175,241,,,6,10,"LINESTRING(-109.5598115 37.2846327,-109.5688981 37.282688)",0734
136,v,192,186,,,6,10,"LINESTRING(-109.5595412 37.2848753,-109.5582895 37.2825923)",0722
137,v,174,50,,83734491.0,6,10,"LINESTRING(-109.568227 37.2839252,-109.5681056 37.2805577)",0746
138,v,151,171,,,6,10,"LINESTRING(-109.5583103 37.2840083,-109.5685831 37.2827192)",0741
139,v,17,208,83629512.0,,6,10,"LINESTRING(-109.5684056 37.2837785,-109.5671011 37.2834742)",0713
140,v,238,66,,83751036.0,6,10,"LINESTRING(-109.5576561 37.284662,-109.5653887 37.2834136)",0708
141,v,252,193,,,6,10,"LINESTRING(-109.5591611 37.284811,-109.5596213 37.2834062)",0724
142,v,218,27,,83692120.0,6,10,"LINESTRING(-109.5657039 37.2839058,-109.5695476 37.279706)",0726
143,v,205,112,,3801403348.0,6,10,"LINESTRING(-109.55757 37.2852757,-109.5662933 37.2775978)",0714
144,v,169,211,,,6,10,"LINESTRING(-109.5573399 37.2838146,-109.5647891 37.2813594)",0706
145,v,38,208,83713699.0,,6,10,"LINESTRING(-109.5571039 37.2856194,-109.5671011 37.2834742)",0708
146,v,38,219,83713699.0,,6,10,"LINESTRING(-109.5571039 37.2856194,-109.559317 37.2820492)",0717
147,v,192,56,,83741035.0,6,10,"LINESTRING(-109.5595412 37.2848753,-109.5667452 37.2816075)",0710
148,v,220,229,,,6,10,"LINESTRING(-109.5574885 37.2837023,-109.5687679 37.2812283)",0800
149,v,151,190,,,6,10,"LINESTRING(-109.5583103 37.2840083,-109.5595771 37.2826893)",0707
150,v,214,240,,,6,10,"LINESTRING(-109.5591086 37.2851679,-109.557271 37.2831428)",0757
151,v,238,162,,,6,10,"LINESTRING(-109.5576561 37.284662,-109.5589656 37.2825079)",0800
152,v,169,243,,,6,10,"LINESTRING(-109.5573399 37.2838146,-109.5593795 37.2823991)",0724
153,v,202,190,,,6,10,"LINESTRING(-109.5573064 37.2837054,-109.5595771 37.2826893)",0753
154,v,250,112,,3801403348.0,6,10,"LINESTRING(-109.5594386 37.2851491,-109.5662933 37.2775978)",0751
155,v,238,66,,83751036.0,6,10,"LINESTRING(-109.5576561 37.284662,-109.5653887 37.2834136)",0750
156,v,175,185,,,6,11,"LINESTRING(-109.5598115 37.2846327,-109.5527347 37.283359)",0757
157,v,177,245,,,6,11,"LINESTRING(-109.5599343 37.2857083,-109.5531929 37.2832267)",0745
158,v,214,228,,,6,11,"LINESTRING(-109.5591086 37.2851679,-109.5528569 37.283489)",0715
159,v,95,209,2447686969.0,,6,11,"LINESTRING(-109.5587983 37.2842327,-109.5523066 37.2832604)",0732
160,v,174,198,,,6,11,"LINESTRING(-109.568227 37.2839252,-109.5532799 37.2832264)",0735
161,v,38,231,83713699.0,,6,11,"LINESTRING(-109.5571039 37.2856194,-109.5533603 37.2834142)",0739
162,v,24,209,83651148.0,,6,11,"LINESTRING(-109.5588494 37.2844233,-109.5523066 37.2832604)",0755
163,v,250,191,,,6,12,"LINESTRING(-109.5594386 37.2851491,-109.5405438 37.2834472)",0730
164,v,4,191,83614581.0,,6,12,"LINESTRING(-109.5583982 37.285596,-109.5405438 37.2834472)",0702
165,v,238,191,,,6,12,"LINESTRING(-109.5576561 37.284662,-109.5405438 37.2834472)",0708
166,v,154,142,,,6,19,"LINESTRING(-109.5601268 37.2856711,-109.5376123 37.2955)",0734
167,v,249,142,,,6,19,"LINESTRING(-109.5598269 37.2868968,-109.5376123 37.2955)",0746
168,v,6,137,83614585.0,,6,21,"LINESTRING(-109.5600255 37.285309,-109.5306 37.2846293)",0708
169,v,72,137,436676529.0,,6,21,"LINESTRING(-109.5609665 37.2870722,-109.5306 37.2846293)",0722
170,v,148,163,,,7,5,"LINESTRING(-109.5527205 37.284306,-109.5697349 37.2837554)",0717
171,v,110,252,3643520175.0,,7,6,"LINESTRING(-109.5519498 37.284387,-109.5591611 37.284811)",0748
172,v,253,58,,83741039.0,7,6,"LINESTRING(-109.5533375 37.283576,-109.5669459 37.283577)",0722
173,v,188,218,,,7,6,"LINESTRING(-109.5473324 37.2872509,-109.5657039 37.2839058)",0748
174,v,157,218,,,7,6,"LINESTRING(-109.5544033 37.2839071,-109.5657039 37.2839058)",0704
175,v,43,38,83721554.0,83713699.0,7,6,"LINESTRING(-109.5553221 37.2856512,-109.5571039 37.2856194)",0716
176,v,167,72,,436676529.0,7,6,"LINESTRING(-109.552902 37.2841229,-109.5609665 37.2870722)",0719
177,v,122,38,6578195588.0,83713699.0,7,6,"LINESTRING(-109.5519334 37.2835771,-109.5571039 37.2856194)",0720
178,v,233,177,,,7,6,"LINESTRING(-109.5530985 37.2841156,-109.5599343 37.2857083)",0714
179,v,226,164,,,7,6,"LINESTRING(-109.5533622 37.2838591,-109.5583507 37.2871624)",0729
180,v,122,72,6578195588.0,436676529.0,7,6,"LINESTRING(-109.5519334 37.2835771,-109.5609665 37.2870722)",0749
181,v,159,164,,,7,6,"LINESTRING(-109.5532719 37.2841136,-109.5583507 37.2871624)",0702
182,v,232,6,,83614585.0,7,6,"LINESTRING(-109.5539955 37.284703,-109.5600255 37.285309)",0714
183,v,244,177,,,7,6,"LINESTRING(-109.5513952 37.2840157,-109.5599343 37.2857083)",0713
184,v,172,177,,,7,6,"LINESTRING(-109.5524528 37.283771,-109.5599343 37.2857083)",0734
185,v,232,75,,1029987721.0,7,6,"LINESTRING(-109.5539955 37.284703,-109.5584587 37.2862383)",0715
186,v,176,24,,83651148.0,7,6,"LINESTRING(-109.5448831 37.2860932,-109.5588494 37.2844233)",0755
187,v,84,169,1330151423.0,,7,6,"LINESTRING(-109.5532679 37.288825,-109.5573399 37.2838146)",0733
188,v,122,218,6578195588.0,,7,6,"LINESTRING(-109.5519334 37.2835771,-109.5657039 37.2839058)",0710
189,v,232,17,,83629512.0,7,6,"LINESTRING(-109.5539955 37.284703,-109.5684056 37.2837785)",0708
190,v,149,72,,436676529.0,7,6,"LINESTRING(-109.5523881 37.2837137,-109.5609665 37.2870722)",0724
191,v,176,250,,,7,6,"LINESTRING(-109.5448831 37.2860932,-109.5594386 37.2851491)",0755
192,v,110,81,3643520175.0,1030045659.0,7,6,"LINESTRING(-109.5519498 37.284387,-109.5652556 37.2883349)",0710
193,v,179,218,,,7,6,"LINESTRING(-109.5528572 37.2835536,-109.5657039 37.2839058)",0737
194,v,216,6,,83614585.0,7,6,"LINESTRING(-109.5451576 37.2862233,-109.5600255 37.285309)",0743
195,v,224,207,,,7,6,"LINESTRING(-109.5469595 37.2869372,-109.5692496 37.2838117)",0735
196,v,244,72,,436676529.0,7,6,"LINESTRING(-109.5513952 37.2840157,-109.5609665 37.2870722)",0715
197,v,153,39,,83713704.0,7,6,"LINESTRING(-109.5511544 37.2837281,-109.5597279 37.2859293)",0754
198,v,217,238,,,7,6,"LINESTRING(-109.5522611 37.2840106,-109.5576561 37.284662)",0741
199,v,122,220,6578195588.0,,7,6,"LINESTRING(-109.5519334 37.2835771,-109.5574885 37.2837023)",0742
200,v,210,81,,1030045659.0,7,6,"LINESTRING(-109.5522484 37.2837838,-109.5652556 37.2883349)",0758
201,v,122,169,6578195588.0,,7,6,"LINESTRING(-109.5519334 37.2835771,-109.5573399 37.2838146)",0752
202,v,8,249,83614591.0,,7,6,"LINESTRING(-109.5520641 37.2869207,-109.5598269 37.2868968)",0722
203,v,215,207,,,7,6,"LINESTRING(-109.5568614 37.2854049,-109.5692496 37.2838117)",0753
204,v,221,207,,,7,6,"LINESTRING(-109.5528575 37.2836181,-109.5692496 37.2838117)",0746
205,v,165,6,,83614585.0,7,6,"LINESTRING(-109.5565946 37.2854171,-109.5600255 37.285309)",0724
206,v,216,152,,,7,6,"LINESTRING(-109.5451576 37.2862233,-109.5574927 37.28401)",0725
207,v,105,58,3634636956.0,83741039.0,7,6,"LINESTRING(-109.5534637 37.2877532,-109.5669459 37.283577)",0752
208,v,226,218,,,7,6,"LINESTRING(-109.5533622 37.2838591,-109.5657039 37.2839058)",0728
209,v,105,156,3634636956.0,,7,6,"LINESTRING(-109.5534637 37.2877532,-109.5576521 37.2845586)",0726
210,v,194,250,,,7,6,"LINESTRING(-109.5533619 37.2837946,-109.5594386 37.2851491)",0721
211,v,233,205,,,7,6,"LINESTRING(-109.5530985 37.2841156,-109.55757 37.2852757)",0744
212,v,217,252,,,7,6,"LINESTRING(-109.5522611 37.2840106,-109.5591611 37.284811)",0756
213,v,43,38,83721554.0,83713699.0,7,6,"LINESTRING(-109.5553221 37.2856512,-109.5571039 37.2856194)",0715
214,v,153,222,,,7,6,"LINESTRING(-109.5511544 37.2837281,-109.5579112 37.2852333)",0726
215,v,244,24,,83651148.0,7,6,"LINESTRING(-109.5513952 37.2840157,-109.5588494 37.2844233)",0745
216,v,155,202,,,7,6,"LINESTRING(-109.552491 37.2840426,-109.5573064 37.2837054)",0743
217,v,153,6,,83614585.0,7,6,"LINESTRING(-109.5511544 37.2837281,-109.5600255 37.285309)",0710
218,v,157,220,,,7,6,"LINESTRING(-109.5544033 37.2839071,-109.5574885 37.2837023)",0743
219,v,155,218,,,7,6,"LINESTRING(-109.552491 37.2840426,-109.5657039 37.2839058)",0757
220,v,178,24,,83651148.0,7,6,"LINESTRING(-109.5540142 37.2838359,-109.5588494 37.2844233)",0741
221,v,153,95,,2447686969.0,7,6,"LINESTRING(-109.5511544 37.2837281,-109.5587983 37.2842327)",0752
222,v,110,151,3643520175.0,,7,6,"LINESTRING(-109.5519498 37.284387,-109.5583103 37.2840083)",0756
223,v,153,174,,,7,6,"LINESTRING(-109.5511544 37.2837281,-109.568227 37.2839252)",0742
224,v,153,23,,83651071.0,7,6,"LINESTRING(-109.5511544 37.2837281,-109.5591938 37.2857107)",0753
225,v,244,88,,1331799412.0,7,6,"LINESTRING(-109.5513952 37.2840157,-109.5570964 37.289252)",0759
226,v,179,180,,,7,8,"LINESTRING(-109.5528572 37.2835536,-109.5419113 37.287715)",0709
227,v,155,227,,,7,8,"LINESTRING(-109.552491 37.2840426,-109.5406439 37.2840387)",0740
228,v,178,180,,,7,8,"LINESTRING(-109.5540142 37.2838359,-109.5419113 37.287715)",0723
229,v,176,15,,83629497.0,7,9,"LINESTRING(-109.5448831 37.2860932,-109.5713788 37.2830515)",0722
230,v,172,189,,,7,9,"LINESTRING(-109.5524528 37.283771,-109.577207 37.278781)",0759
231,v,203,189,,,7,9,"LINESTRING(-109.5558592 37.2854583,-109.577207 37.278781)",0741
232,v,253,71,,83771332.0,7,9,"LINESTRING(-109.5533375 37.283576,-109.5722736 37.2803191)",0759
233,v,226,14,,83629496.0,7,9,"LINESTRING(-109.5533622 37.2838591,-109.5698717 37.2831853)",0730
234,v,233,14,,83629496.0,7,9,"LINESTRING(-109.5530985 37.2841156,-109.5698717 37.2831853)",0703
235,v,165,71,,83771332.0,7,9,"LINESTRING(-109.5565946 37.2854171,-109.5722736 37.2803191)",0720
236,v,122,166,6578195588.0,,7,9,"LINESTRING(-109.5519334 37.2835771,-109.571447 37.2801683)",0744
237,v,148,20,,83629534.0,7,9,"LINESTRING(-109.5527205 37.284306,-109.571338 37.282287)",0706
238,v,201,15,,83629497.0,7,9,"LINESTRING(-109.5562853 37.2851866,-109.5713788 37.2830515)",0757
239,v,232,254,,,7,9,"LINESTRING(-109.5539955 37.284703,-109.5725302 37.2800833)",0714
240,v,37,79,83713259.0,1030019391.0,7,9,"LINESTRING(-109.5536859 37.285694,-109.5779966 37.2831107)",0714
241,v,105,20,3634636956.0,83629534.0,7,9,"LINESTRING(-109.5534637 37.2877532,-109.571338 37.282287)",0737
242,v,247,54,,83737769.0,7,9,"LINESTRING(-109.5523816 37.2841775,-109.571271 37.2813213)",0716
243,v,37,15,83713259.0,83629497.0,7,9,"LINESTRING(-109.5536859 37.285694,-109.5713788 37.2830515)",0737
244,v,253,166,,,7,9,"LINESTRING(-109.5533375 37.283576,-109.571447 37.2801683)",0725
245,v,216,14,,83629496.0,7,9,"LINESTRING(-109.5451576 37.2862233,-109.5698717 37.2831853)",0725
246,v,43,19,83721554.0,83629532.0,7,9,"LINESTRING(-109.5553221 37.2856512,-109.5698132 37.2823862)",0750
247,v,167,20,,83629534.0,7,9,"LINESTRING(-109.552902 37.2841229,-109.571338 37.282287)",0736
248,v,248,166,,,7,9,"LINESTRING(-109.5526718 37.283743,-109.571447 37.2801683)",0703
249,v,216,235,,,7,9,"LINESTRING(-109.5451576 37.2862233,-109.5723038 37.2805366)",0741
250,v,203,254,,,7,9,"LINESTRING(-109.5558592 37.2854583,-109.5725302 37.2800833)",0721
251,v,172,14,,83629496.0,7,9,"LINESTRING(-109.5524528 37.283771,-109.5698717 37.2831853)",0737
252,v,43,19,83721554.0,83629532.0,7,9,"LINESTRING(-109.5553221 37.2856512,-109.5698132 37.2823862)",0757
253,v,221,189,,,7,9,"LINESTRING(-109.5528575 37.2836181,-109.577207 37.278781)",0728
254,v,37,235,83713259.0,,7,9,"LINESTRING(-109.5536859 37.285694,-109.5723038 37.2805366)",0725
255,v,217,254,,,7,9,"LINESTRING(-109.5522611 37.2840106,-109.5725302 37.2800833)",0739
256,v,155,170,,,7,9,"LINESTRING(-109.552491 37.2840426,-109.5766547 37.2793442)",0708
257,v,178,235,,,7,9,"LINESTRING(-109.5540142 37.2838359,-109.5723038 37.2805366)",0755
258,v,200,71,,83771332.0,7,9,"LINESTRING(-109.5455735 37.2862272,-109.5722736 37.2803191)",0738
259,v,194,79,,1030019391.0,7,9,"LINESTRING(-109.5533619 37.2837946,-109.5779966 37.2831107)",0738
260,v,201,166,,,7,9,"LINESTRING(-109.5562853 37.2851866,-109.571447 37.2801683)",0729
261,v,216,14,,83629496.0,7,9,"LINESTRING(-109.5451576 37.2862233,-109.5698717 37.2831853)",0730
262,v,200,20,,83629534.0,7,9,"LINESTRING(-109.5455735 37.2862272,-109.571338 37.282287)",0709
263,v,242,31,,83709098.0,7,10,"LINESTRING(-109.554981 37.283765,-109.5679571 37.2790142)",0750
264,v,172,171,,,7,10,"LINESTRING(-109.5524528 37.283771,-109.5685831 37.2827192)",0748
265,v,122,56,6578195588.0,83741035.0,7,10,"LINESTRING(-109.5519334 37.2835771,-109.5667452 37.2816075)",0746
266,v,232,59,,83741044.0,7,10,"LINESTRING(-109.5539955 37.284703,-109.5665715 37.279904)",0754
267,v,179,240,,,7,10,"LINESTRING(-109.5528572 37.2835536,-109.557271 37.2831428)",0704
268,v,7,234,83614587.0,,7,10,"LINESTRING(-109.5519768 37.285719,-109.5582445 37.2821143)",0746
269,v,165,241,,,7,10,"LINESTRING(-109.5565946 37.2854171,-109.5688981 37.282688)",0705
270,v,242,30,,83709097.0,7,10,"LINESTRING(-109.554981 37.283765,-109.5678566 37.2783093)",0743
271,v,216,241,,,7,10,"LINESTRING(-109.5451576 37.2862233,-109.5688981 37.282688)",0730
272,v,157,243,,,7,10,"LINESTRING(-109.5544033 37.2839071,-109.5593795 37.2823991)",0730
273,v,84,57,1330151423.0,83741037.0,7,10,"LINESTRING(-109.5532679 37.288825,-109.5669202 37.2833253)",0752
274,v,194,204,,,7,10,"LINESTRING(-109.5533619 37.2837946,-109.5577502 37.2832031)",0758
275,v,172,160,,,7,10,"LINESTRING(-109.5524528 37.283771,-109.567071 37.282368)",0710
276,v,176,204,,,7,10,"LINESTRING(-109.5448831 37.2860932,-109.5577502 37.2832031)",0759
277,v,110,30,3643520175.0,83709097.0,7,10,"LINESTRING(-109.5519498 37.284387,-109.5678566 37.2783093)",0734
278,v,221,67,,83757599.0,7,10,"LINESTRING(-109.5528575 37.2836181,-109.5696165 37.2804687)",0756
279,v,233,160,,,7,10,"LINESTRING(-109.5530985 37.2841156,-109.567071 37.282368)",0748
280,v,7,190,83614587.0,,7,10,"LINESTRING(-109.5519768 37.285719,-109.5595771 37.2826893)",0719
281,v,37,237,83713259.0,,7,10,"LINESTRING(-109.5536859 37.285694,-109.5629311 37.2814738)",0739
282,v,217,67,,83757599.0,7,10,"LINESTRING(-109.5522611 37.2840106,-109.5696165 37.2804687)",0716
283,v,176,251,,,7,10,"LINESTRING(-109.5448831 37.2860932,-109.5685303 37.2811247)",0730
284,v,148,246,,,7,10,"LINESTRING(-109.5527205 37.284306,-109.5619808 37.2817581)",0721
285,v,167,45,,83726606.0,7,10,"LINESTRING(-109.552902 37.2841229,-109.5664269 37.2783889)",0745
286,v,203,59,,83741044.0,7,10,"LINESTRING(-109.5558592 37.2854583,-109.5665715 37.279904)",0744
287,v,217,32,,83709113.0,7,10,"LINESTRING(-109.5522611 37.2840106,-109.5694176 37.2789758)",0724
288,v,8,13,83614591.0,83629495.0,7,10,"LINESTRING(-109.5520641 37.2869207,-109.5683662 37.2832676)",0750
289,v,179,32,,83709113.0,7,10,"LINESTRING(-109.5528572 37.2835536,-109.5694176 37.2789758)",0758
290,v,194,49,,83734489.0,7,10,"LINESTRING(-109.5533619 37.2837946,-109.5680318 37.2797906)",0752
291,v,43,50,83721554.0,83734491.0,7,10,"LINESTRING(-109.5553221 37.2856512,-109.5681056 37.2805577)",0754
292,v,233,229,,,7,10,"LINESTRING(-109.5530985 37.2841156,-109.5687679 37.2812283)",0737
293,v,216,28,,83703929.0,7,10,"LINESTRING(-109.5451576 37.2862233,-109.5666469 37.2806436)",0750
294,v,215,171,,,7,10,"LINESTRING(-109.5568614 37.2854049,-109.5685831 37.2827192)",0710
295,v,247,51,,83734493.0,7,10,"LINESTRING(-109.5523816 37.2841775,-109.5681977 37.2815162)",0713
296,v,159,173,,,7,10,"LINESTRING(-109.5532719 37.2841136,-109.5570134 37.2826692)",0723
297,v,110,27,3643520175.0,83692120.0,7,10,"LINESTRING(-109.5519498 37.284387,-109.5695476 37.279706)",0733
298,v,84,229,1330151423.0,,7,10,"LINESTRING(-109.5532679 37.288825,-109.5687679 37.2812283)",0741
299,v,221,18,,83629530.0,7,10,"LINESTRING(-109.5528575 37.2836181,-109.5682903 37.2824789)",0743
300,v,226,190,,,7,10,"LINESTRING(-109.5533622 37.2838591,-109.5595771 37.2826893)",0744
301,v,110,251,3643520175.0,,7,10,"LINESTRING(-109.5519498 37.284387,-109.5685303 37.2811247)",0727
302,v,105,57,3634636956.0,83741037.0,7,10,"LINESTRING(-109.5534637 37.2877532,-109.5669202 37.2833253)",0715
303,v,7,219,83614587.0,,7,10,"LINESTRING(-109.5519768 37.285719,-109.559317 37.2820492)",0720
304,v,176,18,,83629530.0,7,10,"LINESTRING(-109.5448831 37.2860932,-109.5682903 37.2824789)",0740
305,v,215,213,,,7,10,"LINESTRING(-109.5568614 37.2854049,-109.5589658 37.282752)",0735
306,v,122,219,6578195588.0,,7,10,"LINESTRING(-109.5519334 37.2835771,-109.559317 37.2820492)",0713
307,v,148,31,,83709098.0,7,10,"LINESTRING(-109.5527205 37.284306,-109.5679571 37.2790142)",0708
308,v,179,51,,83734493.0,7,10,"LINESTRING(-109.5528572 37.2835536,-109.5681977 37.2815162)",0717
309,v,155,59,,83741044.0,7,10,"LINESTRING(-109.552491 37.2840426,-109.5665715 37.279904)",0757
310,v,215,45,,83726606.0,7,10,"LINESTRING(-109.5568614 37.2854049,-109.5664269 37.2783889)",0759
311,v,242,204,,,7,10,"LINESTRING(-109.554981 37.283765,-109.5577502 37.2832031)",0718
312,v,230,30,,83709097.0,7,10,"LINESTRING(-109.5526164 37.284149,-109.5678566 37.2783093)",0713
313,v,167,158,,,7,10,"LINESTRING(-109.552902 37.2841229,-109.5573324 37.2833148)",0702
314,v,176,160,,,7,10,"LINESTRING(-109.5448831 37.2860932,-109.567071 37.282368)",0709
315,v,159,219,,,7,10,"LINESTRING(-109.5532719 37.2841136,-109.559317 37.2820492)",0705
316,v,194,190,,,7,10,"LINESTRING(-109.5533619 37.2837946,-109.5595771 37.2826893)",0742
317,v,194,13,,83629495.0,7,10,"LINESTRING(-109.5533619 37.2837946,-109.5683662 37.2832676)",0709
318,v,7,206,83614587.0,,7,10,"LINESTRING(-109.5519768 37.285719,-109.5694749 37.281131)",0757
319,v,7,213,83614587.0,,7,10,"LINESTRING(-109.5519768 37.285719,-109.5589658 37.282752)",0741
320,v,247,234,,,7,10,"LINESTRING(-109.5523816 37.2841775,-109.5582445 37.2821143)",0726
321,v,149,190,,,7,10,"LINESTRING(-109.5523881 37.2837137,-109.5595771 37.2826893)",0733
322,v,153,204,,,7,10,"LINESTRING(-109.5511544 37.2837281,-109.5577502 37.2832031)",0705
323,v,216,67,,83757599.0,7,10,"LINESTRING(-109.5451576 37.2862233,-109.5696165 37.2804687)",0756
324,v,215,67,,83757599.0,7,10,"LINESTRING(-109.5568614 37.2854049,-109.5696165 37.2804687)",0738
325,v,247,51,,83734493.0,7,10,"LINESTRING(-109.5523816 37.2841775,-109.5681977 37.2815162)",0702
326,v,242,160,,,7,10,"LINESTRING(-109.554981 37.283765,-109.567071 37.282368)",0702
327,v,230,251,,,7,10,"LINESTRING(-109.5526164 37.284149,-109.5685303 37.2811247)",0730
328,v,159,66,,83751036.0,7,10,"LINESTRING(-109.5532719 37.2841136,-109.5653887 37.2834136)",0753
329,v,247,171,,,7,10,"LINESTRING(-109.5523816 37.2841775,-109.5685831 37.2827192)",0707
330,v,215,13,,83629495.0,7,10,"LINESTRING(-109.5568614 37.2854049,-109.5683662 37.2832676)",0715
331,v,247,59,,83741044.0,7,10,"LINESTRING(-109.5523816 37.2841775,-109.5665715 37.279904)",0725
332,v,217,198,,,7,11,"LINESTRING(-109.5522611 37.2840106,-109.5532799 37.2832264)",0718
333,v,230,231,,,7,11,"LINESTRING(-109.5526164 37.284149,-109.5533603 37.2834142)",0704
334,v,232,231,,,7,11,"LINESTRING(-109.5539955 37.284703,-109.5533603 37.2834142)",0740
335,v,224,185,,,7,11,"LINESTRING(-109.5469595 37.2869372,-109.5527347 37.283359)",0758
336,v,43,187,83721554.0,,7,11,"LINESTRING(-109.5553221 37.2856512,-109.5563003 37.2823813)",0736
337,v,203,185,,,7,11,"LINESTRING(-109.5558592 37.2854583,-109.5527347 37.283359)",0751
338,v,7,231,83614587.0,,7,11,"LINESTRING(-109.5519768 37.285719,-109.5533603 37.2834142)",0731
339,v,215,257,,,7,11,"LINESTRING(-109.5568614 37.2854049,-109.5539633 37.2833762)",0708
340,v,43,184,83721554.0,,7,11,"LINESTRING(-109.5553221 37.2856512,-109.5565813 37.2820516)",0755
341,v,247,191,,,7,12,"LINESTRING(-109.5523816 37.2841775,-109.5405438 37.2834472)",0739
342,v,149,191,,,7,12,"LINESTRING(-109.5523881 37.2837137,-109.5405438 37.2834472)",0728
343,v,105,191,3634636956.0,,7,12,"LINESTRING(-109.5534637 37.2877532,-109.5405438 37.2834472)",0737
344,v,148,191,,,7,12,"LINESTRING(-109.5527205 37.284306,-109.5405438 37.2834472)",0746
345,v,232,142,,,7,19,"LINESTRING(-109.5539955 37.284703,-109.5376123 37.2955)",0712
346,v,242,142,,,7,19,"LINESTRING(-109.554981 37.283765,-109.5376123 37.2955)",0716
347,v,147,146,,,7,21,"LINESTRING(-109.5505804 37.2846681,-109.5306 37.2864311)",0709
348,v,201,146,,,7,21,"LINESTRING(-109.5562853 37.2851866,-109.5306 37.2864311)",0715
349,v,180,150,,,8,5,"LINESTRING(-109.5419113 37.287715,-109.5697317 37.2838803)",0711
350,v,180,24,,83651148.0,8,6,"LINESTRING(-109.5419113 37.287715,-109.5588494 37.2844233)",0743
351,v,227,39,,83713704.0,8,6,"LINESTRING(-109.5406439 37.2840387,-109.5597279 37.2859293)",0729
352,v,180,244,,,8,7,"LINESTRING(-109.5419113 37.287715,-109.5513952 37.2840157)",0704
353,v,227,179,,,8,7,"LINESTRING(-109.5406439 37.2840387,-109.5528572 37.2835536)",0708
354,v,227,189,,,8,9,"LINESTRING(-109.5406439 37.2840387,-109.577207 37.278781)",0729
355,v,180,55,,83737775.0,8,9,"LINESTRING(-109.5419113 37.287715,-109.5697171 37.2814331)",0704
356,v,180,190,,,8,10,"LINESTRING(-109.5419113 37.287715,-109.5595771 37.2826893)",0717
357,v,227,31,,83709098.0,8,10,"LINESTRING(-109.5406439 37.2840387,-109.5679571 37.2790142)",0711
358,v,180,50,,83734491.0,8,10,"LINESTRING(-109.5419113 37.287715,-109.5681056 37.2805577)",0742
359,v,227,209,,,8,11,"LINESTRING(-109.5406439 37.2840387,-109.5523066 37.2832604)",0751
360,v,227,191,,,8,12,"LINESTRING(-109.5406439 37.2840387,-109.5405438 37.2834472)",0747
361,v,227,142,,,8,19,"LINESTRING(-109.5406439 37.2840387,-109.5376123 37.2955)",0740
362,v,180,146,,,8,21,"LINESTRING(-109.5419113 37.287715,-109.5306 37.2864311)",0751
363,v,15,150,83629497.0,,9,5,"LINESTRING(-109.5713788 37.2830515,-109.5697317 37.2838803)",0721
364,v,70,75,83771326.0,1029987721.0,9,6,"LINESTRING(-109.5711227 37.28038,-109.5584587 37.2862383)",0758
365,v,55,38,83737775.0,83713699.0,9,6,"LINESTRING(-109.5697171 37.2814331,-109.5571039 37.2856194)",0719
366,v,254,81,,1030045659.0,9,6,"LINESTRING(-109.5725302 37.2800833,-109.5652556 37.2883349)",0758
367,v,15,72,83629497.0,436676529.0,9,6,"LINESTRING(-109.5713788 37.2830515,-109.5609665 37.2870722)",0722
368,v,166,252,,,9,6,"LINESTRING(-109.571447 37.2801683,-109.5591611 37.284811)",0758
369,v,70,164,83771326.0,,9,6,"LINESTRING(-109.5711227 37.28038,-109.5583507 37.2871624)",0705
370,v,71,152,83771332.0,,9,6,"LINESTRING(-109.5722736 37.2803191,-109.5574927 37.28401)",0705
371,v,54,202,83737769.0,,9,6,"LINESTRING(-109.571271 37.2813213,-109.5573064 37.2837054)",0722
372,v,14,250,83629496.0,,9,6,"LINESTRING(-109.5698717 37.2831853,-109.5594386 37.2851491)",0734
373,v,14,238,83629496.0,,9,6,"LINESTRING(-109.5698717 37.2831853,-109.5576561 37.284662)",0706
374,v,20,238,83629534.0,,9,6,"LINESTRING(-109.571338 37.282287,-109.5576561 37.284662)",0745
375,v,189,222,,,9,6,"LINESTRING(-109.577207 37.278781,-109.5579112 37.2852333)",0706
376,v,189,174,,,9,6,"LINESTRING(-109.577207 37.278781,-109.568227 37.2839252)",0711
377,v,71,23,83771332.0,83651071.0,9,6,"LINESTRING(-109.5722736 37.2803191,-109.5591938 37.2857107)",0732
378,v,54,239,83737769.0,,9,6,"LINESTRING(-109.571271 37.2813213,-109.5606614 37.286254)",0735
379,v,19,238,83629532.0,,9,6,"LINESTRING(-109.5698132 37.2823862,-109.5576561 37.284662)",0755
380,v,235,225,,,9,6,"LINESTRING(-109.5723038 37.2805366,-109.5580194 37.2840724)",0750
381,v,235,39,,83713704.0,9,6,"LINESTRING(-109.5723038 37.2805366,-109.5597279 37.2859293)",0718
382,v,19,249,83629532.0,,9,6,"LINESTRING(-109.5698132 37.2823862,-109.5598269 37.2868968)",0721
383,v,170,202,,,9,6,"LINESTRING(-109.5766547 37.2793442,-109.5573064 37.2837054)",0719
384,v,71,75,83771332.0,1029987721.0,9,6,"LINESTRING(-109.5722736 37.2803191,-109.5584587 37.2862383)",0736
385,v,79,4,1030019391.0,83614581.0,9,6,"LINESTRING(-109.5779966 37.2831107,-109.5583982 37.285596)",0722
386,v,189,174,,,9,6,"LINESTRING(-109.577207 37.278781,-109.568227 37.2839252)",0741
387,v,54,223,83737769.0,,9,6,"LINESTRING(-109.571271 37.2813213,-109.560508 37.2867291)",0710
388,v,70,58,83771326.0,83741039.0,9,6,"LINESTRING(-109.5711227 37.28038,-109.5669459 37.283577)",0756
389,v,15,181,83629497.0,,9,6,"LINESTRING(-109.5713788 37.2830515,-109.5606232 37.2865589)",0720
390,v,235,181,,,9,6,"LINESTRING(-109.5723038 37.2805366,-109.5606232 37.2865589)",0713
391,v,54,152,83737769.0,,9,6,"LINESTRING(-109.571271 37.2813213,-109.5574927 37.28401)",0722
392,v,55,88,83737775.0,1331799412.0,9,6,"LINESTRING(-109.5697171 37.2814331,-109.5570964 37.289252)",0732
393,v,189,4,,83614581.0,9,6,"LINESTRING(-109.577207 37.278781,-109.5583982 37.285596)",0704
394,v,189,192,,,9,6,"LINESTRING(-109.577207 37.278781,-109.5595412 37.2848753)",0747
395,v,170,215,,,9,7,"LINESTRING(-109.5766547 37.2793442,-109.5568614 37.2854049)",0717
396,v,166,147,,,9,7,"LINESTRING(-109.571447 37.2801683,-109.5505804 37.2846681)",0705
397,v,235,210,,,9,7,"LINESTRING(-109.5723038 37.2805366,-109.5522484 37.2837838)",0715
398,v,15,159,83629497.0,,9,7,"LINESTRING(-109.5713788 37.2830515,-109.5532719 37.2841136)",0756
399,v,235,200,,,9,7,"LINESTRING(-109.5723038 37.2805366,-109.5455735 37.2862272)",0711
400,v,54,226,83737769.0,,9,7,"LINESTRING(-109.571271 37.2813213,-109.5533622 37.2838591)",0706
401,v,71,148,83771332.0,,9,7,"LINESTRING(-109.5722736 37.2803191,-109.5527205 37.284306)",0728
402,v,71,37,83771332.0,83713259.0,9,7,"LINESTRING(-109.5722736 37.2803191,-109.5536859 37.285694)",0710
403,v,19,149,83629532.0,,9,7,"LINESTRING(-109.5698132 37.2823862,-109.5523881 37.2837137)",0725
404,v,54,178,83737769.0,,9,7,"LINESTRING(-109.571271 37.2813213,-109.5540142 37.2838359)",0745
405,v,71,201,83771332.0,,9,7,"LINESTRING(-109.5722736 37.2803191,-109.5562853 37.2851866)",0735
406,v,71,217,83771332.0,,9,7,"LINESTRING(-109.5722736 37.2803191,-109.5522611 37.2840106)",0726
407,v,79,172,1030019391.0,,9,7,"LINESTRING(-109.5779966 37.2831107,-109.5524528 37.283771)",0752
408,v,166,215,,,9,7,"LINESTRING(-109.571447 37.2801683,-109.5568614 37.2854049)",0718
409,v,254,201,,,9,7,"LINESTRING(-109.5725302 37.2800833,-109.5562853 37.2851866)",0713
410,v,79,224,1030019391.0,,9,7,"LINESTRING(-109.5779966 37.2831107,-109.5469595 37.2869372)",0716
411,v,189,159,,,9,7,"LINESTRING(-109.577207 37.278781,-109.5532719 37.2841136)",0721
412,v,71,179,83771332.0,,9,7,"LINESTRING(-109.5722736 37.2803191,-109.5528572 37.2835536)",0742
413,v,166,84,,1330151423.0,9,7,"LINESTRING(-109.571447 37.2801683,-109.5532679 37.288825)",0754
414,v,254,244,,,9,7,"LINESTRING(-109.5725302 37.2800833,-109.5513952 37.2840157)",0720
415,v,14,244,83629496.0,,9,7,"LINESTRING(-109.5698717 37.2831853,-109.5513952 37.2840157)",0800
416,v,54,247,83737769.0,,9,7,"LINESTRING(-109.571271 37.2813213,-109.5523816 37.2841775)",0754
417,v,54,221,83737769.0,,9,7,"LINESTRING(-109.571271 37.2813213,-109.5528575 37.2836181)",0759
418,v,54,167,83737769.0,,9,7,"LINESTRING(-109.571271 37.2813213,-109.552902 37.2841229)",0737
419,v,70,43,83771326.0,83721554.0,9,7,"LINESTRING(-109.5711227 37.28038,-109.5553221 37.2856512)",0721
420,v,166,148,,,9,7,"LINESTRING(-109.571447 37.2801683,-109.5527205 37.284306)",0740
421,v,19,227,83629532.0,,9,8,"LINESTRING(-109.5698132 37.2823862,-109.5406439 37.2840387)",0759
422,v,235,180,,,9,8,"LINESTRING(-109.5723038 37.2805366,-109.5419113 37.287715)",0733
423,v,166,41,,83717215.0,9,10,"LINESTRING(-109.571447 37.2801683,-109.56649 37.2791038)",0751
424,v,79,158,1030019391.0,,9,10,"LINESTRING(-109.5779966 37.2831107,-109.5573324 37.2833148)",0745
425,v,70,158,83771326.0,,9,10,"LINESTRING(-109.5711227 37.28038,-109.5573324 37.2833148)",0735
426,v,15,211,83629497.0,,9,10,"LINESTRING(-109.5713788 37.2830515,-109.5647891 37.2813594)",0722
427,v,79,243,1030019391.0,,9,10,"LINESTRING(-109.5779966 37.2831107,-109.5593795 37.2823991)",0738
428,v,254,240,,,9,10,"LINESTRING(-109.5725302 37.2800833,-109.557271 37.2831428)",0720
429,v,55,41,83737775.0,83717215.0,9,10,"LINESTRING(-109.5697171 37.2814331,-109.56649 37.2791038)",0728
430,v,20,204,83629534.0,,9,10,"LINESTRING(-109.571338 37.282287,-109.5577502 37.2832031)",0757
431,v,79,255,1030019391.0,,9,10,"LINESTRING(-109.5779966 37.2831107,-109.5621134 37.2816062)",0712
432,v,170,112,,3801403348.0,9,10,"LINESTRING(-109.5766547 37.2793442,-109.5662933 37.2775978)",0725
433,v,166,160,,,9,10,"LINESTRING(-109.571447 37.2801683,-109.567071 37.282368)",0725
434,v,55,199,83737775.0,,9,10,"LINESTRING(-109.5697171 37.2814331,-109.567734 37.282186)",0718
435,v,14,208,83629496.0,,9,10,"LINESTRING(-109.5698717 37.2831853,-109.5671011 37.2834742)",0732
436,v,166,27,,83692120.0,9,10,"LINESTRING(-109.571447 37.2801683,-109.5695476 37.279706)",0753
437,v,70,234,83771326.0,,9,10,"LINESTRING(-109.5711227 37.28038,-109.5582445 37.2821143)",0708
438,v,254,13,,83629495.0,9,10,"LINESTRING(-109.5725302 37.2800833,-109.5683662 37.2832676)",0710
439,v,170,112,,3801403348.0,9,10,"LINESTRING(-109.5766547 37.2793442,-109.5662933 37.2775978)",0800
440,v,79,162,1030019391.0,,9,10,"LINESTRING(-109.5779966 37.2831107,-109.5589656 37.2825079)",0733
441,v,20,67,83629534.0,83757599.0,9,10,"LINESTRING(-109.571338 37.282287,-109.5696165 37.2804687)",0757
442,v,71,171,83771332.0,,9,10,"LINESTRING(-109.5722736 37.2803191,-109.5685831 37.2827192)",0728
443,v,20,171,83629534.0,,9,10,"LINESTRING(-109.571338 37.282287,-109.5685831 37.2827192)",0711
444,v,14,32,83629496.0,83709113.0,9,10,"LINESTRING(-109.5698717 37.2831853,-109.5694176 37.2789758)",0716
445,v,79,158,1030019391.0,,9,10,"LINESTRING(-109.5779966 37.2831107,-109.5573324 37.2833148)",0706
446,v,15,50,83629497.0,83734491.0,9,10,"LINESTRING(-109.5713788 37.2830515,-109.5681056 37.2805577)",0727
447,v,20,50,83629534.0,83734491.0,9,10,"LINESTRING(-109.571338 37.282287,-109.5681056 37.2805577)",0721
448,v,166,50,,83734491.0,9,10,"LINESTRING(-109.571447 37.2801683,-109.5681056 37.2805577)",0730
449,v,55,193,83737775.0,,9,10,"LINESTRING(-109.5697171 37.2814331,-109.5596213 37.2834062)",0746
450,v,170,206,,,9,10,"LINESTRING(-109.5766547 37.2793442,-109.5694749 37.281131)",0750
451,v,14,229,83629496.0,,9,10,"LINESTRING(-109.5698717 37.2831853,-109.5687679 37.2812283)",0755
452,v,166,13,,83629495.0,9,10,"LINESTRING(-109.571447 37.2801683,-109.5683662 37.2832676)",0713
453,v,71,160,83771332.0,,9,10,"LINESTRING(-109.5722736 37.2803191,-109.567071 37.282368)",0715
454,v,70,31,83771326.0,83709098.0,9,10,"LINESTRING(-109.5711227 37.28038,-109.5679571 37.2790142)",0740
455,v,189,49,,83734489.0,9,10,"LINESTRING(-109.577207 37.278781,-109.5680318 37.2797906)",0714
456,v,70,59,83771326.0,83741044.0,9,10,"LINESTRING(-109.5711227 37.28038,-109.5665715 37.279904)",0800
457,v,166,50,,83734491.0,9,10,"LINESTRING(-109.571447 37.2801683,-109.5681056 37.2805577)",0735
458,v,19,251,83629532.0,,9,10,"LINESTRING(-109.5698132 37.2823862,-109.5685303 37.2811247)",0731
459,v,235,193,,,9,10,"LINESTRING(-109.5723038 37.2805366,-109.5596213 37.2834062)",0702
460,v,170,162,,,9,10,"LINESTRING(-109.5766547 37.2793442,-109.5589656 37.2825079)",0716
461,v,166,211,,,9,10,"LINESTRING(-109.571447 37.2801683,-109.5647891 37.2813594)",0706
462,v,166,190,,,9,10,"LINESTRING(-109.571447 37.2801683,-109.5595771 37.2826893)",0745
463,v,254,234,,,9,10,"LINESTRING(-109.5725302 37.2800833,-109.5582445 37.2821143)",0741
464,v,166,49,,83734489.0,9,10,"LINESTRING(-109.571447 37.2801683,-109.5680318 37.2797906)",0737
465,v,71,18,83771332.0,83629530.0,9,10,"LINESTRING(-109.5722736 37.2803191,-109.5682903 37.2824789)",0745
466,v,54,27,83737769.0,83692120.0,9,10,"LINESTRING(-109.571271 37.2813213,-109.5695476 37.279706)",0713
467,v,235,197,,,9,11,"LINESTRING(-109.5723038 37.2805366,-109.5528562 37.283312)",0742
468,v,54,228,83737769.0,,9,11,"LINESTRING(-109.571271 37.2813213,-109.5528569 37.283489)",0702
469,v,70,209,83771326.0,,9,11,"LINESTRING(-109.5711227 37.28038,-109.5523066 37.2832604)",0724
470,v,55,198,83737775.0,,9,11,"LINESTRING(-109.5697171 37.2814331,-109.5532799 37.2832264)",0704
471,v,189,191,,,9,12,"LINESTRING(-109.577207 37.278781,-109.5405438 37.2834472)",0719
472,v,189,191,,,9,12,"LINESTRING(-109.577207 37.278781,-109.5405438 37.2834472)",0747
473,v,70,142,83771326.0,,9,19,"LINESTRING(-109.5711227 37.28038,-109.5376123 37.2955)",0726
474,v,79,146,1030019391.0,,9,21,"LINESTRING(-109.5779966 37.2831107,-109.5306 37.2864311)",0719
475,v,28,150,83703929.0,,10,5,"LINESTRING(-109.5666469 37.2806436,-109.5697317 37.2838803)",0751
476,v,240,150,,,10,5,"LINESTRING(-109.557271 37.2831428,-109.5697317 37.2838803)",0721
477,v,56,6,83741035.0,83614585.0,10,6,"LINESTRING(-109.5667452 37.2816075,-109.5600255 37.285309)",0736
478,v,57,88,83741037.0,1331799412.0,10,6,"LINESTRING(-109.5669202 37.2833253,-109.5570964 37.289252)",0750
479,v,49,156,83734489.0,,10,6,"LINESTRING(-109.5680318 37.2797906,-109.5576521 37.2845586)",0743
480,v,246,214,,,10,6,"LINESTRING(-109.5619808 37.2817581,-109.5591086 37.2851679)",0726
481,v,50,205,83734491.0,,10,6,"LINESTRING(-109.5681056 37.2805577,-109.55757 37.2852757)",0702
482,v,199,214,,,10,6,"LINESTRING(-109.567734 37.282186,-109.5591086 37.2851679)",0710
483,v,206,222,,,10,6,"LINESTRING(-109.5694749 37.281131,-109.5579112 37.2852333)",0710
484,v,219,75,,1029987721.0,10,6,"LINESTRING(-109.559317 37.2820492,-109.5584587 37.2862383)",0706
485,v,234,222,,,10,6,"LINESTRING(-109.5582445 37.2821143,-109.5579112 37.2852333)",0753
486,v,18,238,83629530.0,,10,6,"LINESTRING(-109.5682903 37.2824789,-109.5576561 37.284662)",0751
487,v,237,6,,83614585.0,10,6,"LINESTRING(-109.5629311 37.2814738,-109.5600255 37.285309)",0709
488,v,57,220,83741037.0,,10,6,"LINESTRING(-109.5669202 37.2833253,-109.5574885 37.2837023)",0725
489,v,173,202,,,10,6,"LINESTRING(-109.5570134 37.2826692,-109.5573064 37.2837054)",0710
490,v,28,202,83703929.0,,10,6,"LINESTRING(-109.5666469 37.2806436,-109.5573064 37.2837054)",0744
491,v,206,58,,83741039.0,10,6,"LINESTRING(-109.5694749 37.281131,-109.5669459 37.283577)",0800
492,v,243,72,,436676529.0,10,6,"LINESTRING(-109.5593795 37.2823991,-109.5609665 37.2870722)",0752
493,v,193,207,,,10,6,"LINESTRING(-109.5596213 37.2834062,-109.5692496 37.2838117)",0748
494,v,241,4,,83614581.0,10,6,"LINESTRING(-109.5688981 37.282688,-109.5583982 37.285596)",0737
495,v,251,225,,,10,6,"LINESTRING(-109.5685303 37.2811247,-109.5580194 37.2840724)",0722
496,v,219,214,,,10,6,"LINESTRING(-109.559317 37.2820492,-109.5591086 37.2851679)",0715
497,v,45,177,83726606.0,,10,6,"LINESTRING(-109.5664269 37.2783889,-109.5599343 37.2857083)",0759
498,v,251,58,,83741039.0,10,6,"LINESTRING(-109.5685303 37.2811247,-109.5669459 37.283577)",0759
499,v,56,225,83741035.0,,10,6,"LINESTRING(-109.5667452 37.2816075,-109.5580194 37.2840724)",0756
500,v,112,81,3801403348.0,1030045659.0,10,6,"LINESTRING(-109.5662933 37.2775978,-109.5652556 37.2883349)",0721
501,v,208,225,,,10,6,"LINESTRING(-109.5671011 37.2834742,-109.5580194 37.2840724)",0702
502,v,204,223,,,10,6,"LINESTRING(-109.5577502 37.2832031,-109.560508 37.2867291)",0733
503,v,246,88,,1331799412.0,10,6,"LINESTRING(-109.5619808 37.2817581,-109.5570964 37.289252)",0738
504,v,251,252,,,10,6,"LINESTRING(-109.5685303 37.2811247,-109.5591611 37.284811)",0703
505,v,66,17,83751036.0,83629512.0,10,6,"LINESTRING(-109.5653887 37.2834136,-109.5684056 37.2837785)",0751
506,v,67,218,83757599.0,,10,6,"LINESTRING(-109.5696165 37.2804687,-109.5657039 37.2839058)",0723
507,v,18,156,83629530.0,,10,6,"LINESTRING(-109.5682903 37.2824789,-109.5576521 37.2845586)",0706
508,v,158,220,,,10,6,"LINESTRING(-109.5573324 37.2833148,-109.5574885 37.2837023)",0723
509,v,57,207,83741037.0,,10,6,"LINESTRING(-109.5669202 37.2833253,-109.5692496 37.2838117)",0719
510,v,158,24,,83651148.0,10,6,"LINESTRING(-109.5573324 37.2833148,-109.5588494 37.2844233)",0725
511,v,32,205,83709113.0,,10,6,"LINESTRING(-109.5694176 37.2789758,-109.55757 37.2852757)",0719
512,v,162,252,,,10,6,"LINESTRING(-109.5589656 37.2825079,-109.5591611 37.284811)",0719
513,v,59,205,83741044.0,,10,6,"LINESTRING(-109.5665715 37.279904,-109.55757 37.2852757)",0759
514,v,59,154,83741044.0,,10,6,"LINESTRING(-109.5665715 37.279904,-109.5601268 37.2856711)",0715
515,v,27,250,83692120.0,,10,6,"LINESTRING(-109.5695476 37.279706,-109.5594386 37.2851491)",0744
516,v,240,239,,,10,6,"LINESTRING(-109.557271 37.2831428,-109.5606614 37.286254)",0704
517,v,246,72,,436676529.0,10,6,"LINESTRING(-109.5619808 37.2817581,-109.5609665 37.2870722)",0741
518,v,13,181,83629495.0,,10,6,"LINESTRING(-109.5683662 37.2832676,-109.5606232 37.2865589)",0723
519,v,56,218,83741035.0,,10,6,"LINESTRING(-109.5667452 37.2816075,-109.5657039 37.2839058)",0736
520,v,30,238,83709097.0,,10,6,"LINESTRING(-109.5678566 37.2783093,-109.5576561 37.284662)",0722
521,v,219,174,,,10,6,"LINESTRING(-109.559317 37.2820492,-109.568227 37.2839252)",0747
522,v,31,223,83709098.0,,10,6,"LINESTRING(-109.5679571 37.2790142,-109.560508 37.2867291)",0703
523,v,243,88,,1331799412.0,10,6,"LINESTRING(-109.5593795 37.2823991,-109.5570964 37.289252)",0728
524,v,208,225,,,10,6,"LINESTRING(-109.5671011 37.2834742,-109.5580194 37.2840724)",0733
525,v,49,164,83734489.0,,10,6,"LINESTRING(-109.5680318 37.2797906,-109.5583507 37.2871624)",0720
526,v,246,218,,,10,6,"LINESTRING(-109.5619808 37.2817581,-109.5657039 37.2839058)",0707
527,v,234,220,,,10,6,"LINESTRING(-109.5582445 37.2821143,-109.5574885 37.2837023)",0721
528,v,234,205,,,10,6,"LINESTRING(-109.5582445 37.2821143,-109.55757 37.2852757)",0746
529,v,49,38,83734489.0,83713699.0,10,6,"LINESTRING(-109.5680318 37.2797906,-109.5571039 37.2856194)",0748
530,v,208,24,,83651148.0,10,6,"LINESTRING(-109.5671011 37.2834742,-109.5588494 37.2844233)",0731
531,v,31,75,83709098.0,1029987721.0,10,6,"LINESTRING(-109.5679571 37.2790142,-109.5584587 37.2862383)",0708
532,v,213,23,,83651071.0,10,6,"LINESTRING(-109.5589658 37.282752,-109.5591938 37.2857107)",0748
533,v,59,250,83741044.0,,10,6,"LINESTRING(-109.5665715 37.279904,-109.5594386 37.2851491)",0718
534,v,56,88,83741035.0,1331799412.0,10,6,"LINESTRING(-109.5667452 37.2816075,-109.5570964 37.289252)",0708
535,v,199,156,,,10,6,"LINESTRING(-109.567734 37.282186,-109.5576521 37.2845586)",0738
536,v,30,95,83709097.0,2447686969.0,10,6,"LINESTRING(-109.5678566 37.2783093,-109.5587983 37.2842327)",0756
537,v,162,218,,,10,6,"LINESTRING(-109.5589656 37.2825079,-109.5657039 37.2839058)",0709
538,v,27,220,83692120.0,,10,6,"LINESTRING(-109.5695476 37.279706,-109.5574885 37.2837023)",0732
539,v,158,169,,,10,6,"LINESTRING(-109.5573324 37.2833148,-109.5573399 37.2838146)",0741
540,v,57,250,83741037.0,,10,6,"LINESTRING(-109.5669202 37.2833253,-109.5594386 37.2851491)",0716
541,v,229,220,,,10,6,"LINESTRING(-109.5687679 37.2812283,-109.5574885 37.2837023)",0721
542,v,211,154,,,10,6,"LINESTRING(-109.5647891 37.2813594,-109.5601268 37.2856711)",0714
543,v,255,205,,,10,6,"LINESTRING(-109.5621134 37.2816062,-109.55757 37.2852757)",0715
544,v,160,154,,,10,6,"LINESTRING(-109.567071 37.282368,-109.5601268 37.2856711)",0721
545,v,45,238,83726606.0,,10,6,"LINESTRING(-109.5664269 37.2783889,-109.5576561 37.284662)",0708
546,v,56,95,83741035.0,2447686969.0,10,6,"LINESTRING(-109.5667452 37.2816075,-109.5587983 37.2842327)",0705
547,v,56,58,83741035.0,83741039.0,10,6,"LINESTRING(-109.5667452 37.2816075,-109.5669459 37.283577)",0713
548,v,219,88,,1331799412.0,10,6,"LINESTRING(-109.559317 37.2820492,-109.5570964 37.289252)",0727
549,v,41,220,83717215.0,,10,6,"LINESTRING(-109.56649 37.2791038,-109.5574885 37.2837023)",0741
550,v,30,168,83709097.0,,10,6,"LINESTRING(-109.5678566 37.2783093,-109.5580456 37.2839477)",0747
551,v,41,207,83717215.0,,10,6,"LINESTRING(-109.56649 37.2791038,-109.5692496 37.2838117)",0746
552,v,66,95,83751036.0,2447686969.0,10,6,"LINESTRING(-109.5653887 37.2834136,-109.5587983 37.2842327)",0743
553,v,56,217,83741035.0,,10,7,"LINESTRING(-109.5667452 37.2816075,-109.5522611 37.2840106)",0755
554,v,31,149,83709098.0,,10,7,"LINESTRING(-109.5679571 37.2790142,-109.5523881 37.2837137)",0756
555,v,59,7,83741044.0,83614587.0,10,7,"LINESTRING(-109.5665715 37.279904,-109.5519768 37.285719)",0753
556,v,56,110,83741035.0,3643520175.0,10,7,"LINESTRING(-109.5667452 37.2816075,-109.5519498 37.284387)",0703
557,v,18,215,83629530.0,,10,7,"LINESTRING(-109.5682903 37.2824789,-109.5568614 37.2854049)",0709
558,v,229,84,,1330151423.0,10,7,"LINESTRING(-109.5687679 37.2812283,-109.5532679 37.288825)",0742
559,v,213,226,,,10,7,"LINESTRING(-109.5589658 37.282752,-109.5533622 37.2838591)",0747
560,v,49,248,83734489.0,,10,7,"LINESTRING(-109.5680318 37.2797906,-109.5526718 37.283743)",0739
561,v,49,43,83734489.0,83721554.0,10,7,"LINESTRING(-109.5680318 37.2797906,-109.5553221 37.2856512)",0757
562,v,112,157,3801403348.0,,10,7,"LINESTRING(-109.5662933 37.2775978,-109.5544033 37.2839071)",0737
563,v,27,178,83692120.0,,10,7,"LINESTRING(-109.5695476 37.279706,-109.5540142 37.2838359)",0706
564,v,190,242,,,10,7,"LINESTRING(-109.5595771 37.2826893,-109.554981 37.283765)",0740
565,v,204,147,,,10,7,"LINESTRING(-109.5577502 37.2832031,-109.5505804 37.2846681)",0736
566,v,41,110,83717215.0,3643520175.0,10,7,"LINESTRING(-109.56649 37.2791038,-109.5519498 37.284387)",0743
567,v,27,159,83692120.0,,10,7,"LINESTRING(-109.5695476 37.279706,-109.5532719 37.2841136)",0705
568,v,13,7,83629495.0,83614587.0,10,7,"LINESTRING(-109.5683662 37.2832676,-109.5519768 37.285719)",0708
569,v,45,105,83726606.0,3634636956.0,10,7,"LINESTRING(-109.5664269 37.2783889,-109.5534637 37.2877532)",0706
570,v,31,157,83709098.0,,10,7,"LINESTRING(-109.5679571 37.2790142,-109.5544033 37.2839071)",0726
571,v,208,157,,,10,7,"LINESTRING(-109.5671011 37.2834742,-109.5544033 37.2839071)",0749
572,v,50,230,83734491.0,,10,7,"LINESTRING(-109.5681056 37.2805577,-109.5526164 37.284149)",0734
573,v,241,37,,83713259.0,10,7,"LINESTRING(-109.5688981 37.282688,-109.5536859 37.285694)",0726
574,v,160,248,,,10,7,"LINESTRING(-109.567071 37.282368,-109.5526718 37.283743)",0717
575,v,27,178,83692120.0,,10,7,"LINESTRING(-109.5695476 37.279706,-109.5540142 37.2838359)",0711
576,v,206,215,,,10,7,"LINESTRING(-109.5694749 37.281131,-109.5568614 37.2854049)",0800
577,v,158,201,,,10,7,"LINESTRING(-109.5573324 37.2833148,-109.5562853 37.2851866)",0724
578,v,18,248,83629530.0,,10,7,"LINESTRING(-109.5682903 37.2824789,-109.5526718 37.283743)",0749
579,v,112,176,3801403348.0,,10,7,"LINESTRING(-109.5662933 37.2775978,-109.5448831 37.2860932)",0728
580,v,173,153,,,10,7,"LINESTRING(-109.5570134 37.2826692,-109.5511544 37.2837281)",0713
581,v,66,105,83751036.0,3634636956.0,10,7,"LINESTRING(-109.5653887 37.2834136,-109.5534637 37.2877532)",0711
582,v,206,233,,,10,7,"LINESTRING(-109.5694749 37.281131,-109.5530985 37.2841156)",0710
583,v,66,37,83751036.0,83713259.0,10,7,"LINESTRING(-109.5653887 37.2834136,-109.5536859 37.285694)",0742
584,v,59,248,83741044.0,,10,7,"LINESTRING(-109.5665715 37.279904,-109.5526718 37.283743)",0727
585,v,204,37,,83713259.0,10,7,"LINESTRING(-109.5577502 37.2832031,-109.5536859 37.285694)",0741
586,v,219,244,,,10,7,"LINESTRING(-109.559317 37.2820492,-109.5513952 37.2840157)",0749
587,v,41,172,83717215.0,,10,7,"LINESTRING(-109.56649 37.2791038,-109.5524528 37.283771)",0752
588,v,31,105,83709098.0,3634636956.0,10,7,"LINESTRING(-109.5679571 37.2790142,-109.5534637 37.2877532)",0731
589,v,66,226,83751036.0,,10,7,"LINESTRING(-109.5653887 37.2834136,-109.5533622 37.2838591)",0758
590,v,27,172,83692120.0,,10,7,"LINESTRING(-109.5695476 37.279706,-109.5524528 37.283771)",0734
591,v,186,253,,,10,7,"LINESTRING(-109.5582895 37.2825923,-109.5533375 37.283576)",0731
592,v,173,196,,,10,7,"LINESTRING(-109.5570134 37.2826692,-109.5522161 37.2841824)",0717
593,v,66,43,83751036.0,83721554.0,10,7,"LINESTRING(-109.5653887 37.2834136,-109.5553221 37.2856512)",0747
594,v,213,248,,,10,7,"LINESTRING(-109.5589658 37.282752,-109.5526718 37.283743)",0800
595,v,241,224,,,10,7,"LINESTRING(-109.5688981 37.282688,-109.5469595 37.2869372)",0702
596,v,112,217,3801403348.0,,10,7,"LINESTRING(-109.5662933 37.2775978,-109.5522611 37.2840106)",0742
597,v,13,217,83629495.0,,10,7,"LINESTRING(-109.5683662 37.2832676,-109.5522611 37.2840106)",0719
598,v,243,179,,,10,7,"LINESTRING(-109.5593795 37.2823991,-109.5528572 37.2835536)",0744
599,v,32,244,83709113.0,,10,7,"LINESTRING(-109.5694176 37.2789758,-109.5513952 37.2840157)",0730
600,v,241,178,,,10,7,"LINESTRING(-109.5688981 37.282688,-109.5540142 37.2838359)",0717
601,v,243,233,,,10,7,"LINESTRING(-109.5593795 37.2823991,-109.5530985 37.2841156)",0748
602,v,243,148,,,10,7,"LINESTRING(-109.5593795 37.2823991,-109.5527205 37.284306)",0714
603,v,234,8,,83614591.0,10,7,"LINESTRING(-109.5582445 37.2821143,-109.5520641 37.2869207)",0710
604,v,13,217,83629495.0,,10,7,"LINESTRING(-109.5683662 37.2832676,-109.5522611 37.2840106)",0708
605,v,50,216,83734491.0,,10,7,"LINESTRING(-109.5681056 37.2805577,-109.5451576 37.2862233)",0738
606,v,30,248,83709097.0,,10,7,"LINESTRING(-109.5678566 37.2783093,-109.5526718 37.283743)",0731
607,v,213,188,,,10,7,"LINESTRING(-109.5589658 37.282752,-109.5473324 37.2872509)",0708
608,v,59,8,83741044.0,83614591.0,10,7,"LINESTRING(-109.5665715 37.279904,-109.5520641 37.2869207)",0702
609,v,173,43,,83721554.0,10,7,"LINESTRING(-109.5570134 37.2826692,-109.5553221 37.2856512)",0710
610,v,241,226,,,10,7,"LINESTRING(-109.5688981 37.282688,-109.5533622 37.2838591)",0744
611,v,251,221,,,10,7,"LINESTRING(-109.5685303 37.2811247,-109.5528575 37.2836181)",0749
612,v,229,84,,1330151423.0,10,7,"LINESTRING(-109.5687679 37.2812283,-109.5532679 37.288825)",0741
613,v,162,122,,6578195588.0,10,7,"LINESTRING(-109.5589656 37.2825079,-109.5519334 37.2835771)",0702
614,v,158,216,,,10,7,"LINESTRING(-109.5573324 37.2833148,-109.5451576 37.2862233)",0705
615,v,171,244,,,10,7,"LINESTRING(-109.5685831 37.2827192,-109.5513952 37.2840157)",0720
616,v,56,203,83741035.0,,10,7,"LINESTRING(-109.5667452 37.2816075,-109.5558592 37.2854583)",0713
617,v,229,180,,,10,8,"LINESTRING(-109.5687679 37.2812283,-109.5419113 37.287715)",0741
618,v,171,227,,,10,8,"LINESTRING(-109.5685831 37.2827192,-109.5406439 37.2840387)",0712
619,v,186,180,,,10,8,"LINESTRING(-109.5582895 37.2825923,-109.5419113 37.287715)",0744
620,v,51,166,83734493.0,,10,9,"LINESTRING(-109.5681977 37.2815162,-109.571447 37.2801683)",0800
621,v,56,166,83741035.0,,10,9,"LINESTRING(-109.5667452 37.2816075,-109.571447 37.2801683)",0734
622,v,251,20,,83629534.0,10,9,"LINESTRING(-109.5685303 37.2811247,-109.571338 37.282287)",0707
623,v,234,71,,83771332.0,10,9,"LINESTRING(-109.5582445 37.2821143,-109.5722736 37.2803191)",0725
624,v,57,55,83741037.0,83737775.0,10,9,"LINESTRING(-109.5669202 37.2833253,-109.5697171 37.2814331)",0754
625,v,237,19,,83629532.0,10,9,"LINESTRING(-109.5629311 37.2814738,-109.5698132 37.2823862)",0708
626,v,18,14,83629530.0,83629496.0,10,9,"LINESTRING(-109.5682903 37.2824789,-109.5698717 37.2831853)",0729
627,v,213,235,,,10,9,"LINESTRING(-109.5589658 37.282752,-109.5723038 37.2805366)",0747
628,v,246,15,,83629497.0,10,9,"LINESTRING(-109.5619808 37.2817581,-109.5713788 37.2830515)",0715
629,v,208,70,,83771326.0,10,9,"LINESTRING(-109.5671011 37.2834742,-109.5711227 37.28038)",0753
630,v,27,70,83692120.0,83771326.0,10,9,"LINESTRING(-109.5695476 37.279706,-109.5711227 37.28038)",0709
631,v,229,166,,,10,9,"LINESTRING(-109.5687679 37.2812283,-109.571447 37.2801683)",0726
632,v,219,54,,83737769.0,10,9,"LINESTRING(-109.559317 37.2820492,-109.571271 37.2813213)",0718
633,v,237,166,,,10,9,"LINESTRING(-109.5629311 37.2814738,-109.571447 37.2801683)",0738
634,v,255,254,,,10,9,"LINESTRING(-109.5621134 37.2816062,-109.5725302 37.2800833)",0759
635,v,28,235,83703929.0,,10,9,"LINESTRING(-109.5666469 37.2806436,-109.5723038 37.2805366)",0749
636,v,208,54,,83737769.0,10,9,"LINESTRING(-109.5671011 37.2834742,-109.571271 37.2813213)",0751
637,v,49,70,83734489.0,83771326.0,10,9,"LINESTRING(-109.5680318 37.2797906,-109.5711227 37.28038)",0707
638,v,213,235,,,10,9,"LINESTRING(-109.5589658 37.282752,-109.5723038 37.2805366)",0718
639,v,243,19,,83629532.0,10,9,"LINESTRING(-109.5593795 37.2823991,-109.5698132 37.2823862)",0745
640,v,211,79,,1030019391.0,10,9,"LINESTRING(-109.5647891 37.2813594,-109.5779966 37.2831107)",0747
641,v,18,19,83629530.0,83629532.0,10,9,"LINESTRING(-109.5682903 37.2824789,-109.5698132 37.2823862)",0702
642,v,206,254,,,10,9,"LINESTRING(-109.5694749 37.281131,-109.5725302 37.2800833)",0754
643,v,31,19,83709098.0,83629532.0,10,9,"LINESTRING(-109.5679571 37.2790142,-109.5698132 37.2823862)",0732
644,v,45,170,83726606.0,,10,9,"LINESTRING(-109.5664269 37.2783889,-109.5766547 37.2793442)",0717
645,v,18,79,83629530.0,1030019391.0,10,9,"LINESTRING(-109.5682903 37.2824789,-109.5779966 37.2831107)",0752
646,v,229,235,,,10,9,"LINESTRING(-109.5687679 37.2812283,-109.5723038 37.2805366)",0716
647,v,56,235,83741035.0,,10,9,"LINESTRING(-109.5667452 37.2816075,-109.5723038 37.2805366)",0710
648,v,13,235,83629495.0,,10,9,"LINESTRING(-109.5683662 37.2832676,-109.5723038 37.2805366)",0737
649,v,193,15,,83629497.0,10,9,"LINESTRING(-109.5596213 37.2834062,-109.5713788 37.2830515)",0732
650,v,67,14,83757599.0,83629496.0,10,9,"LINESTRING(-109.5696165 37.2804687,-109.5698717 37.2831853)",0721
651,v,32,19,83709113.0,83629532.0,10,9,"LINESTRING(-109.5694176 37.2789758,-109.5698132 37.2823862)",0713
652,v,193,54,,83737769.0,10,9,"LINESTRING(-109.5596213 37.2834062,-109.571271 37.2813213)",0703
653,v,32,54,83709113.0,83737769.0,10,9,"LINESTRING(-109.5694176 37.2789758,-109.571271 37.2813213)",0733
654,v,173,14,,83629496.0,10,9,"LINESTRING(-109.5570134 37.2826692,-109.5698717 37.2831853)",0758
655,v,13,170,83629495.0,,10,9,"LINESTRING(-109.5683662 37.2832676,-109.5766547 37.2793442)",0713
656,v,27,254,83692120.0,,10,9,"LINESTRING(-109.5695476 37.279706,-109.5725302 37.2800833)",0732
657,v,241,170,,,10,9,"LINESTRING(-109.5688981 37.282688,-109.5766547 37.2793442)",0706
658,v,66,235,83751036.0,,10,9,"LINESTRING(-109.5653887 37.2834136,-109.5723038 37.2805366)",0733
659,v,57,14,83741037.0,83629496.0,10,9,"LINESTRING(-109.5669202 37.2833253,-109.5698717 37.2831853)",0751
660,v,49,166,83734489.0,,10,9,"LINESTRING(-109.5680318 37.2797906,-109.571447 37.2801683)",0756
661,v,234,166,,,10,9,"LINESTRING(-109.5582445 37.2821143,-109.571447 37.2801683)",0703
662,v,173,55,,83737775.0,10,9,"LINESTRING(-109.5570134 37.2826692,-109.5697171 37.2814331)",0704
663,v,246,55,,83737775.0,10,9,"LINESTRING(-109.5619808 37.2817581,-109.5697171 37.2814331)",0754
664,v,27,170,83692120.0,,10,9,"LINESTRING(-109.5695476 37.279706,-109.5766547 37.2793442)",0714
665,v,18,71,83629530.0,83771332.0,10,9,"LINESTRING(-109.5682903 37.2824789,-109.5722736 37.2803191)",0727
666,v,41,71,83717215.0,83771332.0,10,9,"LINESTRING(-109.56649 37.2791038,-109.5722736 37.2803191)",0753
667,v,211,254,,,10,9,"LINESTRING(-109.5647891 37.2813594,-109.5725302 37.2800833)",0733
668,v,45,254,83726606.0,,10,9,"LINESTRING(-109.5664269 37.2783889,-109.5725302 37.2800833)",0703
669,v,50,54,83734491.0,83737769.0,10,9,"LINESTRING(-109.5681056 37.2805577,-109.571271 37.2813213)",0757
670,v,204,170,,,10,9,"LINESTRING(-109.5577502 37.2832031,-109.5766547 37.2793442)",0707
671,v,240,79,,1030019391.0,10,9,"LINESTRING(-109.557271 37.2831428,-109.5779966 37.2831107)",0702
672,v,28,183,83703929.0,,10,11,"LINESTRING(-109.5666469 37.2806436,-109.5530186 37.2832271)",0722
673,v,41,182,83717215.0,,10,11,"LINESTRING(-109.56649 37.2791038,-109.5531058 37.2832269)",0750
674,v,240,198,,,10,11,"LINESTRING(-109.557271 37.2831428,-109.5532799 37.2832264)",0708
675,v,41,185,83717215.0,,10,11,"LINESTRING(-109.56649 37.2791038,-109.5527347 37.283359)",0725
676,v,67,209,83757599.0,,10,11,"LINESTRING(-109.5696165 37.2804687,-109.5523066 37.2832604)",0748
677,v,57,209,83741037.0,,10,11,"LINESTRING(-109.5669202 37.2833253,-109.5523066 37.2832604)",0723
678,v,237,195,,,10,11,"LINESTRING(-109.5629311 37.2814738,-109.5550824 37.2833971)",0732
679,v,67,198,83757599.0,,10,11,"LINESTRING(-109.5696165 37.2804687,-109.5532799 37.2832264)",0755
680,v,240,184,,,10,11,"LINESTRING(-109.557271 37.2831428,-109.5565813 37.2820516)",0712
681,v,211,191,,,10,12,"LINESTRING(-109.5647891 37.2813594,-109.5405438 37.2834472)",0724
682,v,243,191,,,10,12,"LINESTRING(-109.5593795 37.2823991,-109.5405438 37.2834472)",0738
683,v,59,191,83741044.0,,10,12,"LINESTRING(-109.5665715 37.279904,-109.5405438 37.2834472)",0733
684,v,51,191,83734493.0,,10,12,"LINESTRING(-109.5681977 37.2815162,-109.5405438 37.2834472)",0734
685,v,190,142,,,10,19,"LINESTRING(-109.5595771 37.2826893,-109.5376123 37.2955)",0754
686,v,204,142,,,10,19,"LINESTRING(-109.5577502 37.2832031,-109.5376123 37.2955)",0740
687,v,112,146,3801403348.0,,10,21,"LINESTRING(-109.5662933 37.2775978,-109.5306 37.2864311)",0759
688,v,45,137,83726606.0,,10,21,"LINESTRING(-109.5664269 37.2783889,-109.5306 37.2846293)",0743
689,v,245,163,,,11,5,"LINESTRING(-109.5531929 37.2832267,-109.5697349 37.2837554)",0709
690,v,197,23,,83651071.0,11,6,"LINESTRING(-109.5528562 37.283312,-109.5591938 37.2857107)",0725
691,v,195,88,,1331799412.0,11,6,"LINESTRING(-109.5550824 37.2833971,-109.5570964 37.289252)",0712
692,v,245,17,,83629512.0,11,6,"LINESTRING(-109.5531929 37.2832267,-109.5684056 37.2837785)",0710
693,v,236,151,,,11,6,"LINESTRING(-109.55336 37.2833497,-109.5583103 37.2840083)",0753
694,v,195,72,,436676529.0,11,6,"LINESTRING(-109.5550824 37.2833971,-109.5609665 37.2870722)",0800
695,v,184,202,,,11,6,"LINESTRING(-109.5565813 37.2820516,-109.5573064 37.2837054)",0727
696,v,257,153,,,11,7,"LINESTRING(-109.5539633 37.2833762,-109.5511544 37.2837281)",0710
697,v,212,201,,,11,7,"LINESTRING(-109.5529315 37.2832273,-109.5562853 37.2851866)",0754
698,v,231,176,,,11,7,"LINESTRING(-109.5533603 37.2834142,-109.5448831 37.2860932)",0724
699,v,183,210,,,11,7,"LINESTRING(-109.5530186 37.2832271,-109.5522484 37.2837838)",0758
700,v,198,201,,,11,7,"LINESTRING(-109.5532799 37.2832264,-109.5562853 37.2851866)",0711
701,v,257,248,,,11,7,"LINESTRING(-109.5539633 37.2833762,-109.5526718 37.283743)",0725
702,v,209,180,,,11,8,"LINESTRING(-109.5523066 37.2832604,-109.5419113 37.287715)",0748
703,v,228,19,,83629532.0,11,9,"LINESTRING(-109.5528569 37.283489,-109.5698132 37.2823862)",0712
704,v,228,19,,83629532.0,11,9,"LINESTRING(-109.5528569 37.283489,-109.5698132 37.2823862)",0707
705,v,195,166,,,11,9,"LINESTRING(-109.5550824 37.2833971,-109.571447 37.2801683)",0744
706,v,257,20,,83629534.0,11,9,"LINESTRING(-109.5539633 37.2833762,-109.571338 37.282287)",0727
707,v,256,173,,,11,10,"LINESTRING(-109.5567444 37.2818803,-109.5570134 37.2826692)",0749
708,v,197,211,,,11,10,"LINESTRING(-109.5528562 37.283312,-109.5647891 37.2813594)",0734
709,v,198,173,,,11,10,"LINESTRING(-109.5532799 37.2832264,-109.5570134 37.2826692)",0751
710,v,212,51,,83734493.0,11,10,"LINESTRING(-109.5529315 37.2832273,-109.5681977 37.2815162)",0732
711,v,256,158,,,11,10,"LINESTRING(-109.5567444 37.2818803,-109.5573324 37.2833148)",0727
712,v,256,50,,83734491.0,11,10,"LINESTRING(-109.5567444 37.2818803,-109.5681056 37.2805577)",0754
713,v,183,204,,,11,10,"LINESTRING(-109.5530186 37.2832271,-109.5577502 37.2832031)",0737
714,v,231,191,,,11,12,"LINESTRING(-109.5533603 37.2834142,-109.5405438 37.2834472)",0741
715,v,195,142,,,11,19,"LINESTRING(-109.5550824 37.2833971,-109.5376123 37.2955)",0747
716,v,197,135,,,11,21,"LINESTRING(-109.5528562 37.283312,-109.5306 37.2892289)",0745
717,v,191,163,,,12,5,"LINESTRING(-109.5405438 37.2834472,-109.5697349 37.2837554)",0726
718,v,191,218,,,12,6,"LINESTRING(-109.5405438 37.2834472,-109.5657039 37.2839058)",0713
719,v,191,38,,83713699.0,12,6,"LINESTRING(-109.5405438 37.2834472,-109.5571039 37.2856194)",0720
720,v,191,225,,,12,6,"LINESTRING(-109.5405438 37.2834472,-109.5580194 37.2840724)",0723
721,v,191,244,,,12,7,"LINESTRING(-109.5405438 37.2834472,-109.5513952 37.2840157)",0721
722,v,191,167,,,12,7,"LINESTRING(-109.5405438 37.2834472,-109.552902 37.2841229)",0718
723,v,191,224,,,12,7,"LINESTRING(-109.5405438 37.2834472,-109.5469595 37.2869372)",0717
724,v,191,227,,,12,8,"LINESTRING(-109.5405438 37.2834472,-109.5406439 37.2840387)",0751
725,v,191,235,,,12,9,"LINESTRING(-109.5405438 37.2834472,-109.5723038 37.2805366)",0737
726,v,191,71,,83771332.0,12,9,"LINESTRING(-109.5405438 37.2834472,-109.5722736 37.2803191)",0749
727,v,191,112,,3801403348.0,12,10,"LINESTRING(-109.5405438 37.2834472,-109.5662933 37.2775978)",0710
728,v,191,190,,,12,10,"LINESTRING(-109.5405438 37.2834472,-109.5595771 37.2826893)",0732
729,v,191,208,,,12,10,"LINESTRING(-109.5405438 37.2834472,-109.5671011 37.2834742)",0722
730,v,191,246,,,12,10,"LINESTRING(-109.5405438 37.2834472,-109.5619808 37.2817581)",0724
731,v,191,184,,,12,11,"LINESTRING(-109.5405438 37.2834472,-109.5565813 37.2820516)",0704
732,v,191,142,,,12,19,"LINESTRING(-109.5405438 37.2834472,-109.5376123 37.2955)",0735
733,v,191,137,,,12,21,"LINESTRING(-109.5405438 37.2834472,-109.5306 37.2846293)",0702
734,v,142,163,,,19,5,"LINESTRING(-109.5376123 37.2955,-109.5697349 37.2837554)",0755
735,v,142,218,,,19,6,"LINESTRING(-109.5376123 37.2955,-109.5657039 37.2839058)",0727
736,v,142,24,,83651148.0,19,6,"LINESTRING(-109.5376123 37.2955,-109.5588494 37.2844233)",0726
737,v,142,216,,,19,7,"LINESTRING(-109.5376123 37.2955,-109.5451576 37.2862233)",0708
738,v,142,179,,,19,7,"LINESTRING(-109.5376123 37.2955,-109.5528572 37.2835536)",0742
739,v,142,227,,,19,8,"LINESTRING(-109.5376123 37.2955,-109.5406439 37.2840387)",0722
740,v,142,71,,83771332.0,19,9,"LINESTRING(-109.5376123 37.2955,-109.5722736 37.2803191)",0759
741,v,142,45,,83726606.0,19,10,"LINESTRING(-109.5376123 37.2955,-109.5664269 37.2783889)",0715
742,v,142,66,,83751036.0,19,10,"LINESTRING(-109.5376123 37.2955,-109.5653887 37.2834136)",0711
743,v,142,184,,,19,11,"LINESTRING(-109.5376123 37.2955,-109.5565813 37.2820516)",0746
744,v,142,191,,,19,12,"LINESTRING(-109.5376123 37.2955,-109.5405438 37.2834472)",0706
745,v,142,146,,,19,21,"LINESTRING(-109.5376123 37.2955,-109.5306 37.2864311)",0710
746,v,145,163,,,21,5,"LINESTRING(-109.5306 37.2875661,-109.5697349 37.2837554)",0705
747,v,146,23,,83651071.0,21,6,"LINESTRING(-109.5306 37.2864311,-109.5591938 37.2857107)",0756
748,v,135,207,,,21,6,"LINESTRING(-109.5306 37.2892289,-109.5692496 37.2838117)",0723
749,v,135,43,,83721554.0,21,7,"LINESTRING(-109.5306 37.2892289,-109.5553221 37.2856512)",0706
750,v,111,196,3657855127.0,,21,7,"LINESTRING(-109.5306358 37.2857497,-109.5522161 37.2841824)",0747
751,v,146,227,,,21,8,"LINESTRING(-109.5306 37.2864311,-109.5406439 37.2840387)",0703
752,v,135,79,,1030019391.0,21,9,"LINESTRING(-109.5306 37.2892289,-109.5779966 37.2831107)",0713
753,v,137,208,,,21,10,"LINESTRING(-109.5306 37.2846293,-109.5671011 37.2834742)",0710
754,v,111,171,3657855127.0,,21,10,"LINESTRING(-109.5306358 37.2857497,-109.5685831 37.2827192)",0750
755,v,137,185,,,21,11,"LINESTRING(-109.5306 37.2846293,-109.5527347 37.283359)",0727
756,v,146,191,,,21,12,"LINESTRING(-109.5306 37.2864311,-109.5405438 37.2834472)",0717
757,v,145,142,,,21,19,"LINESTRING(-109.5306 37.2875661,-109.5376123 37.2955)",0740
