name,link_id,osm_way_id,from_node_id,to_node_id,dir_flag,length,lanes,free_speed,capacity,link_type_name,link_type,geometry,allowed_uses,from_biway,is_link
,0,10132985,134,100,1,172.1131682994571,2,29,,track,10,"LINESTRING (-109.5450175 37.2955, -109.5450853 37.295419, -109.5452355 37.2952313, -109.5453214 37.2950691, -109.5455789 37.2945357, -109.5456486 37.2943052, -109.5457076 37.2940662)",bike;walk,0,0
,1,10134448,2,3,1,44.47566666124841,1,29,,service,7,"LINESTRING (-109.5720777 37.2812169, -109.5720106 37.2808205)",bike;walk,1,0
,2,10134448,3,2,1,44.47566666124841,1,29,,service,7,"LINESTRING (-109.5720106 37.2808205, -109.5720777 37.2812169)",bike;walk,1,0
,3,10135111,4,5,1,44.050264087609115,1,29,,residential,6,"LINESTRING (-109.5583982 37.285596, -109.5588703 37.2854701)",auto;bike;walk,1,0
,4,10135111,5,4,1,44.050264087609115,1,29,,residential,6,"LINESTRING (-109.5588703 37.2854701, -109.5583982 37.285596)",auto;bike;walk,1,0
,5,10135111,5,6,1,103.75835579446438,1,29,,residential,6,"LINESTRING (-109.5588703 37.2854701, -109.5600255 37.285309)",auto;bike;walk,1,0
,6,10135111,6,5,1,103.75835579446438,1,29,,residential,6,"LINESTRING (-109.5600255 37.285309, -109.5588703 37.2854701)",auto;bike;walk,1,0
6th East Street,7,10135116,109,122,1,58.97441059783642,1,29,,residential,6,"LINESTRING (-109.5519226 37.2830468, -109.5519244 37.2831354, -109.5519334 37.2835771)",auto;bike;walk,1,0
6th East Street,8,10135116,122,109,1,58.97441059783642,1,29,,residential,6,"LINESTRING (-109.5519334 37.2835771, -109.5519244 37.2831354, -109.5519226 37.2830468)",auto;bike;walk,1,0
6th East Street,9,10135116,122,110,1,90.06845853048846,1,29,,residential,6,"LINESTRING (-109.5519334 37.2835771, -109.5519498 37.284387)",auto;bike;walk,1,0
6th East Street,10,10135116,110,122,1,90.06845853048846,1,29,,residential,6,"LINESTRING (-109.5519498 37.284387, -109.5519334 37.2835771)",auto;bike;walk,1,0
6th East Street,11,10135116,110,7,1,148.13090307737434,1,29,,residential,6,"LINESTRING (-109.5519498 37.284387, -109.5519768 37.285719)",auto;bike;walk,1,0
6th East Street,12,10135116,7,110,1,148.13090307737434,1,29,,residential,6,"LINESTRING (-109.5519768 37.285719, -109.5519498 37.284387)",auto;bike;walk,1,0
,13,10136443,9,10,1,1607.1698654445115,1,29,,track,10,"LINESTRING (-109.5499186 37.2761264, -109.5492831 37.2759975, -109.5486221 37.2760043, -109.5479439 37.2762859, -109.5474577 37.2764217, -109.546678 37.276484, -109.5443046 37.2768407, -109.5415446 37.2771655, -109.5397958 37.2774139, -109.5383903 37.2776709, -109.5379449 37.277727, -109.5373885 37.2777127, -109.5368169 37.2776406, -109.5366303 37.277688, -109.5363958 37.2779022, -109.5361357 37.2779765, -109.5352201 37.2779791, -109.5344058 37.2780367, -109.5337826 37.278151, -109.5335246 37.2782358, -109.5333328 37.2783466, -109.5331402 37.2784414, -109.5327142 37.278505, -109.5326145 37.2785754, -109.5325662 37.2786688, -109.5325501 37.2787755)",bike;walk,0,0
,14,10137273,13,14,1,133.50911234958727,1,29,,residential,6,"LINESTRING (-109.5683662 37.2832676, -109.5698717 37.2831853)",auto;bike;walk,1,0
,15,10137273,14,13,1,133.50911234958727,1,29,,residential,6,"LINESTRING (-109.5698717 37.2831853, -109.5683662 37.2832676)",auto;bike;walk,1,0
,16,10137273,14,15,1,134.16433025564086,1,29,,residential,6,"LINESTRING (-109.5698717 37.2831853, -109.5713788 37.2830515)",auto;bike;walk,1,0
,17,10137273,15,14,1,134.16433025564086,1,29,,residential,6,"LINESTRING (-109.5713788 37.2830515, -109.5698717 37.2831853)",auto;bike;walk,1,0
,18,10137273,15,79,1,586.9322520366277,1,29,,residential,6,"LINESTRING (-109.5713788 37.2830515, -109.5726979 37.2829838, -109.572942 37.2829923, -109.573119 37.2830083, -109.5734771 37.2830734, -109.5736166 37.2830926, -109.5738298 37.2831075, -109.5745755 37.2831086, -109.57628 37.2831043, -109.5779966 37.2831107)",auto;bike;walk,1,0
,19,10137273,79,15,1,586.9322520366277,1,29,,residential,6,"LINESTRING (-109.5779966 37.2831107, -109.57628 37.2831043, -109.5745755 37.2831086, -109.5738298 37.2831075, -109.5736166 37.2830926, -109.5734771 37.2830734, -109.573119 37.2830083, -109.572942 37.2829923, -109.5726979 37.2829838, -109.5713788 37.2830515)",auto;bike;walk,1,0
Black Locust,20,10137283,18,19,1,135.18944777914837,1,29,,residential,6,"LINESTRING (-109.5682903 37.2824789, -109.5695222 37.2824182, -109.5698132 37.2823862)",auto;bike;walk,1,0
Black Locust,21,10137283,19,18,1,135.18944777914837,1,29,,residential,6,"LINESTRING (-109.5698132 37.2823862, -109.5695222 37.2824182, -109.5682903 37.2824789)",auto;bike;walk,1,0
Black Locust,22,10137283,19,20,1,135.75462707066018,1,29,,residential,6,"LINESTRING (-109.5698132 37.2823862, -109.5705857 37.2823723, -109.5711369 37.2823286, -109.571338 37.282287)",auto;bike;walk,1,0
Black Locust,23,10137283,20,19,1,135.7546270706602,1,29,,residential,6,"LINESTRING (-109.571338 37.282287, -109.5711369 37.2823286, -109.5705857 37.2823723, -109.5698132 37.2823862)",auto;bike;walk,1,0
Black Locust,24,10137283,20,21,1,105.37290253729869,1,29,,residential,6,"LINESTRING (-109.571338 37.282287, -109.5715084 37.2822742, -109.5725263 37.282224)",auto;bike;walk,1,0
Black Locust,25,10137283,21,20,1,105.37290253729869,1,29,,residential,6,"LINESTRING (-109.5725263 37.282224, -109.5715084 37.2822742, -109.571338 37.282287)",auto;bike;walk,1,0
,26,10138816,135,22,1,140.2277416158677,1,29,,track,10,"LINESTRING (-109.5306 37.2892289, -109.5310937 37.2886222, -109.5312761 37.2884856, -109.5315443 37.2883917, -109.5316757 37.2883746)",auto;bike;walk,0,0
,27,10138816,22,103,1,88.52934153507242,1,29,,track,10,"LINESTRING (-109.5316757 37.2883746, -109.5318474 37.2883618, -109.532019 37.2883618, -109.5324884 37.288364, -109.5325769 37.2883576, -109.5326654 37.2883234)",auto;bike;walk,0,0
,28,10138816,103,104,1,895.2698214934634,1,29,,track,10,"LINESTRING (-109.5326654 37.2883234, -109.5335345 37.2878326, -109.5337222 37.2876982, -109.5339019 37.2875296, -109.5341246 37.2872308, -109.5342426 37.2871071, -109.5345215 37.2867144, -109.5348058 37.2862279, -109.5349239 37.286023, -109.5350097 37.2859419, -109.5351143 37.2858843, -109.5352001 37.2858395, -109.5353101 37.2857904, -109.5354093 37.2857626, -109.5355059 37.2857498, -109.5356239 37.2857584, -109.5359216 37.285784, -109.5361711 37.2857904, -109.5367692 37.2858075, -109.5371742 37.2858181, -109.5372547 37.2858267, -109.5374612 37.28588, -109.5375793 37.2858907, -109.5376865 37.2858886, -109.5378046 37.2858693, -109.5379387 37.2858416, -109.5380567 37.2858117, -109.5381264 37.2857818, -109.5382069 37.2857754, -109.5383008 37.2857861, -109.5385958 37.2858373, -109.5387702 37.2859014, -109.5388506 37.2859099, -109.5390518 37.2859248, -109.5392047 37.2859483, -109.5393576 37.2860038, -109.5394917 37.2860657, -109.5396311 37.2861596, -109.5397277 37.2862172, -109.539835 37.2862513, -109.5399423 37.2862641, -109.5401139 37.2862812, -109.5402749 37.2862876, -109.5404492 37.2862876, -109.5405646 37.2862855, -109.5406718 37.2862897, -109.5407925 37.2863068, -109.5408703 37.286309, -109.5409964 37.286309)",auto;bike;walk,0,0
North Pioneer Drive,29,10140447,23,75,1,115.55147748181413,1,29,,residential,6,"LINESTRING (-109.5591938 37.2857107, -109.5592937 37.2857866, -109.5593196 37.2858403, -109.5593341 37.2859175, -109.5592869 37.2859951, -109.5592189 37.2860416, -109.5591371 37.2860663, -109.5586008 37.286199, -109.5584587 37.2862383)",auto;bike;walk,1,0
North Pioneer Drive,30,10140447,75,23,1,115.55147748181415,1,29,,residential,6,"LINESTRING (-109.5584587 37.2862383, -109.5586008 37.286199, -109.5591371 37.2860663, -109.5592189 37.2860416, -109.5592869 37.2859951, -109.5593341 37.2859175, -109.5593196 37.2858403, -109.5592937 37.2857866, -109.5591938 37.2857107)",auto;bike;walk,1,0
North Pioneer Drive,31,10140447,75,74,1,456.8966243447983,1,29,,residential,6,"LINESTRING (-109.5584587 37.2862383, -109.5582619 37.2862813, -109.5580197 37.2863608, -109.5578502 37.2864293, -109.5576875 37.2865298, -109.5575603 37.2866364, -109.557384 37.2867977, -109.5572303 37.2869284, -109.5571088 37.2869965, -109.5569347 37.287082, -109.5567244 37.2871857, -109.5565722 37.2872805, -109.5564593 37.2873773, -109.5563496 37.2875327, -109.556068 37.2880215, -109.5558349 37.2882039, -109.5556144 37.2882622, -109.5553966 37.2882677, -109.5551467 37.2882127, -109.5549597 37.288218, -109.5548218 37.2883416, -109.5547363 37.2884798, -109.5546987 37.2885865)",auto;bike;walk,1,0
North Pioneer Drive,32,10140447,74,75,1,456.89662434479834,1,29,,residential,6,"LINESTRING (-109.5546987 37.2885865, -109.5547363 37.2884798, -109.5548218 37.2883416, -109.5549597 37.288218, -109.5551467 37.2882127, -109.5553966 37.2882677, -109.5556144 37.2882622, -109.5558349 37.2882039, -109.556068 37.2880215, -109.5563496 37.2875327, -109.5564593 37.2873773, -109.5565722 37.2872805, -109.5567244 37.2871857, -109.5569347 37.287082, -109.5571088 37.2869965, -109.5572303 37.2869284, -109.557384 37.2867977, -109.5575603 37.2866364, -109.5576875 37.2865298, -109.5578502 37.2864293, -109.5580197 37.2863608, -109.5582619 37.2862813, -109.5584587 37.2862383)",auto;bike;walk,1,0
,33,10141085,17,13,1,56.91633074746815,1,29,,residential,6,"LINESTRING (-109.5684056 37.2837785, -109.5683662 37.2832676)",auto;bike;walk,1,0
,34,10141085,13,17,1,56.91633074746815,1,29,,residential,6,"LINESTRING (-109.5683662 37.2832676, -109.5684056 37.2837785)",auto;bike;walk,1,0
,35,10142930,25,26,1,158.94120106123725,1,29,,service,7,"LINESTRING (-109.5593411 37.2829439, -109.5591077 37.2817431, -109.5592901 37.2815854)",bike;walk,1,0
,36,10142930,26,25,1,158.94120106123725,1,29,,service,7,"LINESTRING (-109.5592901 37.2815854, -109.5591077 37.2817431, -109.5593411 37.2829439)",bike;walk,1,0
,37,10142944,11,136,1,197.2145654439352,1,29,,service,7,"LINESTRING (-109.5325877 37.2819021, -109.5325743 37.2817698, -109.5325555 37.2817314, -109.5324991 37.2816951, -109.5324401 37.2816844, -109.5323838 37.2816887, -109.5323087 37.2817015, -109.5322256 37.2817228, -109.5318983 37.2817975, -109.5315309 37.2818551, -109.5309917 37.2819256, -109.5306 37.2819682)",bike;walk,1,0
,38,10142944,136,11,1,197.21456544393516,1,29,,service,7,"LINESTRING (-109.5306 37.2819682, -109.5309917 37.2819256, -109.5315309 37.2818551, -109.5318983 37.2817975, -109.5322256 37.2817228, -109.5323087 37.2817015, -109.5323838 37.2816887, -109.5324401 37.2816844, -109.5324991 37.2816951, -109.5325555 37.2817314, -109.5325743 37.2817698, -109.5325877 37.2819021)",bike;walk,1,0
,39,10144893,24,97,1,13.896088283658587,1,29,,service,7,"LINESTRING (-109.5588494 37.2844233, -109.5589032 37.2843747, -109.5589669 37.2843422)",bike;walk,1,0
,40,10144893,97,24,1,13.896088283658587,1,29,,service,7,"LINESTRING (-109.5589669 37.2843422, -109.5589032 37.2843747, -109.5588494 37.2844233)",bike;walk,1,0
,41,10144893,97,99,1,13.872796272087172,1,29,,service,7,"LINESTRING (-109.5589669 37.2843422, -109.5591237 37.2843411)",bike;walk,1,0
,42,10144893,99,97,1,13.872796272087172,1,29,,service,7,"LINESTRING (-109.5591237 37.2843411, -109.5589669 37.2843422)",bike;walk,1,0
,43,10144893,99,115,1,203.44870415100974,1,29,,service,7,"LINESTRING (-109.5591237 37.2843411, -109.5598922 37.2843199, -109.5599888 37.2843199, -109.5600612 37.2843412, -109.5601444 37.2843882, -109.5602812 37.2844863, -109.5604984 37.2846827, -109.5605682 37.284751, -109.5606138 37.2848107, -109.5606379 37.2848747, -109.5606486 37.2849622, -109.5606433 37.2850305, -109.5606272 37.2850881, -109.5605789 37.2852333)",bike;walk,1,0
,44,10144893,115,99,1,203.44870415100974,1,29,,service,7,"LINESTRING (-109.5605789 37.2852333, -109.5606272 37.2850881, -109.5606433 37.2850305, -109.5606486 37.2849622, -109.5606379 37.2848747, -109.5606138 37.2848107, -109.5605682 37.284751, -109.5604984 37.2846827, -109.5602812 37.2844863, -109.5601444 37.2843882, -109.5600612 37.2843412, -109.5599888 37.2843199, -109.5598922 37.2843199, -109.5591237 37.2843411)",bike;walk,1,0
,45,10149278,30,31,1,78.88407071711383,1,29,,residential,6,"LINESTRING (-109.5678566 37.2783093, -109.5679571 37.2790142)",auto;bike;walk,1,0
,46,10149278,31,30,1,78.88407071711383,1,29,,residential,6,"LINESTRING (-109.5679571 37.2790142, -109.5678566 37.2783093)",auto;bike;walk,1,0
400 South,47,10149281,32,30,1,205.95634490293062,1,29,,residential,6,"LINESTRING (-109.5694176 37.2789758, -109.5693264 37.2783846, -109.569309 37.2783473, -109.5692902 37.2783142, -109.569258 37.2782736, -109.5692137 37.2782406, -109.5691883 37.2782331, -109.5691574 37.278232, -109.5690783 37.2782395, -109.5678566 37.2783093)",auto;bike;walk,1,0
400 South,48,10149281,30,32,1,205.95634490293065,1,29,,residential,6,"LINESTRING (-109.5678566 37.2783093, -109.5690783 37.2782395, -109.5691574 37.278232, -109.5691883 37.2782331, -109.5692137 37.2782406, -109.569258 37.2782736, -109.5692902 37.2783142, -109.569309 37.2783473, -109.5693264 37.2783846, -109.5694176 37.2789758)",auto;bike;walk,1,0
400 South,49,10149281,30,45,1,126.80638120286363,1,29,,residential,6,"LINESTRING (-109.5678566 37.2783093, -109.5664269 37.2783889)",auto;bike;walk,1,0
400 South,50,10149281,45,30,1,126.80638120286363,1,29,,residential,6,"LINESTRING (-109.5664269 37.2783889, -109.5678566 37.2783093)",auto;bike;walk,1,0
,51,10149629,36,33,1,83.60180202228585,1,29,,service,7,"LINESTRING (-109.5570522 37.2838585, -109.5572536 37.2838988, -109.5576575 37.2839004, -109.5576509 37.2836352)",bike;walk,1,0
,52,10149629,33,36,1,83.60180202228584,1,29,,service,7,"LINESTRING (-109.5576509 37.2836352, -109.5576575 37.2839004, -109.5572536 37.2838988, -109.5570522 37.2838585)",bike;walk,1,0
Sagebrush Avenue,53,10150957,32,31,1,129.72199794817993,1,29,,residential,6,"LINESTRING (-109.5694176 37.2789758, -109.5692955 37.2789555, -109.5691507 37.2789491, -109.5679571 37.2790142)",auto;bike;walk,1,0
Sagebrush Avenue,54,10150957,31,32,1,129.72199794817993,1,29,,residential,6,"LINESTRING (-109.5679571 37.2790142, -109.5691507 37.2789491, -109.5692955 37.2789555, -109.5694176 37.2789758)",auto;bike;walk,1,0
Sagebrush Avenue,55,10150957,31,41,1,130.1867463255752,1,29,,residential,6,"LINESTRING (-109.5679571 37.2790142, -109.56649 37.2791038)",auto;bike;walk,1,0
Sagebrush Avenue,56,10150957,41,31,1,130.1867463255752,1,29,,residential,6,"LINESTRING (-109.56649 37.2791038, -109.5679571 37.2790142)",auto;bike;walk,1,0
Navajo Twins Drive,57,10151494,44,84,1,413.8905444156376,1,29,,residential,6,"LINESTRING (-109.549743 37.2867422, -109.5498031 37.2868483, -109.5500929 37.2870668, -109.5502376 37.287141, -109.5503883 37.2871735, -109.5505362 37.2871863, -109.5510604 37.2871926, -109.5512374 37.2872031, -109.5514302 37.2872477, -109.5515927 37.2873086, -109.5522739 37.2876982, -109.5524125 37.2878115, -109.5526802 37.2881135, -109.5529536 37.2884048, -109.5532679 37.288825)",auto;bike;walk,1,0
Navajo Twins Drive,58,10151494,84,44,1,413.8905444156375,1,29,,residential,6,"LINESTRING (-109.5532679 37.288825, -109.5529536 37.2884048, -109.5526802 37.2881135, -109.5524125 37.2878115, -109.5522739 37.2876982, -109.5515927 37.2873086, -109.5514302 37.2872477, -109.5512374 37.2872031, -109.5510604 37.2871926, -109.5505362 37.2871863, -109.5503883 37.2871735, -109.5502376 37.287141, -109.5500929 37.2870668, -109.5498031 37.2868483, -109.549743 37.2867422)",auto;bike;walk,1,0
Navajo Twins Drive,59,10151494,84,88,1,373.74785285684686,1,29,,residential,6,"LINESTRING (-109.5532679 37.288825, -109.5533801 37.2889371, -109.5535161 37.2890308, -109.5536685 37.2891262, -109.5538183 37.2891906, -109.5539807 37.2892218, -109.5541484 37.2892218, -109.5542879 37.2891961, -109.5544547 37.2891418, -109.5549597 37.2889401, -109.5551183 37.2888937, -109.5552755 37.2888721, -109.5554452 37.288876, -109.5566421 37.2889893, -109.5567423 37.2890088, -109.5568442 37.2890557, -109.5570964 37.289252)",auto;bike;walk,1,0
Navajo Twins Drive,60,10151494,88,84,1,373.74785285684686,1,29,,residential,6,"LINESTRING (-109.5570964 37.289252, -109.5568442 37.2890557, -109.5567423 37.2890088, -109.5566421 37.2889893, -109.5554452 37.288876, -109.5552755 37.2888721, -109.5551183 37.2888937, -109.5549597 37.2889401, -109.5544547 37.2891418, -109.5542879 37.2891961, -109.5541484 37.2892218, -109.5539807 37.2892218, -109.5538183 37.2891906, -109.5536685 37.2891262, -109.5535161 37.2890308, -109.5533801 37.2889371, -109.5532679 37.288825)",auto;bike;walk,1,0
4th West R,61,10151675,41,45,1,79.68906114189281,1,29,,residential,6,"LINESTRING (-109.56649 37.2791038, -109.5664269 37.2783889)",auto;bike;walk,1,0
4th West R,62,10151675,45,41,1,79.68906114189281,1,29,,residential,6,"LINESTRING (-109.5664269 37.2783889, -109.56649 37.2791038)",auto;bike;walk,1,0
4th West R,63,10151675,45,112,1,89.71331023198873,1,29,,residential,6,"LINESTRING (-109.5664269 37.2783889, -109.5663443 37.2776725, -109.5663282 37.2776277, -109.5662933 37.2775978)",auto;bike;walk,1,0
4th West R,64,10151675,112,45,1,89.71331023198873,1,29,,residential,6,"LINESTRING (-109.5662933 37.2775978, -109.5663282 37.2776277, -109.5663443 37.2776725, -109.5664269 37.2783889)",auto;bike;walk,1,0
Black Locust Avenue,65,10151773,48,69,1,152.37494237449323,1,29,,tertiary,5,"LINESTRING (-109.5570653 37.2843031, -109.5553432 37.2843247)",auto;bike;walk,1,0
Black Locust Avenue,66,10151773,69,48,1,152.37494237449323,1,29,,tertiary,5,"LINESTRING (-109.5553432 37.2843247, -109.5570653 37.2843031)",auto;bike;walk,1,0
Black Locust Avenue,67,10151773,69,91,1,149.3340267249676,1,29,,tertiary,5,"LINESTRING (-109.5553432 37.2843247, -109.5549082 37.2843659, -109.5536585 37.2843824)",auto;bike;walk,1,0
Black Locust Avenue,68,10151773,91,69,1,149.3340267249676,1,29,,tertiary,5,"LINESTRING (-109.5536585 37.2843824, -109.5549082 37.2843659, -109.5553432 37.2843247)",auto;bike;walk,1,0
Black Locust Avenue,69,10151773,91,128,1,77.1205754317358,1,29,,tertiary,5,"LINESTRING (-109.5536585 37.2843824, -109.5529389 37.2843843, -109.5527868 37.2843847)",auto;bike;walk,1,0
Black Locust Avenue,70,10151773,128,91,1,77.1205754317358,1,29,,tertiary,5,"LINESTRING (-109.5527868 37.2843847, -109.5529389 37.2843843, -109.5536585 37.2843824)",auto;bike;walk,1,0
Black Locust Avenue,71,10151773,128,110,1,74.05064795208422,1,29,,tertiary,5,"LINESTRING (-109.5527868 37.2843847, -109.5525028 37.2843855, -109.5519498 37.284387)",auto;bike;walk,1,0
Black Locust Avenue,72,10151773,110,128,1,74.05064795208422,1,29,,tertiary,5,"LINESTRING (-109.5519498 37.284387, -109.5525028 37.2843855, -109.5527868 37.2843847)",auto;bike;walk,1,0
Black Locust Avenue,73,10151773,110,114,1,145.75633615152972,1,29,,tertiary,5,"LINESTRING (-109.5519498 37.284387, -109.5505836 37.2844047, -109.5504951 37.2844164, -109.5503959 37.2844538, -109.5503409 37.2845018)",auto;bike;walk,1,0
Black Locust Avenue,74,10151773,114,110,1,145.75633615152972,1,29,,tertiary,5,"LINESTRING (-109.5503409 37.2845018, -109.5503959 37.2844538, -109.5504951 37.2844164, -109.5505836 37.2844047, -109.5519498 37.284387)",auto;bike;walk,1,0
3rd East Street,75,10151967,47,76,1,73.69019809958063,1,29,,tertiary,5,"LINESTRING (-109.5570263 37.2829753, -109.557029 37.2830867, -109.5570416 37.2836379)",auto;bike;walk,1,0
3rd East Street,76,10151967,76,47,1,73.69019809958063,1,29,,tertiary,5,"LINESTRING (-109.5570416 37.2836379, -109.557029 37.2830867, -109.5570263 37.2829753)",auto;bike;walk,1,0
3rd East Street,77,10151967,76,36,1,24.547520967265793,1,29,,tertiary,5,"LINESTRING (-109.5570416 37.2836379, -109.5570522 37.2838585)",auto;bike;walk,1,0
3rd East Street,78,10151967,36,76,1,24.547520967265793,1,29,,tertiary,5,"LINESTRING (-109.5570522 37.2838585, -109.5570416 37.2836379)",auto;bike;walk,1,0
3rd East Street,79,10151967,36,48,1,49.4508476356523,1,29,,tertiary,5,"LINESTRING (-109.5570522 37.2838585, -109.5570653 37.2843031)",auto;bike;walk,1,0
3rd East Street,80,10151967,48,36,1,49.4508476356523,1,29,,tertiary,5,"LINESTRING (-109.5570653 37.2843031, -109.5570522 37.2838585)",auto;bike;walk,1,0
5th West,81,10152048,31,49,1,86.58435940784813,1,29,,residential,6,"LINESTRING (-109.5679571 37.2790142, -109.5680318 37.2797906)",auto;bike;walk,1,0
5th West,82,10152048,49,31,1,86.58435940784813,1,29,,residential,6,"LINESTRING (-109.5680318 37.2797906, -109.5679571 37.2790142)",auto;bike;walk,1,0
5th West,83,10152048,49,50,1,85.54718029750158,1,29,,residential,6,"LINESTRING (-109.5680318 37.2797906, -109.5681056 37.2805577)",auto;bike;walk,1,0
5th West,84,10152048,50,49,1,85.54718029750158,1,29,,residential,6,"LINESTRING (-109.5681056 37.2805577, -109.5680318 37.2797906)",auto;bike;walk,1,0
5th West,85,10152048,50,51,1,106.89137930439809,1,29,,residential,6,"LINESTRING (-109.5681056 37.2805577, -109.5681977 37.2815162)",auto;bike;walk,1,0
5th West,86,10152048,51,50,1,106.89137930439809,1,29,,residential,6,"LINESTRING (-109.5681977 37.2815162, -109.5681056 37.2805577)",auto;bike;walk,1,0
5th West,87,10152048,51,18,1,107.36040368948974,1,29,,residential,6,"LINESTRING (-109.5681977 37.2815162, -109.5682903 37.2824789)",auto;bike;walk,1,0
5th West,88,10152048,18,51,1,107.36040368948974,1,29,,residential,6,"LINESTRING (-109.5682903 37.2824789, -109.5681977 37.2815162)",auto;bike;walk,1,0
5th West,89,10152048,18,13,1,87.95614739454021,1,29,,residential,6,"LINESTRING (-109.5682903 37.2824789, -109.5683662 37.2832676)",auto;bike;walk,1,0
5th West,90,10152048,13,18,1,87.95614739454021,1,29,,residential,6,"LINESTRING (-109.5683662 37.2832676, -109.5682903 37.2824789)",auto;bike;walk,1,0
4th West,91,10152354,41,59,1,89.26988831215284,1,29,,residential,6,"LINESTRING (-109.56649 37.2791038, -109.5665715 37.279904)",auto;bike;walk,1,0
4th West,92,10152354,59,41,1,89.26988831215284,1,29,,residential,6,"LINESTRING (-109.5665715 37.279904, -109.56649 37.2791038)",auto;bike;walk,1,0
4th West,93,10152354,59,28,1,82.50989427950384,1,29,,residential,6,"LINESTRING (-109.5665715 37.279904, -109.5666469 37.2806436)",auto;bike;walk,1,0
4th West,94,10152354,28,59,1,82.50989427950384,1,29,,residential,6,"LINESTRING (-109.5666469 37.2806436, -109.5665715 37.279904)",auto;bike;walk,1,0
4th West,95,10152354,28,56,1,107.53306835578556,1,29,,residential,6,"LINESTRING (-109.5666469 37.2806436, -109.5667452 37.2816075)",auto;bike;walk,1,0
4th West,96,10152354,56,28,1,107.53306835578556,1,29,,residential,6,"LINESTRING (-109.5667452 37.2816075, -109.5666469 37.2806436)",auto;bike;walk,1,0
4th West,97,10152354,56,57,1,191.6371158152788,1,29,,residential,6,"LINESTRING (-109.5667452 37.2816075, -109.5667608 37.2817606, -109.5668326 37.282465, -109.5668897 37.2830256, -109.5669202 37.2833253)",auto;bike;walk,1,0
4th West,98,10152354,57,56,1,191.6371158152788,1,29,,residential,6,"LINESTRING (-109.5669202 37.2833253, -109.5668897 37.2830256, -109.5668326 37.282465, -109.5667608 37.2817606, -109.5667452 37.2816075)",auto;bike;walk,1,0
4th West,99,10152354,57,58,1,28.07997041211417,1,29,,residential,6,"LINESTRING (-109.5669202 37.2833253, -109.5669459 37.283577)",auto;bike;walk,1,0
4th West,100,10152354,58,57,1,28.07997041211417,1,29,,residential,6,"LINESTRING (-109.5669459 37.283577, -109.5669202 37.2833253)",auto;bike;walk,1,0
7th West,101,10152801,78,70,1,105.21869565225303,1,29,,residential,6,"LINESTRING (-109.5710371 37.2794362, -109.5711227 37.28038)",auto;bike;walk,1,0
7th West,102,10152801,70,78,1,105.21869565225303,1,29,,residential,6,"LINESTRING (-109.5711227 37.28038, -109.5710371 37.2794362)",auto;bike;walk,1,0
7th West,103,10152801,70,54,1,105.48697606645949,1,29,,residential,6,"LINESTRING (-109.5711227 37.28038, -109.571271 37.2813213)",auto;bike;walk,1,0
7th West,104,10152801,54,70,1,105.48697606645949,1,29,,residential,6,"LINESTRING (-109.571271 37.2813213, -109.5711227 37.28038)",auto;bike;walk,1,0
7th West,105,10152801,54,20,1,107.61264984759069,1,29,,residential,6,"LINESTRING (-109.571271 37.2813213, -109.571326 37.2818015, -109.571338 37.282287)",auto;bike;walk,1,0
7th West,106,10152801,20,54,1,107.61264984759069,1,29,,residential,6,"LINESTRING (-109.571338 37.282287, -109.571326 37.2818015, -109.571271 37.2813213)",auto;bike;walk,1,0
7th West,107,10152801,20,15,1,85.08512581249333,1,29,,residential,6,"LINESTRING (-109.571338 37.282287, -109.5713788 37.2830515)",auto;bike;walk,1,0
7th West,108,10152801,15,20,1,85.08512581249333,1,29,,residential,6,"LINESTRING (-109.5713788 37.2830515, -109.571338 37.282287)",auto;bike;walk,1,0
7th West,109,10152801,15,65,1,77.13830733904072,1,29,,residential,6,"LINESTRING (-109.5713788 37.2830515, -109.5714126 37.2837447)",auto;bike;walk,1,0
7th West,110,10152801,65,15,1,77.13830733904072,1,29,,residential,6,"LINESTRING (-109.5714126 37.2837447, -109.5713788 37.2830515)",auto;bike;walk,1,0
Willow,111,10152857,13,57,1,128.09166614095554,1,29,,residential,6,"LINESTRING (-109.5683662 37.2832676, -109.5669202 37.2833253)",auto;bike;walk,1,0
Willow,112,10152857,57,13,1,128.09166614095554,1,29,,residential,6,"LINESTRING (-109.5669202 37.2833253, -109.5683662 37.2832676)",auto;bike;walk,1,0
Willow,113,10152857,57,66,1,135.8504066800382,1,29,,residential,6,"LINESTRING (-109.5669202 37.2833253, -109.5653887 37.2834136)",auto;bike;walk,1,0
Willow,114,10152857,66,57,1,135.8504066800382,1,29,,residential,6,"LINESTRING (-109.5653887 37.2834136, -109.5669202 37.2833253)",auto;bike;walk,1,0
6th West,115,10153207,32,27,1,82.00517384253747,1,29,,residential,6,"LINESTRING (-109.5694176 37.2789758, -109.5695476 37.279706)",auto;bike;walk,1,0
6th West,116,10153207,27,32,1,82.00517384253747,1,29,,residential,6,"LINESTRING (-109.5695476 37.279706, -109.5694176 37.2789758)",auto;bike;walk,1,0
6th West,117,10153207,27,67,1,85.02717748805226,1,29,,residential,6,"LINESTRING (-109.5695476 37.279706, -109.5696165 37.2804687)",auto;bike;walk,1,0
6th West,118,10153207,67,27,1,85.02717748805226,1,29,,residential,6,"LINESTRING (-109.5696165 37.2804687, -109.5695476 37.279706)",auto;bike;walk,1,0
6th West,119,10153207,67,55,1,107.60512621933609,1,29,,residential,6,"LINESTRING (-109.5696165 37.2804687, -109.5697171 37.2814331)",auto;bike;walk,1,0
6th West,120,10153207,55,67,1,107.60512621933609,1,29,,residential,6,"LINESTRING (-109.5697171 37.2814331, -109.5696165 37.2804687)",auto;bike;walk,1,0
6th West,121,10153207,55,19,1,106.3203918817797,1,29,,residential,6,"LINESTRING (-109.5697171 37.2814331, -109.5698132 37.2823862)",auto;bike;walk,1,0
6th West,122,10153207,19,55,1,106.3203918817797,1,29,,residential,6,"LINESTRING (-109.5698132 37.2823862, -109.5697171 37.2814331)",auto;bike;walk,1,0
6th West,123,10153207,19,14,1,89.00647380768379,1,29,,residential,6,"LINESTRING (-109.5698132 37.2823862, -109.5698717 37.2831853)",auto;bike;walk,1,0
6th West,124,10153207,14,19,1,89.00647380768379,1,29,,residential,6,"LINESTRING (-109.5698717 37.2831853, -109.5698132 37.2823862)",auto;bike;walk,1,0
Main Street,125,10153349,55,51,1,134.7452046791226,1,40,,primary,3,"LINESTRING (-109.5697171 37.2814331, -109.5681977 37.2815162)",auto;bike;walk,1,0
Main Street,126,10153349,51,55,1,134.7452046791226,1,40,,primary,3,"LINESTRING (-109.5681977 37.2815162, -109.5697171 37.2814331)",auto;bike;walk,1,0
Larkspur,127,10153457,27,49,1,134.44208499634908,1,29,,residential,6,"LINESTRING (-109.5695476 37.279706, -109.5680318 37.2797906)",auto;bike;walk,1,0
Larkspur,128,10153457,49,27,1,134.44208499634908,1,29,,residential,6,"LINESTRING (-109.5680318 37.2797906, -109.5695476 37.279706)",auto;bike;walk,1,0
Larkspur,129,10153457,49,59,1,129.81581222453548,1,29,,residential,6,"LINESTRING (-109.5680318 37.2797906, -109.5665715 37.279904)",auto;bike;walk,1,0
Larkspur,130,10153457,59,49,1,129.81581222453548,1,29,,residential,6,"LINESTRING (-109.5665715 37.279904, -109.5680318 37.2797906)",auto;bike;walk,1,0
Mission Road,131,10153487,137,12,1,170.52824164333464,1,39,,primary,3,"LINESTRING (-109.5306 37.2846293, -109.532526 37.2845686)",auto;bike;walk,1,0
Mission Road,132,10153487,12,137,1,170.52824164333464,1,39,,primary,3,"LINESTRING (-109.532526 37.2845686, -109.5306 37.2846293)",auto;bike;walk,1,0
Mission Road,133,10153487,12,68,1,1001.4578143334762,1,39,,primary,3,"LINESTRING (-109.532526 37.2845686, -109.5388943 37.2843692, -109.5395201 37.2843985, -109.540413 37.2845218, -109.5410704 37.2846789, -109.5418563 37.2849437, -109.5426325 37.2852909, -109.5434651 37.2857066)",auto;bike;walk,1,0
Mission Road,134,10153487,68,12,1,1001.4578143334761,1,39,,primary,3,"LINESTRING (-109.5434651 37.2857066, -109.5426325 37.2852909, -109.5418563 37.2849437, -109.5410704 37.2846789, -109.540413 37.2845218, -109.5395201 37.2843985, -109.5388943 37.2843692, -109.532526 37.2845686)",auto;bike;walk,1,0
Mission Road,135,10153487,68,46,1,206.56871237318384,1,39,,primary,3,"LINESTRING (-109.5434651 37.2857066, -109.5452492 37.2866011, -109.5454386 37.2866994)",auto;bike;walk,1,0
Mission Road,136,10153487,46,68,1,206.56871237318384,1,39,,primary,3,"LINESTRING (-109.5454386 37.2866994, -109.5452492 37.2866011, -109.5434651 37.2857066)",auto;bike;walk,1,0
4th East Street,137,10153498,63,69,1,146.4777411708439,1,29,,residential,6,"LINESTRING (-109.5553642 37.2830075, -109.5553628 37.2830931, -109.5553467 37.2841042, -109.5553432 37.2843247)",auto;bike;walk,1,0
4th East Street,138,10153498,69,63,1,146.47774117084393,1,29,,residential,6,"LINESTRING (-109.5553432 37.2843247, -109.5553467 37.2841042, -109.5553628 37.2830931, -109.5553642 37.2830075)",auto;bike;walk,1,0
4th East Street,139,10153498,69,43,1,147.51188209954606,1,29,,residential,6,"LINESTRING (-109.5553432 37.2843247, -109.5553221 37.2856512)",auto;bike;walk,1,0
4th East Street,140,10153498,43,69,1,147.51188209954606,1,29,,residential,6,"LINESTRING (-109.5553221 37.2856512, -109.5553432 37.2843247)",auto;bike;walk,1,0
Rabbitbrush,141,10154084,28,50,1,129.4120775100293,1,29,,residential,6,"LINESTRING (-109.5666469 37.2806436, -109.5681056 37.2805577)",auto;bike;walk,1,0
Rabbitbrush,142,10154084,50,28,1,129.4120775100293,1,29,,residential,6,"LINESTRING (-109.5681056 37.2805577, -109.5666469 37.2806436)",auto;bike;walk,1,0
Rabbitbrush,143,10154084,50,67,1,134.04349468078823,1,29,,residential,6,"LINESTRING (-109.5681056 37.2805577, -109.5696165 37.2804687)",auto;bike;walk,1,0
Rabbitbrush,144,10154084,67,50,1,134.04349468078823,1,29,,residential,6,"LINESTRING (-109.5696165 37.2804687, -109.5681056 37.2805577)",auto;bike;walk,1,0
Rabbitbrush,145,10154084,67,70,1,133.6264886364469,1,29,,residential,6,"LINESTRING (-109.5696165 37.2804687, -109.5711227 37.28038)",auto;bike;walk,1,0
Rabbitbrush,146,10154084,70,67,1,133.6264886364469,1,29,,residential,6,"LINESTRING (-109.5711227 37.28038, -109.5696165 37.2804687)",auto;bike;walk,1,0
Rabbitbrush,147,10154084,70,71,1,102.05162905454837,1,29,,residential,6,"LINESTRING (-109.5711227 37.28038, -109.5722736 37.2803191)",auto;bike;walk,1,0
Rabbitbrush,148,10154084,71,70,1,102.05162905454837,1,29,,residential,6,"LINESTRING (-109.5722736 37.2803191, -109.5711227 37.28038)",auto;bike;walk,1,0
3rd West,149,10154098,60,66,1,191.07949064589408,1,29,,residential,6,"LINESTRING (-109.5652189 37.2817005, -109.5653887 37.2834136)",auto;bike;walk,1,0
3rd West,150,10154098,66,60,1,191.07949064589408,1,29,,residential,6,"LINESTRING (-109.5653887 37.2834136, -109.5652189 37.2817005)",auto;bike;walk,1,0
3rd West,151,10154098,66,81,1,550.4461239667307,1,29,,residential,6,"LINESTRING (-109.5653887 37.2834136, -109.5655644 37.2852874, -109.5655024 37.2857912, -109.5653736 37.2864826, -109.5652449 37.2871058, -109.5651805 37.2875838, -109.565202 37.2879423, -109.5652556 37.2883349)",auto;bike;walk,1,0
3rd West,152,10154098,81,66,1,550.4461239667307,1,29,,residential,6,"LINESTRING (-109.5652556 37.2883349, -109.565202 37.2879423, -109.5651805 37.2875838, -109.5652449 37.2871058, -109.5653736 37.2864826, -109.5655024 37.2857912, -109.5655644 37.2852874, -109.5653887 37.2834136)",auto;bike;walk,1,0
Navajo Twins Drive,153,37394160,77,85,1,77.82329182144534,1,29,,tertiary,5,"LINESTRING (-109.546 37.28638, -109.5463082 37.2864884, -109.5468254 37.2866192)",auto;bike;walk,1,0
Navajo Twins Drive,154,37394160,85,77,1,77.82329182144534,1,29,,tertiary,5,"LINESTRING (-109.5468254 37.2866192, -109.5463082 37.2864884, -109.546 37.28638)",auto;bike;walk,1,0
Navajo Twins Drive,155,37394160,85,44,1,261.808532909608,1,29,,tertiary,5,"LINESTRING (-109.5468254 37.2866192, -109.5476027 37.2867937, -109.548079 37.286831, -109.5491549 37.2868247, -109.549743 37.2867422)",auto;bike;walk,1,0
Navajo Twins Drive,156,37394160,44,85,1,261.808532909608,1,29,,tertiary,5,"LINESTRING (-109.549743 37.2867422, -109.5491549 37.2868247, -109.548079 37.286831, -109.5476027 37.2867937, -109.5468254 37.2866192)",auto;bike;walk,1,0
,157,37394412,29,95,1,142.57993567230693,1,29,,residential,6,"LINESTRING (-109.558881 37.2829605, -109.5588918 37.2831675, -109.5588784 37.2833062, -109.5588033 37.2835836, -109.5587628 37.2838344, -109.5587916 37.2841216, -109.5587983 37.2842327)",auto;bike;walk,1,0
,158,37394412,95,29,1,142.57993567230693,1,29,,residential,6,"LINESTRING (-109.5587983 37.2842327, -109.5587916 37.2841216, -109.5587628 37.2838344, -109.5588033 37.2835836, -109.5588784 37.2833062, -109.5588918 37.2831675, -109.558881 37.2829605)",auto;bike;walk,1,0
,159,37394412,95,24,1,21.6705661050492,1,29,,residential,6,"LINESTRING (-109.5587983 37.2842327, -109.5588494 37.2844233)",auto;bike;walk,1,0
,160,37394412,24,95,1,21.6705661050492,1,29,,residential,6,"LINESTRING (-109.5588494 37.2844233, -109.5587983 37.2842327)",auto;bike;walk,1,0
,161,37394412,24,5,1,117.5589952371854,1,29,,residential,6,"LINESTRING (-109.5588494 37.2844233, -109.5588495 37.2846671, -109.558854 37.2849155, -109.5588715 37.2850528, -109.55892 37.2852867, -109.5589173 37.285366, -109.5588703 37.2854701)",auto;bike;walk,1,0
,162,37394412,5,24,1,117.5589952371854,1,29,,residential,6,"LINESTRING (-109.5588703 37.2854701, -109.5589173 37.285366, -109.55892 37.2852867, -109.5588715 37.2850528, -109.558854 37.2849155, -109.5588495 37.2846671, -109.5588494 37.2844233)",auto;bike;walk,1,0
,163,65230173,62,25,1,131.23673284901085,1,40,,primary,3,"LINESTRING (-109.5607935 37.2827293, -109.560439 37.2828161, -109.559994 37.2828972, -109.5597365 37.2829245, -109.5593411 37.2829439)",auto;bike;walk,1,0
,164,65230173,25,62,1,131.23673284901085,1,40,,primary,3,"LINESTRING (-109.5593411 37.2829439, -109.5597365 37.2829245, -109.559994 37.2828972, -109.560439 37.2828161, -109.5607935 37.2827293)",auto;bike;walk,1,0
,165,65230173,25,29,1,40.74809956046749,1,40,,primary,3,"LINESTRING (-109.5593411 37.2829439, -109.558881 37.2829605)",auto;bike;walk,1,0
,166,65230173,29,25,1,40.74809956046749,1,40,,primary,3,"LINESTRING (-109.558881 37.2829605, -109.5593411 37.2829439)",auto;bike;walk,1,0
,167,65230173,29,35,1,57.918704580431985,1,40,,primary,3,"LINESTRING (-109.558881 37.2829605, -109.5582264 37.282967)",auto;bike;walk,1,0
,168,65230173,35,29,1,57.918704580431985,1,40,,primary,3,"LINESTRING (-109.5582264 37.282967, -109.558881 37.2829605)",auto;bike;walk,1,0
,169,65230173,35,47,1,106.18002425952388,1,40,,primary,3,"LINESTRING (-109.5582264 37.282967, -109.5570263 37.2829753)",auto;bike;walk,1,0
,170,65230173,47,35,1,106.18002425952388,1,40,,primary,3,"LINESTRING (-109.5570263 37.2829753, -109.5582264 37.282967)",auto;bike;walk,1,0
,171,65230173,47,63,1,147.0939159105891,1,40,,primary,3,"LINESTRING (-109.5570263 37.2829753, -109.5553642 37.2830075)",auto;bike;walk,1,0
,172,65230173,63,47,1,147.0939159105891,1,40,,primary,3,"LINESTRING (-109.5553642 37.2830075, -109.5570263 37.2829753)",auto;bike;walk,1,0
,173,65230173,63,90,1,153.42467473004447,1,40,,primary,3,"LINESTRING (-109.5553642 37.2830075, -109.5536303 37.2830309)",auto;bike;walk,1,0
,174,65230173,90,63,1,153.42467473004447,1,40,,primary,3,"LINESTRING (-109.5536303 37.2830309, -109.5553642 37.2830075)",auto;bike;walk,1,0
,175,65230173,90,109,1,151.09493270238457,1,40,,primary,3,"LINESTRING (-109.5536303 37.2830309, -109.5519226 37.2830468)",auto;bike;walk,1,0
,176,65230173,109,90,1,151.09493270238457,1,40,,primary,3,"LINESTRING (-109.5519226 37.2830468, -109.5536303 37.2830309)",auto;bike;walk,1,0
,177,65230173,109,64,1,305.6727456522073,1,40,,primary,3,"LINESTRING (-109.5519226 37.2830468, -109.5506936 37.2830632, -109.5503518 37.2830853, -109.5501846 37.2830961, -109.549834 37.2831719, -109.5494456 37.2833183, -109.5491429 37.2835012, -109.5489239 37.2836546, -109.5487652 37.2838085)",auto;bike;walk,1,0
,178,65230173,64,109,1,305.67274565220737,1,40,,primary,3,"LINESTRING (-109.5487652 37.2838085, -109.5489239 37.2836546, -109.5491429 37.2835012, -109.5494456 37.2833183, -109.549834 37.2831719, -109.5501846 37.2830961, -109.5503518 37.2830853, -109.5506936 37.2830632, -109.5519226 37.2830468)",auto;bike;walk,1,0
,179,65230174,61,62,1,64.38234183028207,1,40,,primary,3,"LINESTRING (-109.561461 37.2824995, -109.5611382 37.2826211, -109.5607935 37.2827293)",auto;bike;walk,1,0
,180,65230174,62,61,1,64.38234183028207,1,40,,primary,3,"LINESTRING (-109.5607935 37.2827293, -109.5611382 37.2826211, -109.561461 37.2824995)",auto;bike;walk,1,0
Red Rock Road,181,88731716,38,4,1,114.53568283814712,1,29,,residential,6,"LINESTRING (-109.5571039 37.2856194, -109.5577194 37.2856083, -109.5583982 37.285596)",auto;bike;walk,1,0
Red Rock Road,182,88731716,4,38,1,114.53568283814712,1,29,,residential,6,"LINESTRING (-109.5583982 37.285596, -109.5577194 37.2856083, -109.5571039 37.2856194)",auto;bike;walk,1,0
Red Rock Road,183,88731716,4,23,1,71.67248399235899,1,29,,residential,6,"LINESTRING (-109.5583982 37.285596, -109.5585836 37.2856072, -109.5588982 37.2856528, -109.5591938 37.2857107)",auto;bike;walk,1,0
Red Rock Road,184,88731716,23,4,1,71.67248399235899,1,29,,residential,6,"LINESTRING (-109.5591938 37.2857107, -109.5588982 37.2856528, -109.5585836 37.2856072, -109.5583982 37.285596)",auto;bike;walk,1,0
Red Rock Road,185,88731716,23,39,1,54.77352632202734,1,29,,residential,6,"LINESTRING (-109.5591938 37.2857107, -109.559371 37.285728, -109.5594522 37.2857738, -109.5595818 37.2858693, -109.5597279 37.2859293)",auto;bike;walk,1,0
Red Rock Road,186,88731716,39,23,1,54.77352632202733,1,29,,residential,6,"LINESTRING (-109.5597279 37.2859293, -109.5595818 37.2858693, -109.5594522 37.2857738, -109.559371 37.285728, -109.5591938 37.2857107)",auto;bike;walk,1,0
Red Rock Road,187,88731716,39,72,1,241.97804874750454,1,29,,residential,6,"LINESTRING (-109.5597279 37.2859293, -109.560665 37.2858132, -109.5608052 37.2858168, -109.5608972 37.2858492, -109.5609349 37.2859248, -109.5609575 37.2860604, -109.5609665 37.2870722)",auto;bike;walk,1,0
Red Rock Road,188,88731716,72,39,1,241.97804874750454,1,29,,residential,6,"LINESTRING (-109.5609665 37.2870722, -109.5609575 37.2860604, -109.5609349 37.2859248, -109.5608972 37.2858492, -109.5608052 37.2858168, -109.560665 37.2858132, -109.5597279 37.2859293)",auto;bike;walk,1,0
,189,88731724,76,33,1,53.90673791250891,1,29,,service,7,"LINESTRING (-109.5570416 37.2836379, -109.5576509 37.2836352)",bike;walk,1,0
,190,88731724,33,76,1,53.90673791250891,1,29,,service,7,"LINESTRING (-109.5576509 37.2836352, -109.5570416 37.2836379)",bike;walk,1,0
,191,88731724,33,34,1,19.32702987502415,1,29,,service,7,"LINESTRING (-109.5576509 37.2836352, -109.5578689 37.2836464)",bike;walk,1,0
,192,88731724,34,33,1,19.32702987502415,1,29,,service,7,"LINESTRING (-109.5578689 37.2836464, -109.5576509 37.2836352)",bike;walk,1,0
,193,88731727,75,96,1,94.11668227524459,1,29,,service,7,"LINESTRING (-109.5584587 37.2862383, -109.5583717 37.2863331, -109.5583267 37.2864868, -109.5583068 37.2866179, -109.5583032 37.2868946, -109.5582658 37.2870543)",bike;walk,1,0
,194,88731727,96,75,1,94.11668227524457,1,29,,service,7,"LINESTRING (-109.5582658 37.2870543, -109.5583032 37.2868946, -109.5583068 37.2866179, -109.5583267 37.2864868, -109.5583717 37.2863331, -109.5584587 37.2862383)",bike;walk,1,0
,195,88735142,53,79,1,559.9028011948408,1,29,,track,10,"LINESTRING (-109.5738415 37.280891, -109.5739674 37.2810149, -109.574011 37.2811392, -109.5741927 37.2813521, -109.5744628 37.281585, -109.5747086 37.2816943, -109.5748589 37.2817281, -109.5777433 37.2817132, -109.5779343 37.281758, -109.5780095 37.2818477, -109.5779966 37.2831107)",bike;walk,0,0
,196,88735145,80,52,1,520.0177390846235,1,29,,track,10,"LINESTRING (-109.5804026 37.2831139, -109.5804155 37.2806352, -109.5804262 37.2804047, -109.5804798 37.2801913, -109.5805442 37.2798242, -109.5805228 37.2797303, -109.5805013 37.2796535, -109.5799005 37.2790901, -109.5795191 37.2787365)",bike;walk,0,0
3rd West,197,88738699,81,108,1,918.2123802601735,1,29,,track,10,"LINESTRING (-109.5652556 37.2883349, -109.5652738 37.2887957, -109.5652845 37.2892886, -109.5652684 37.2894337, -109.5651638 37.2897517, -109.5649767 37.2901612, -109.5647728 37.2905965, -109.564569 37.2910147, -109.5644518 37.2912526, -109.5640971 37.2918674, -109.5640331 37.2921001, -109.5640395 37.2924127, -109.564072 37.2927269, -109.5641613 37.2929864, -109.564282 37.2932546, -109.5643802 37.2933698, -109.5644987 37.2934214, -109.5646441 37.2934302, -109.5648587 37.2933563, -109.5650172 37.2933431, -109.5652041 37.2933997, -109.5653093 37.2935924, -109.5654058 37.2938058, -109.5655123 37.2940101, -109.565556 37.2941386, -109.5655024 37.2942411, -109.5653844 37.2943264, -109.5651269 37.2944118, -109.5649552 37.2945654, -109.5649016 37.2947959, -109.5648908 37.2951714, -109.5649468 37.2953944)",auto;bike;walk,0,0
3rd West,198,88738699,108,138,1,11.999622048683829,1,29,,track,10,"LINESTRING (-109.5649468 37.2953944, -109.5649638 37.2954618, -109.5649747 37.2955)",auto;bike;walk,0,0
3rd West,199,88738699,139,108,1,26.936595886942516,1,29,,track,10,"LINESTRING (-109.5651776 37.2955, -109.565183 37.2954851, -109.5651638 37.2954392, -109.5650261 37.2954095, -109.5649468 37.2953944)",auto;bike;walk,0,0
,200,88739882,35,82,1,153.96950908690252,1,29,,service,7,"LINESTRING (-109.5582264 37.282967, -109.5582231 37.2828289, -109.5580247 37.2826625, -109.5579603 37.2816466)",bike;walk,1,0
,201,88739882,82,35,1,153.96950908690252,1,29,,service,7,"LINESTRING (-109.5579603 37.2816466, -109.5580247 37.2826625, -109.5582231 37.2828289, -109.5582264 37.282967)",bike;walk,1,0
,202,118242042,68,86,1,246.55260325277203,1,29,,service,7,"LINESTRING (-109.5434651 37.2857066, -109.5432575 37.2859947, -109.5428517 37.286543, -109.542768 37.2867288, -109.5426245 37.2870067, -109.5424461 37.2872034, -109.5422637 37.2873699, -109.5421404 37.2874979, -109.5421725 37.2876217)",bike;walk,1,0
,203,118242042,86,68,1,246.55260325277206,1,29,,service,7,"LINESTRING (-109.5421725 37.2876217, -109.5421404 37.2874979, -109.5422637 37.2873699, -109.5424461 37.2872034, -109.5426245 37.2870067, -109.542768 37.2867288, -109.5428517 37.286543, -109.5432575 37.2859947, -109.5434651 37.2857066)",bike;walk,1,0
,204,118242044,8,83,1,92.75869171567842,1,29,,residential,6,"LINESTRING (-109.5520641 37.2869207, -109.5523255 37.2869132, -109.5526766 37.2868522, -109.5527941 37.2868108, -109.5528263 37.2867553, -109.5528531 37.2866699, -109.5527887 37.2865974)",auto;bike;walk,1,0
,205,118242044,83,8,1,92.75869171567842,1,29,,residential,6,"LINESTRING (-109.5527887 37.2865974, -109.5528531 37.2866699, -109.5528263 37.2867553, -109.5527941 37.2868108, -109.5526766 37.2868522, -109.5523255 37.2869132, -109.5520641 37.2869207)",auto;bike;walk,1,0
,206,118400827,87,88,1,293.7420098055201,1,29,,track,10,"LINESTRING (-109.5599341 37.2883771, -109.5598376 37.2884241, -109.5596284 37.2884796, -109.5595264 37.2885222, -109.5594782 37.2885948, -109.5593762 37.2886801, -109.5592421 37.2887612, -109.5591249 37.2888566, -109.5590313 37.2890431, -109.55899 37.2890728, -109.5588666 37.2890899, -109.5587647 37.2891155, -109.5586038 37.2891795, -109.5585233 37.2892051, -109.5582765 37.289235, -109.5582122 37.2892648, -109.5580834 37.2893246, -109.5579976 37.2893459, -109.5574772 37.2893289, -109.5573485 37.2893118, -109.5570964 37.289252)",bike;walk,0,0
,207,118400829,89,88,1,457.7091424266183,1,29,,track,10,"LINESTRING (-109.559977 37.2907116, -109.559918 37.2907885, -109.5598145 37.2908474, -109.559766 37.2911775, -109.5596541 37.2913174, -109.5592016 37.2912908, -109.5588173 37.2913642, -109.5586319 37.2913038, -109.5582282 37.2911388, -109.5579713 37.2908538, -109.5579021 37.2906105, -109.5578071 37.2905083, -109.5577615 37.2904086, -109.5577508 37.2902806, -109.5578045 37.2900075, -109.5577937 37.2899008, -109.5577669 37.2898026, -109.5574611 37.2894356, -109.5573538 37.289363, -109.5570964 37.289252)",bike;walk,0,0
Mulberry Avenue,208,129184289,42,7,1,144.67413351569496,1,29,,residential,6,"LINESTRING (-109.5503415 37.2857174, -109.5519768 37.285719)",auto;bike;walk,1,0
Mulberry Avenue,209,129184289,7,42,1,144.67413351569496,1,29,,residential,6,"LINESTRING (-109.5519768 37.285719, -109.5503415 37.2857174)",auto;bike;walk,1,0
5th East Street,210,129184290,90,91,1,150.30065261996435,1,29,,residential,6,"LINESTRING (-109.5536303 37.2830309, -109.5536323 37.283129, -109.5536585 37.2843824)",auto;bike;walk,1,0
5th East Street,211,129184290,91,90,1,150.30065261996435,1,29,,residential,6,"LINESTRING (-109.5536585 37.2843824, -109.5536323 37.283129, -109.5536303 37.2830309)",auto;bike;walk,1,0
5th East Street,212,129184290,91,37,1,145.86340993270952,1,29,,residential,6,"LINESTRING (-109.5536585 37.2843824, -109.5536859 37.285694)",auto;bike;walk,1,0
5th East Street,213,129184290,37,91,1,145.86340993270952,1,29,,residential,6,"LINESTRING (-109.5536859 37.285694, -109.5536585 37.2843824)",auto;bike;walk,1,0
,214,162724844,140,52,1,326.5179321851222,1,65,,primary,3,"LINESTRING (-109.5828 37.2773923, -109.581405 37.2779521, -109.5805016 37.2783267, -109.5795191 37.2787365)",auto;bike;walk,1,0
,215,162724844,52,140,1,326.5179321851222,1,65,,primary,3,"LINESTRING (-109.5795191 37.2787365, -109.5805016 37.2783267, -109.581405 37.2779521, -109.5828 37.2773923)",auto;bike;walk,1,0
,216,162724844,52,94,1,324.364157424533,1,65,,primary,3,"LINESTRING (-109.5795191 37.2787365, -109.5775107 37.2795782, -109.5762558 37.2800651)",auto;bike;walk,1,0
,217,162724844,94,52,1,324.364157424533,1,65,,primary,3,"LINESTRING (-109.5762558 37.2800651, -109.5775107 37.2795782, -109.5795191 37.2787365)",auto;bike;walk,1,0
,218,162724844,94,93,1,26.12966482815817,1,65,,primary,3,"LINESTRING (-109.5762558 37.2800651, -109.5759939 37.2801737)",auto;bike;walk,1,0
,219,162724844,93,94,1,26.12966482815817,1,65,,primary,3,"LINESTRING (-109.5759939 37.2801737, -109.5762558 37.2800651)",auto;bike;walk,1,0
,220,162726301,51,56,1,128.90929336119538,1,40,,primary,3,"LINESTRING (-109.5681977 37.2815162, -109.5667452 37.2816075)",auto;bike;walk,1,0
,221,162726301,56,51,1,128.90929336119538,1,40,,primary,3,"LINESTRING (-109.5667452 37.2816075, -109.5681977 37.2815162)",auto;bike;walk,1,0
,222,162726301,56,60,1,135.43353052000822,1,40,,primary,3,"LINESTRING (-109.5667452 37.2816075, -109.5652189 37.2817005)",auto;bike;walk,1,0
,223,162726301,60,56,1,135.43353052000822,1,40,,primary,3,"LINESTRING (-109.5652189 37.2817005, -109.5667452 37.2816075)",auto;bike;walk,1,0
,224,162726301,60,61,1,349.5857892052466,1,40,,primary,3,"LINESTRING (-109.5652189 37.2817005, -109.5638137 37.281779, -109.5633121 37.2818443, -109.5628097 37.2819569, -109.5623996 37.2821016, -109.5620078 37.2822568, -109.561461 37.2824995)",auto;bike;walk,1,0
,225,162726301,61,60,1,349.58578920524656,1,40,,primary,3,"LINESTRING (-109.561461 37.2824995, -109.5620078 37.2822568, -109.5623996 37.2821016, -109.5628097 37.2819569, -109.5633121 37.2818443, -109.5638137 37.281779, -109.5652189 37.2817005)",auto;bike;walk,1,0
,226,207287377,94,92,1,559.9161102719971,1,29,,track,10,"LINESTRING (-109.5762558 37.2800651, -109.5762846 37.2799267, -109.5783553 37.2782876, -109.5788703 37.2779205, -109.5797179 37.2775876, -109.5812306 37.2771864)",auto;bike;walk,0,0
,227,236790738,10,11,1,350.1734009712952,2,29,,track,10,"LINESTRING (-109.5325501 37.2787755, -109.5325716 37.2792216, -109.5326011 37.2802118, -109.5326359 37.2804146, -109.532652 37.280596, -109.5326494 37.2807219, -109.5326252 37.2809332, -109.532644 37.2810335, -109.5327218 37.2813301, -109.5327137 37.2814539, -109.532652 37.2816801, -109.5325877 37.2819021)",bike;walk,0,0
,228,236796646,99,98,1,47.014926880138134,1,29,,service,7,"LINESTRING (-109.5591237 37.2843411, -109.5592382 37.2844696, -109.5594835 37.2846493)",bike;walk,1,0
,229,236796646,98,99,1,47.014926880138134,1,29,,service,7,"LINESTRING (-109.5594835 37.2846493, -109.5592382 37.2844696, -109.5591237 37.2843411)",bike;walk,1,0
,230,236796647,97,95,1,19.531602199867404,1,29,,service,7,"LINESTRING (-109.5589669 37.2843422, -109.5588907 37.28431, -109.5588478 37.2842801, -109.5587983 37.2842327)",bike;walk,1,0
,231,236796647,95,97,1,19.531602199867404,1,29,,service,7,"LINESTRING (-109.5587983 37.2842327, -109.5588478 37.2842801, -109.5588907 37.28431, -109.5589669 37.2843422)",bike;walk,1,0
,232,236796648,95,48,1,159.9809930683578,1,29,,track,10,"LINESTRING (-109.5587983 37.2842327, -109.5587459 37.2842054, -109.5586761 37.2842054, -109.5582363 37.2842054, -109.5581477 37.2842161, -109.5579973 37.2842727, -109.5578929 37.2843185, -109.5578286 37.2843441, -109.5577561 37.2843526, -109.5576086 37.2843526, -109.5575523 37.2843569, -109.557496 37.2843654, -109.5574075 37.2843718, -109.5571231 37.2843462, -109.5570653 37.2843031)",bike;walk,0,0
,233,290257134,59,101,1,143.37179367783145,1,29,,service,7,"LINESTRING (-109.5665715 37.279904, -109.5663988 37.2799255, -109.5662915 37.2799245, -109.566152 37.2799106, -109.5659307 37.2798754, -109.5658194 37.2798626, -109.5656987 37.2798636, -109.5654895 37.2798914, -109.5653192 37.2799245, -109.5649812 37.2800013)",bike;walk,1,0
,234,290257134,101,59,1,143.37179367783142,1,29,,service,7,"LINESTRING (-109.5649812 37.2800013, -109.5653192 37.2799245, -109.5654895 37.2798914, -109.5656987 37.2798636, -109.5658194 37.2798626, -109.5659307 37.2798754, -109.566152 37.2799106, -109.5662915 37.2799245, -109.5663988 37.2799255, -109.5665715 37.279904)",bike;walk,1,0
,235,290257134,101,101,1,516.7933894162088,1,29,,service,7,"LINESTRING (-109.5649812 37.2800013, -109.5648149 37.2800546, -109.5646969 37.2801144, -109.5646084 37.2801635, -109.5645494 37.2801784, -109.5644421 37.2801806, -109.56419 37.2801699, -109.5640317 37.280172, -109.5638842 37.2802083, -109.5638064 37.2802062, -109.5636777 37.2801912, -109.5635435 37.2801379, -109.5634202 37.2800546, -109.5633585 37.2799437, -109.5633048 37.2798199, -109.5632726 37.2797943, -109.5632244 37.2797793, -109.5630903 37.2797879, -109.56305 37.2798113, -109.5630125 37.2798455, -109.5630098 37.2798988, -109.5630634 37.2800674, -109.5631305 37.2801848, -109.5632592 37.2803129, -109.5634684 37.2804046, -109.5636938 37.2804473, -109.563793 37.2804729, -109.5638413 37.2805028, -109.5639083 37.2805604, -109.5639888 37.2806202, -109.5640827 37.2806394, -109.5642597 37.2806394, -109.564477 37.2806671, -109.5648525 37.2806821, -109.5649785 37.280665, -109.5650965 37.2806245, -109.5651877 37.2805668, -109.5652092 37.2805092, -109.5652172 37.2804409, -109.5651475 37.2803257, -109.5649812 37.2800013)",bike;walk,1,0
,236,290257134,101,101,1,516.7933894162088,1,29,,service,7,"LINESTRING (-109.5649812 37.2800013, -109.5651475 37.2803257, -109.5652172 37.2804409, -109.5652092 37.2805092, -109.5651877 37.2805668, -109.5650965 37.2806245, -109.5649785 37.280665, -109.5648525 37.2806821, -109.564477 37.2806671, -109.5642597 37.2806394, -109.5640827 37.2806394, -109.5639888 37.2806202, -109.5639083 37.2805604, -109.5638413 37.2805028, -109.563793 37.2804729, -109.5636938 37.2804473, -109.5634684 37.2804046, -109.5632592 37.2803129, -109.5631305 37.2801848, -109.5630634 37.2800674, -109.5630098 37.2798988, -109.5630125 37.2798455, -109.56305 37.2798113, -109.5630903 37.2797879, -109.5632244 37.2797793, -109.5632726 37.2797943, -109.5633048 37.2798199, -109.5633585 37.2799437, -109.5634202 37.2800546, -109.5635435 37.2801379, -109.5636777 37.2801912, -109.5638064 37.2802062, -109.5638842 37.2802083, -109.5640317 37.280172, -109.56419 37.2801699, -109.5644421 37.2801806, -109.5645494 37.2801784, -109.5646084 37.2801635, -109.5646969 37.2801144, -109.5648149 37.2800546, -109.5649812 37.2800013)",bike;walk,1,0
,237,290258988,79,80,1,212.86506581174635,1,29,,track,10,"LINESTRING (-109.5779966 37.2831107, -109.5804026 37.2831139)",bike;walk,0,0
,238,290258988,80,1,1,170.26531206212354,1,29,,track,10,"LINESTRING (-109.5804026 37.2831139, -109.5823271 37.283115)",bike;walk,0,0
,239,290258988,1,141,1,46.41122245030114,1,29,,track,10,"LINESTRING (-109.5823271 37.283115, -109.582488 37.2831107, -109.5825591 37.2830915, -109.5826208 37.2830563, -109.5828 37.2829653)",bike;walk,0,0
,240,290259935,80,1,1,258.81660880506246,1,29,,track,10,"LINESTRING (-109.5804026 37.2831139, -109.5804106 37.2832057, -109.5804321 37.2833124, -109.5804965 37.2834148, -109.5805608 37.2834831, -109.5807164 37.2835344, -109.5808183 37.283545, -109.5816632 37.2834703, -109.5823432 37.2833967, -109.5824639 37.283369, -109.5825752 37.2833007, -109.5825054 37.2832196, -109.5824263 37.2831524, -109.5823271 37.283115)",bike;walk,0,0
,241,326180996,64,77,1,380.097560589675,1,50,,primary,3,"LINESTRING (-109.5487652 37.2838085, -109.5478821 37.2848768, -109.5475182 37.2852789, -109.547195 37.2856096, -109.5469402 37.285798, -109.5465403 37.2860686, -109.546 37.28638)",auto;bike;walk,1,0
,242,326180996,77,64,1,380.097560589675,1,50,,primary,3,"LINESTRING (-109.546 37.28638, -109.5465403 37.2860686, -109.5469402 37.285798, -109.547195 37.2856096, -109.5475182 37.2852789, -109.5478821 37.2848768, -109.5487652 37.2838085)",auto;bike;walk,1,0
,243,326180996,77,46,1,61.058102606740015,1,50,,primary,3,"LINESTRING (-109.546 37.28638, -109.5454386 37.2866994)",auto;bike;walk,1,0
,244,326180996,46,77,1,61.058102606740015,1,50,,primary,3,"LINESTRING (-109.5454386 37.2866994, -109.546 37.28638)",auto;bike;walk,1,0
,245,326180996,46,73,1,381.8835365215897,1,50,,primary,3,"LINESTRING (-109.5454386 37.2866994, -109.5445816 37.287183, -109.5440852 37.2875258, -109.5436071 37.2879288, -109.5429711 37.28853, -109.5423507 37.2890753)",auto;bike;walk,1,0
,246,326180996,73,46,1,381.8835365215897,1,50,,primary,3,"LINESTRING (-109.5423507 37.2890753, -109.5429711 37.28853, -109.5436071 37.2879288, -109.5440852 37.2875258, -109.5445816 37.287183, -109.5454386 37.2866994)",auto;bike;walk,1,0
,247,326180997,73,142,1,841.3460005494735,1,65,,primary,3,"LINESTRING (-109.5423507 37.2890753, -109.5410731 37.2900505, -109.5406697 37.2903808, -109.5404272 37.290628, -109.5401365 37.2909906, -109.5399605 37.2912695, -109.5394103 37.2924036, -109.5385282 37.2942333, -109.5383845 37.2944993, -109.5382024 37.2947939, -109.5379996 37.2950579, -109.5378209 37.2952734, -109.5376123 37.2955)",auto;bike;walk,1,0
,248,326180997,142,73,1,841.3460005494735,1,65,,primary,3,"LINESTRING (-109.5376123 37.2955, -109.5378209 37.2952734, -109.5379996 37.2950579, -109.5382024 37.2947939, -109.5383845 37.2944993, -109.5385282 37.2942333, -109.5394103 37.2924036, -109.5399605 37.2912695, -109.5401365 37.2909906, -109.5404272 37.290628, -109.5406697 37.2903808, -109.5410731 37.2900505, -109.5423507 37.2890753)",auto;bike;walk,1,0
,249,326180998,85,102,1,100.66657355207441,1,29,,service,7,"LINESTRING (-109.5468254 37.2866192, -109.5469188 37.2867037, -109.547713 37.2871825)",bike;walk,1,0
,250,326180998,102,85,1,100.66657355207441,1,29,,service,7,"LINESTRING (-109.547713 37.2871825, -109.5469188 37.2867037, -109.5468254 37.2866192)",bike;walk,1,0
,251,326181003,93,0,1,38.45814895153151,1,40,,primary,3,"LINESTRING (-109.5759939 37.2801737, -109.5756005 37.2803208)",auto;bike;walk,1,0
,252,326181003,0,93,1,38.45814895153151,1,40,,primary,3,"LINESTRING (-109.5756005 37.2803208, -109.5759939 37.2801737)",auto;bike;walk,1,0
,253,332803519,103,143,1,843.7605267585116,1,29,,track,10,"LINESTRING (-109.5326654 37.2883234, -109.5326306 37.2883853, -109.5326091 37.2884579, -109.5326118 37.2885518, -109.5326172 37.2886862, -109.5326708 37.2889892, -109.5326708 37.2892538, -109.5328532 37.2893819, -109.5329712 37.289655, -109.5331214 37.2898001, -109.5331965 37.2899964, -109.5319593 37.2931149, -109.5315956 37.2940745, -109.5312504 37.2949603, -109.5310144 37.2955)",auto;bike;walk,0,0
Nielson Road,254,332803757,11,12,1,299.3350870803116,1,29,,unclassified,11,"LINESTRING (-109.5325877 37.2819021, -109.5324187 37.2822684, -109.532526 37.2845686)",auto;bike;walk,1,0
Nielson Road,255,332803757,12,11,1,299.3350870803116,1,29,,unclassified,11,"LINESTRING (-109.532526 37.2845686, -109.5324187 37.2822684, -109.5325877 37.2819021)",auto;bike;walk,1,0
,256,358558955,105,106,1,25.824150858213994,1,29,,service,7,"LINESTRING (-109.5534637 37.2877532, -109.5535657 37.2877903, -109.5537267 37.2878539)",bike;walk,1,0
,257,358558955,106,105,1,25.824150858213994,1,29,,service,7,"LINESTRING (-109.5537267 37.2878539, -109.5535657 37.2877903, -109.5534637 37.2877532)",bike;walk,1,0
,258,358558956,16,17,1,109.26702354157925,1,29,,service,7,"LINESTRING (-109.5695315 37.2838956, -109.5692526 37.2839173, -109.569013 37.2839273, -109.5685612 37.2839284, -109.5684587 37.2838899, -109.5684056 37.2837785)",bike;walk,1,0
,259,358558956,17,16,1,109.26702354157925,1,29,,service,7,"LINESTRING (-109.5684056 37.2837785, -109.5684587 37.2838899, -109.5685612 37.2839284, -109.569013 37.2839273, -109.5692526 37.2839173, -109.5695315 37.2838956)",bike;walk,1,0
,260,358979936,107,144,1,171.82537390983288,1,29,,track,10,"LINESTRING (-109.5558006 37.2943658, -109.5557322 37.294432, -109.5555016 37.2945322, -109.5552325 37.294697, -109.5549891 37.2949332, -109.5549571 37.2950487, -109.5550062 37.2951523, -109.5551685 37.2952916, -109.5553308 37.2954496, -109.5553468 37.2955)",auto;bike;walk,0,0
,261,361288872,22,145,1,134.0462726534227,1,29,,track,10,"LINESTRING (-109.5316757 37.2883746, -109.5315281 37.2883367, -109.5308773 37.287892, -109.5306096 37.2876184, -109.5306 37.2875661)",auto;bike;walk,0,0
,262,361288872,146,111,1,78.56290186981448,1,29,,track,10,"LINESTRING (-109.5306 37.2864311, -109.5306149 37.286374, -109.5307015 37.285898, -109.5307015 37.2858123, -109.5306358 37.2857497)",auto;bike;walk,0,0
500 South,263,376753353,112,113,1,137.1195834940167,1,29,,residential,6,"LINESTRING (-109.5662933 37.2775978, -109.5662477 37.2775871, -109.56617 37.2775807, -109.5651856 37.2776768, -109.5647537 37.2776917)",auto;bike;walk,1,0
500 South,264,376753353,113,112,1,137.1195834940167,1,29,,residential,6,"LINESTRING (-109.5647537 37.2776917, -109.5651856 37.2776768, -109.56617 37.2775807, -109.5662477 37.2775871, -109.5662933 37.2775978)",auto;bike;walk,1,0
7th East Street,265,376753355,114,42,1,136.64605330139673,1,29,,tertiary,5,"LINESTRING (-109.5503409 37.2845018, -109.550306 37.2845477, -109.5502872 37.2845861, -109.5502742 37.284623, -109.5503415 37.2857174)",auto;bike;walk,1,0
7th East Street,266,376753355,42,114,1,136.64605330139673,1,29,,tertiary,5,"LINESTRING (-109.5503415 37.2857174, -109.5502742 37.284623, -109.5502872 37.2845861, -109.550306 37.2845477, -109.5503409 37.2845018)",auto;bike;walk,1,0
7th East Street,267,376753355,42,44,1,134.37894732000035,1,29,,tertiary,5,"LINESTRING (-109.5503415 37.2857174, -109.5503398 37.2860876, -109.5503004 37.2862121, -109.5502344 37.2863566, -109.5501088 37.2865058, -109.5499482 37.2866322, -109.549743 37.2867422)",auto;bike;walk,1,0
7th East Street,268,376753355,44,42,1,134.37894732000035,1,29,,tertiary,5,"LINESTRING (-109.549743 37.2867422, -109.5499482 37.2866322, -109.5501088 37.2865058, -109.5502344 37.2863566, -109.5503004 37.2862121, -109.5503398 37.2860876, -109.5503415 37.2857174)",auto;bike;walk,1,0
,269,376753358,39,40,1,152.57309113347404,1,29,,service,7,"LINESTRING (-109.5597279 37.2859293, -109.5599296 37.2866081, -109.560058 37.2868632, -109.5602292 37.2872391)",bike;walk,1,0
,270,376753358,40,39,1,152.57309113347407,1,29,,service,7,"LINESTRING (-109.5602292 37.2872391, -109.560058 37.2868632, -109.5599296 37.2866081, -109.5597279 37.2859293)",bike;walk,1,0
,271,376753366,8,105,1,211.99014173565666,1,29,,residential,6,"LINESTRING (-109.5520641 37.2869207, -109.552138 37.2869759, -109.552239 37.2870047, -109.5524908 37.2869855, -109.5532415 37.286941, -109.5533675 37.2869661, -109.5534646 37.2870233, -109.5534952 37.2871241, -109.553474 37.2872386, -109.5534363 37.287331, -109.5534242 37.2874618, -109.5534637 37.2877532)",auto;bike;walk,1,0
,272,376753366,105,8,1,211.99014173565666,1,29,,residential,6,"LINESTRING (-109.5534637 37.2877532, -109.5534242 37.2874618, -109.5534363 37.287331, -109.553474 37.2872386, -109.5534952 37.2871241, -109.5534646 37.2870233, -109.5533675 37.2869661, -109.5532415 37.286941, -109.5524908 37.2869855, -109.552239 37.2870047, -109.552138 37.2869759, -109.5520641 37.2869207)",auto;bike;walk,1,0
,273,376753366,105,84,1,122.46083455039945,1,29,,residential,6,"LINESTRING (-109.5534637 37.2877532, -109.5533986 37.2878349, -109.5533134 37.288015, -109.5532946 37.2881708, -109.5533081 37.2883867, -109.5532679 37.288825)",auto;bike;walk,1,0
,274,376753366,84,105,1,122.46083455039947,1,29,,residential,6,"LINESTRING (-109.5532679 37.288825, -109.5533081 37.2883867, -109.5532946 37.2881708, -109.5533134 37.288015, -109.5533986 37.2878349, -109.5534637 37.2877532)",auto;bike;walk,1,0
Mulberry Avenue,275,376761624,7,37,1,151.2286418627977,1,29,,residential,6,"LINESTRING (-109.5519768 37.285719, -109.5536859 37.285694)",auto;bike;walk,1,0
Mulberry Avenue,276,376761624,37,7,1,151.2286418627977,1,29,,residential,6,"LINESTRING (-109.5536859 37.285694, -109.5519768 37.285719)",auto;bike;walk,1,0
Mulberry Avenue,277,376761624,37,43,1,144.83194757039686,1,29,,residential,6,"LINESTRING (-109.5536859 37.285694, -109.5553221 37.2856512)",auto;bike;walk,1,0
Mulberry Avenue,278,376761624,43,37,1,144.83194757039686,1,29,,residential,6,"LINESTRING (-109.5553221 37.2856512, -109.5536859 37.285694)",auto;bike;walk,1,0
Mulberry Avenue,279,376761624,43,38,1,157.69247041122708,1,29,,residential,6,"LINESTRING (-109.5553221 37.2856512, -109.5563142 37.2856441, -109.5571039 37.2856194)",auto;bike;walk,1,0
Mulberry Avenue,280,376761624,38,43,1,157.69247041122708,1,29,,residential,6,"LINESTRING (-109.5571039 37.2856194, -109.5563142 37.2856441, -109.5553221 37.2856512)",auto;bike;walk,1,0
North 6th East Street,281,376761625,7,8,1,134.65718907839926,1,29,,residential,6,"LINESTRING (-109.5519768 37.285719, -109.5520061 37.2868076, -109.5520641 37.2869207)",auto;bike;walk,1,0
North 6th East Street,282,376761625,8,7,1,134.65718907839926,1,29,,residential,6,"LINESTRING (-109.5520641 37.2869207, -109.5520061 37.2868076, -109.5519768 37.285719)",auto;bike;walk,1,0
3rd East Street,283,595612724,48,38,1,146.40571473652867,1,29,,residential,6,"LINESTRING (-109.5570653 37.2843031, -109.5570846 37.2849616, -109.5571039 37.2856194)",auto;bike;walk,1,0
3rd East Street,284,595612724,38,48,1,146.40571473652867,1,29,,residential,6,"LINESTRING (-109.5571039 37.2856194, -109.5570846 37.2849616, -109.5570653 37.2843031)",auto;bike;walk,1,0
,285,649738722,0,53,1,168.11818174680985,1,40,,primary,3,"LINESTRING (-109.5756005 37.2803208, -109.5752901 37.2804318, -109.5748698 37.2805774, -109.5742495 37.2807576, -109.5738415 37.280891)",auto;bike;walk,1,0
,286,649738722,53,0,1,168.11818174680985,1,40,,primary,3,"LINESTRING (-109.5738415 37.280891, -109.5742495 37.2807576, -109.5748698 37.2805774, -109.5752901 37.2804318, -109.5756005 37.2803208)",auto;bike;walk,1,0
,287,649738722,53,2,1,160.21602737455999,1,40,,primary,3,"LINESTRING (-109.5738415 37.280891, -109.5729721 37.2810601, -109.5726953 37.2811068, -109.5720777 37.2812169)",auto;bike;walk,1,0
,288,649738722,2,53,1,160.21602737455999,1,40,,primary,3,"LINESTRING (-109.5720777 37.2812169, -109.5726953 37.2811068, -109.5729721 37.2810601, -109.5738415 37.280891)",auto;bike;walk,1,0
,289,649738722,2,54,1,72.3108533226978,1,40,,primary,3,"LINESTRING (-109.5720777 37.2812169, -109.5715008 37.2812926, -109.571271 37.2813213)",auto;bike;walk,1,0
,290,649738722,54,2,1,72.3108533226978,1,40,,primary,3,"LINESTRING (-109.571271 37.2813213, -109.5715008 37.2812926, -109.5720777 37.2812169)",auto;bike;walk,1,0
,291,649738722,54,55,1,138.0878664070862,1,40,,primary,3,"LINESTRING (-109.571271 37.2813213, -109.5704852 37.281394, -109.5697171 37.2814331)",auto;bike;walk,1,0
,292,649738722,55,54,1,138.0878664070862,1,40,,primary,3,"LINESTRING (-109.5697171 37.2814331, -109.5704852 37.281394, -109.571271 37.2813213)",auto;bike;walk,1,0
,293,700481261,117,116,1,16.086330627026374,1,4,,footway,9,"LINESTRING (-109.5527036 37.2838078, -109.5526533 37.2837913, -109.5526023 37.2837651, -109.5525688 37.2837192)",walk,0,0
,294,700481262,118,117,1,4.557462058497028,1,4,,footway,9,"LINESTRING (-109.5527331 37.2838414, -109.5527036 37.2838078)",walk,0,0
,295,700481265,131,130,1,40.20271912051035,1,4,,footway,9,"LINESTRING (-109.5531267 37.2837859, -109.553118 37.2837539, -109.5531227 37.2837257, -109.5531321 37.2837032, -109.5531186 37.2836814, -109.5530858 37.2836728, -109.5530248 37.283675, -109.5529979 37.2836968, -109.5529886 37.2837289, -109.5529946 37.2837518, -109.5530181 37.2837662, -109.5530476 37.2837902, -109.553067 37.2838185)",walk,0,0
,296,700481276,119,120,1,22.357895290503,1,4,,footway,9,"LINESTRING (-109.5533131 37.284073, -109.5533051 37.2839961, -109.5532849 37.2839236, -109.5532648 37.2838766)",walk,0,0
,297,700481276,120,129,1,24.889986131054645,1,4,,footway,9,"LINESTRING (-109.5532648 37.2838766, -109.5532447 37.283866, -109.5532059 37.283864, -109.5531629 37.2838809, -109.553128 37.2838958, -109.5530918 37.2838937, -109.553061 37.2838798, -109.553002 37.283882)",walk,0,0
,298,700481276,129,133,1,24.159516202891734,1,4,,footway,9,"LINESTRING (-109.553002 37.283882, -109.5528571 37.2838724, -109.5527559 37.2838772, -109.5527351 37.2838644)",walk,0,0
,299,700481276,133,118,1,2.563597042030732,1,4,,footway,9,"LINESTRING (-109.5527351 37.2838644, -109.5527331 37.2838414)",walk,0,0
,300,700481286,124,121,1,8.017198146171092,1,29,,service,7,"LINESTRING (-109.552287 37.2836483, -109.5522867 37.2835762)",bike;walk,1,0
,301,700481286,121,124,1,8.017198146171092,1,29,,service,7,"LINESTRING (-109.5522867 37.2835762, -109.552287 37.2836483)",bike;walk,1,0
,302,700481286,121,123,1,43.334538509607604,1,29,,service,7,"LINESTRING (-109.5522867 37.2835762, -109.5522861 37.2834508, -109.5526183 37.2834499)",bike;walk,1,0
,303,700481286,123,121,1,43.334538509607604,1,29,,service,7,"LINESTRING (-109.5526183 37.2834499, -109.5522861 37.2834508, -109.5522867 37.2835762)",bike;walk,1,0
,304,700481287,122,121,1,31.257291814753565,1,29,,service,7,"LINESTRING (-109.5519334 37.2835771, -109.5522867 37.2835762)",bike;walk,1,0
,305,700481287,121,122,1,31.257291814753565,1,29,,service,7,"LINESTRING (-109.5522867 37.2835762, -109.5519334 37.2835771)",bike;walk,1,0
,306,700481294,120,132,1,21.44292626888811,1,4,,footway,9,"LINESTRING (-109.5532648 37.2838766, -109.5533118 37.2838542, -109.5533118 37.2837337, -109.5532984 37.283707)",walk,0,0
,307,700481294,132,133,1,163.69319371898305,1,4,,footway,9,"LINESTRING (-109.5532984 37.283707, -109.5532621 37.2836846, -109.5532528 37.2836632, -109.5532528 37.2835021, -109.5533118 37.2835021, -109.5533118 37.2832631, -109.5528987 37.2832631, -109.5528987 37.2836387, -109.5528799 37.2836824, -109.5527834 37.2838062, -109.5527351 37.2838644)",walk,0,0
,308,700481294,133,126,1,19.08238090003073,1,4,,footway,9,"LINESTRING (-109.5527351 37.2838644, -109.5526694 37.2839001, -109.552534 37.2839113)",walk,0,0
,309,700481294,126,125,1,35.54631345970283,1,4,,footway,9,"LINESTRING (-109.552534 37.2839113, -109.5523489 37.2839118, -109.5523484 37.2837933, -109.5523481 37.2837394)",walk,0,0
,310,700481295,127,128,1,39.49666088808924,1,4,,footway,9,"LINESTRING (-109.5527853 37.2840295, -109.5527868 37.2843847)",walk,0,0
,311,700481296,132,131,1,17.610172132192357,1,4,,footway,9,"LINESTRING (-109.5532984 37.283707, -109.5532018 37.2837593, -109.5531267 37.2837859)",walk,0,0
,312,700481296,131,130,1,6.406033513879393,1,4,,footway,9,"LINESTRING (-109.5531267 37.2837859, -109.553067 37.2838185)",walk,0,0
,313,700481296,130,129,1,9.10637254293379,1,4,,footway,9,"LINESTRING (-109.553067 37.2838185, -109.553002 37.283882)",walk,0,0
,314,700481296,129,127,1,29.25534250877824,1,4,,footway,9,"LINESTRING (-109.553002 37.283882, -109.552943 37.2839503, -109.5529161 37.2839972, -109.5529054 37.2840292, -109.5527853 37.2840295)",walk,0,0
,315,700481296,127,126,1,35.40991282894027,1,4,,footway,9,"LINESTRING (-109.5527853 37.2840295, -109.5525345 37.2840302, -109.552534 37.2839113)",walk,0,0
,316,700481296,126,125,1,25.71087013919813,1,4,,footway,9,"LINESTRING (-109.552534 37.2839113, -109.5524843 37.2838884, -109.5524286 37.2838398, -109.552381 37.2837694, -109.5523481 37.2837394)",walk,0,0
,317,,147,114,1,28.12176803363318,2,59,,connector,20,"LINESTRING (-109.550580425582 37.28466805903101, -109.5503409 37.2845018)",all,1,0
,318,,114,147,1,28.12176803363318,2,59,,connector,20,"LINESTRING (-109.5503409 37.2845018, -109.550580425582 37.28466805903101)",all,1,0
,319,,148,128,1,10.534747364541818,2,59,,connector,20,"LINESTRING (-109.552720498868 37.28430600338521, -109.5527868 37.2843847)",all,1,0
,320,,128,148,1,10.534747364541818,2,59,,connector,20,"LINESTRING (-109.5527868 37.2843847, -109.552720498868 37.28430600338521)",all,1,0
,321,,149,125,1,4.548742270926303,2,59,,connector,20,"LINESTRING (-109.5523880507376 37.28371365004396, -109.5523481 37.2837394)",all,1,0
,322,,125,149,1,4.548742270926303,2,59,,connector,20,"LINESTRING (-109.5523481 37.2837394, -109.5523880507376 37.28371365004396)",all,1,0
,323,,150,16,1,17.792269106827877,2,59,,connector,20,"LINESTRING (-109.5697316836621 37.28388028280741, -109.5695315 37.2838956)",all,1,0
,324,,16,150,1,17.792269106827877,2,59,,connector,20,"LINESTRING (-109.5695315 37.2838956, -109.5697316836621 37.28388028280741)",all,1,0
,325,,151,95,1,49.865846180016874,2,59,,connector,20,"LINESTRING (-109.5583103 37.2840083, -109.5587983 37.2842327)",all,1,0
,326,,95,151,1,49.865846180016874,2,59,,connector,20,"LINESTRING (-109.5587983 37.2842327, -109.5583103 37.2840083)",all,1,0
,327,,152,36,1,42.45647821799271,2,59,,connector,20,"LINESTRING (-109.5574926749081 37.28401003830297, -109.5570522 37.2838585)",all,1,0
,328,,36,152,1,42.45647821799271,2,59,,connector,20,"LINESTRING (-109.5570522 37.2838585, -109.5574926749081 37.28401003830297)",all,1,0
,329,,153,122,1,70.93440871125974,2,59,,connector,20,"LINESTRING (-109.5511544055305 37.28372808211004, -109.5519334 37.2835771)",all,1,0
,330,,122,153,1,70.93440871125974,2,59,,connector,20,"LINESTRING (-109.5519334 37.2835771, -109.5511544055305 37.28372808211004)",all,1,0
,331,,154,6,1,41.25120589910898,2,59,,connector,20,"LINESTRING (-109.5601267532488 37.28567112846444, -109.5600255 37.285309)",all,1,0
,332,,6,154,1,41.25120589910898,2,59,,connector,20,"LINESTRING (-109.5600255 37.285309, -109.5601267532488 37.28567112846444)",all,1,0
,333,,155,126,1,15.084193991618633,2,59,,connector,20,"LINESTRING (-109.5524910315719 37.28404257682544, -109.552534 37.2839113)",all,1,0
,334,,126,155,1,15.084193991618633,2,59,,connector,20,"LINESTRING (-109.552534 37.2839113, -109.5524910315719 37.28404257682544)",all,1,0
,335,,156,48,1,59.17997822304821,2,59,,connector,20,"LINESTRING (-109.5576520818916 37.28455862387743, -109.5570653 37.2843031)",all,1,0
,336,,48,156,1,59.17997822304821,2,59,,connector,20,"LINESTRING (-109.5570653 37.2843031, -109.5576520818916 37.28455862387743)",all,1,0
,337,,157,91,1,84.46549719226617,2,59,,connector,20,"LINESTRING (-109.5544032746674 37.28390713798914, -109.5536585 37.2843824)",all,1,0
,338,,91,157,1,84.46549719226617,2,59,,connector,20,"LINESTRING (-109.5536585 37.2843824, -109.5544032746674 37.28390713798914)",all,1,0
,339,,158,76,1,44.189270171436924,2,59,,connector,20,"LINESTRING (-109.5573324379973 37.28331481871864, -109.5570416 37.2836379)",all,1,0
,340,,76,158,1,44.189270171436924,2,59,,connector,20,"LINESTRING (-109.5570416 37.2836379, -109.5573324379973 37.28331481871864)",all,1,0
,341,,159,119,1,5.805072403724886,2,59,,connector,20,"LINESTRING (-109.5532719209413 37.28411364516779, -109.5533131 37.284073)",all,1,0
,342,,119,159,1,5.805072403724886,2,59,,connector,20,"LINESTRING (-109.5533131 37.284073, -109.5532719209413 37.28411364516779)",all,1,0
,343,,160,56,1,89.33782439532695,2,59,,connector,20,"LINESTRING (-109.5670710256505 37.28236795866683, -109.5667452 37.2816075)",all,1,0
,344,,56,160,1,89.33782439532695,2,59,,connector,20,"LINESTRING (-109.5667452 37.2816075, -109.5670710256505 37.28236795866683)",all,1,0
,345,,161,123,1,22.590934179080588,2,59,,connector,20,"LINESTRING (-109.5528564590952 37.28337662494539, -109.5526183 37.2834499)",all,1,0
,346,,123,161,1,22.590934179080588,2,59,,connector,20,"LINESTRING (-109.5526183 37.2834499, -109.5528564590952 37.28337662494539)",all,1,0
,347,,162,29,1,50.87971457578932,2,59,,connector,20,"LINESTRING (-109.55896555 37.2825079, -109.558881 37.2829605)",all,1,0
,348,,29,162,1,50.87971457578932,2,59,,connector,20,"LINESTRING (-109.558881 37.2829605, -109.55896555 37.2825079)",all,1,0
,349,,163,16,1,23.806452029849893,2,59,,connector,20,"LINESTRING (-109.5697348787036 37.28375541244847, -109.5695315 37.2838956)",all,1,0
,350,,16,163,1,23.806452029849893,2,59,,connector,20,"LINESTRING (-109.5695315 37.2838956, -109.5697348787036 37.28375541244847)",all,1,0
,351,,164,96,1,14.178576918665923,2,59,,connector,20,"LINESTRING (-109.5583507 37.28716245, -109.5582658 37.2870543)",all,1,0
,352,,96,164,1,14.178576918665923,2,59,,connector,20,"LINESTRING (-109.5582658 37.2870543, -109.5583507 37.28716245)",all,1,0
,353,,165,38,1,50.36096749505751,2,59,,connector,20,"LINESTRING (-109.5565946090698 37.285417080025, -109.5571039 37.2856194)",all,1,0
,354,,38,165,1,50.36096749505751,2,59,,connector,20,"LINESTRING (-109.5571039 37.2856194, -109.5565946090698 37.285417080025)",all,1,0
,355,,166,70,1,37.110003001995196,2,59,,connector,20,"LINESTRING (-109.5714469783734 37.28016832658842, -109.5711227 37.28038)",all,1,0
,356,,70,166,1,37.110003001995196,2,59,,connector,20,"LINESTRING (-109.5711227 37.28038, -109.5714469783734 37.28016832658842)",all,1,0
,357,,167,127,1,14.64127609356227,2,59,,connector,20,"LINESTRING (-109.55290195 37.2841229, -109.5527853 37.2840295)",all,1,0
,358,,127,167,1,14.64127609356227,2,59,,connector,20,"LINESTRING (-109.5527853 37.2840295, -109.55290195 37.2841229)",all,1,0
,359,,168,34,1,36.97269757219203,2,59,,connector,20,"LINESTRING (-109.55804565 37.2839477, -109.5578689 37.2836464)",all,1,0
,360,,34,168,1,36.97269757219203,2,59,,connector,20,"LINESTRING (-109.5578689 37.2836464, -109.55804565 37.2839477)",all,1,0
,361,,169,36,1,25.921396608738682,2,59,,connector,20,"LINESTRING (-109.5573399430336 37.28381457549129, -109.5570522 37.2838585)",all,1,0
,362,,36,169,1,25.921396608738682,2,59,,connector,20,"LINESTRING (-109.5570522 37.2838585, -109.5573399430336 37.28381457549129)",all,1,0
,363,,170,94,1,87.5903386004588,2,59,,connector,20,"LINESTRING (-109.5766546820289 37.27934415110993, -109.5762558 37.2800651)",all,1,0
,364,,94,170,1,87.5903386004588,2,59,,connector,20,"LINESTRING (-109.5762558 37.2800651, -109.5766546820289 37.27934415110993)",all,1,0
,365,,171,18,1,37.21737740497619,2,59,,connector,20,"LINESTRING (-109.5685830736229 37.28271923760076, -109.5682903 37.2824789)",all,1,0
,366,,18,171,1,37.21737740497619,2,59,,connector,20,"LINESTRING (-109.5682903 37.2824789, -109.5685830736229 37.28271923760076)",all,1,0
,367,,172,125,1,9.906249992227652,2,59,,connector,20,"LINESTRING (-109.5524527879388 37.28377100523251, -109.5523481 37.2837394)",all,1,0
,368,,125,172,1,9.906249992227652,2,59,,connector,20,"LINESTRING (-109.5523481 37.2837394, -109.5524527879388 37.28377100523251)",all,1,0
,369,,173,47,1,34.051269052823926,2,59,,connector,20,"LINESTRING (-109.5570134235181 37.28266924101055, -109.5570263 37.2829753)",all,1,0
,370,,47,173,1,34.051269052823926,2,59,,connector,20,"LINESTRING (-109.5570263 37.2829753, -109.5570134235181 37.28266924101055)",all,1,0
,371,,174,17,1,22.70928829349111,2,59,,connector,20,"LINESTRING (-109.5682270465672 37.28392522162854, -109.5684056 37.2837785)",all,1,0
,372,,17,174,1,22.70928829349111,2,59,,connector,20,"LINESTRING (-109.5684056 37.2837785, -109.5682270465672 37.28392522162854)",all,1,0
,373,,175,98,1,29.07876724840188,2,59,,connector,20,"LINESTRING (-109.5598115207673 37.28463271340713, -109.5594835 37.2846493)",all,1,0
,374,,98,175,1,29.07876724840188,2,59,,connector,20,"LINESTRING (-109.5594835 37.2846493, -109.5598115207673 37.28463271340713)",all,1,0
,375,,176,46,1,83.42079487176332,2,59,,connector,20,"LINESTRING (-109.5448830781668 37.28609319615658, -109.5454386 37.2866994)",all,1,0
,376,,46,176,1,83.42079487176332,2,59,,connector,20,"LINESTRING (-109.5454386 37.2866994, -109.5448830781668 37.28609319615658)",all,1,0
,377,,177,39,1,30.61301297815148,2,59,,connector,20,"LINESTRING (-109.559934324145 37.28570834330639, -109.5597279 37.2859293)",all,1,0
,378,,39,177,1,30.61301297815148,2,59,,connector,20,"LINESTRING (-109.5597279 37.2859293, -109.559934324145 37.28570834330639)",all,1,0
,379,,178,132,1,64.92546619459381,2,59,,connector,20,"LINESTRING (-109.55401415 37.2838359, -109.5532984 37.283707)",all,1,0
,380,,132,178,1,64.92546619459381,2,59,,connector,20,"LINESTRING (-109.5532984 37.283707, -109.55401415 37.2838359)",all,1,0
,381,,179,123,1,24.07473876614718,2,59,,connector,20,"LINESTRING (-109.5528571909212 37.28355357505468, -109.5526183 37.2834499)",all,1,0
,382,,123,179,1,24.07473876614718,2,59,,connector,20,"LINESTRING (-109.5526183 37.2834499, -109.5528571909212 37.28355357505468)",all,1,0
,383,,180,86,1,25.331420423469996,2,59,,connector,20,"LINESTRING (-109.5419112634648 37.28771497391681, -109.5421725 37.2876217)",all,1,0
,384,,86,180,1,25.331420423469996,2,59,,connector,20,"LINESTRING (-109.5421725 37.2876217, -109.5419112634648 37.28771497391681)",all,1,0
,385,,181,72,1,64.65350680776018,2,59,,connector,20,"LINESTRING (-109.5606232051126 37.28655890086714, -109.5609665 37.2870722)",all,1,0
,386,,72,181,1,64.65350680776018,2,59,,connector,20,"LINESTRING (-109.5609665 37.2870722, -109.5606232051126 37.28655890086714)",all,1,0
,387,,182,123,1,49.74633157302692,2,59,,connector,20,"LINESTRING (-109.55310575 37.2832269, -109.5526183 37.2834499)",all,1,0
,388,,123,182,1,49.74633157302692,2,59,,connector,20,"LINESTRING (-109.5526183 37.2834499, -109.55310575 37.2832269)",all,1,0
,389,,183,123,1,43.22416078578669,2,59,,connector,20,"LINESTRING (-109.55301865 37.2832271, -109.5526183 37.2834499)",all,1,0
,390,,123,183,1,43.22416078578669,2,59,,connector,20,"LINESTRING (-109.5526183 37.2834499, -109.55301865 37.2832271)",all,1,0
,391,,184,47,1,110.00340967066455,2,59,,connector,20,"LINESTRING (-109.5565812811252 37.2820515527877, -109.5570263 37.2829753)",all,1,0
,392,,47,184,1,110.00340967066455,2,59,,connector,20,"LINESTRING (-109.5570263 37.2829753, -109.5565812811252 37.2820515527877)",all,1,0
,393,,185,123,1,14.434510110108585,2,59,,connector,20,"LINESTRING (-109.5527347455892 37.28335897508084, -109.5526183 37.2834499)",all,1,0
,394,,123,185,1,14.434510110108585,2,59,,connector,20,"LINESTRING (-109.5526183 37.2834499, -109.5527347455892 37.28335897508084)",all,1,0
,395,,186,35,1,42.034265454795474,2,59,,connector,20,"LINESTRING (-109.5582894930197 37.28259232481821, -109.5582264 37.282967)",all,1,0
,396,,35,186,1,42.034265454795474,2,59,,connector,20,"LINESTRING (-109.5582264 37.282967, -109.5582894930197 37.28259232481821)",all,1,0
,397,,187,47,1,92.129646292368,2,59,,connector,20,"LINESTRING (-109.5563002923096 37.28238133137333, -109.5570263 37.2829753)",all,1,0
,398,,47,187,1,92.129646292368,2,59,,connector,20,"LINESTRING (-109.5570263 37.2829753, -109.5563002923096 37.28238133137333)",all,1,0
,399,,188,102,1,34.51479647602627,2,59,,connector,20,"LINESTRING (-109.54733245 37.2872509, -109.547713 37.2871825)",all,1,0
,400,,102,188,1,34.51479647602627,2,59,,connector,20,"LINESTRING (-109.547713 37.2871825, -109.54733245 37.2872509)",all,1,0
,401,,189,94,1,165.73982133147717,2,59,,connector,20,"LINESTRING (-109.57720695 37.278781, -109.5762558 37.2800651)",all,1,0
,402,,94,189,1,165.73982133147717,2,59,,connector,20,"LINESTRING (-109.5762558 37.2800651, -109.57720695 37.278781)",all,1,0
,403,,190,25,1,35.17107458424705,2,59,,connector,20,"LINESTRING (-109.5595770655797 37.28268934677639, -109.5593411 37.2829439)",all,1,0
,404,,25,190,1,35.17107458424705,2,59,,connector,20,"LINESTRING (-109.5593411 37.2829439, -109.5595770655797 37.28268934677639)",all,1,0
,405,,191,104,1,320.7218731386175,2,59,,connector,20,"LINESTRING (-109.5405438256342 37.28344724385349, -109.5409964 37.286309)",all,1,0
,406,,104,191,1,320.7218731386175,2,59,,connector,20,"LINESTRING (-109.5409964 37.286309, -109.5405438256342 37.28344724385349)",all,1,0
,407,,192,98,1,25.64721928042023,2,59,,connector,20,"LINESTRING (-109.5595412454082 37.28487532876557, -109.5594835 37.2846493)",all,1,0
,408,,98,192,1,25.64721928042023,2,59,,connector,20,"LINESTRING (-109.5594835 37.2846493, -109.5595412454082 37.28487532876557)",all,1,0
,409,,193,25,1,57.070109496441376,2,59,,connector,20,"LINESTRING (-109.5596213418931 37.28340617852957, -109.5593411 37.2829439)",all,1,0
,410,,25,193,1,57.070109496441376,2,59,,connector,20,"LINESTRING (-109.5593411 37.2829439, -109.5596213418931 37.28340617852957)",all,1,0
,411,,194,132,1,11.241846721285853,2,59,,connector,20,"LINESTRING (-109.5533618909212 37.28379457505466, -109.5532984 37.283707)",all,1,0
,412,,132,194,1,11.241846721285853,2,59,,connector,20,"LINESTRING (-109.5532984 37.283707, -109.5533618909212 37.28379457505466)",all,1,0
,413,,195,63,1,49.98497069279034,2,59,,connector,20,"LINESTRING (-109.5550823786086 37.2833971068987, -109.5553642 37.2830075)",all,1,0
,414,,63,195,1,49.98497069279034,2,59,,connector,20,"LINESTRING (-109.5553642 37.2830075, -109.5550823786086 37.2833971068987)",all,1,0
,415,,196,110,1,32.755214520604596,2,59,,connector,20,"LINESTRING (-109.5522161 37.28418235, -109.5519498 37.284387)",all,1,0
,416,,110,196,1,32.755214520604596,2,59,,connector,20,"LINESTRING (-109.5519498 37.284387, -109.5522161 37.28418235)",all,1,0
,417,,197,123,1,26.036232884801333,2,59,,connector,20,"LINESTRING (-109.552856174946 37.28331204236559, -109.5526183 37.2834499)",all,1,0
,418,,123,197,1,26.036232884801333,2,59,,connector,20,"LINESTRING (-109.5526183 37.2834499, -109.552856174946 37.28331204236559)",all,1,0
,419,,198,90,1,37.86308802115986,2,59,,connector,20,"LINESTRING (-109.5532799 37.2832264, -109.5536303 37.2830309)",all,1,0
,420,,90,198,1,37.86308802115986,2,59,,connector,20,"LINESTRING (-109.5536303 37.2830309, -109.5532799 37.2832264)",all,1,0
,421,,199,18,1,59.01967814428737,2,59,,connector,20,"LINESTRING (-109.5677339710109 37.2821860077303, -109.5682903 37.2824789)",all,1,0
,422,,18,199,1,59.01967814428737,2,59,,connector,20,"LINESTRING (-109.5682903 37.2824789, -109.5677339710109 37.2821860077303)",all,1,0
,423,,200,77,1,41.38426031048807,2,59,,connector,20,"LINESTRING (-109.5455734578947 37.28622720028218, -109.546 37.28638)",all,1,0
,424,,77,200,1,41.38426031048807,2,59,,connector,20,"LINESTRING (-109.546 37.28638, -109.5455734578947 37.28622720028218)",all,1,0
,425,,201,38,1,86.95602548262426,2,59,,connector,20,"LINESTRING (-109.5562852950354 37.28518656246535, -109.5571039 37.2856194)",all,1,0
,426,,38,201,1,86.95602548262426,2,59,,connector,20,"LINESTRING (-109.5571039 37.2856194, -109.5562852950354 37.28518656246535)",all,1,0
,427,,202,76,1,24.601317356594855,2,59,,connector,20,"LINESTRING (-109.5573064025217 37.28370542358209, -109.5570416 37.2836379)",all,1,0
,428,,76,202,1,24.601317356594855,2,59,,connector,20,"LINESTRING (-109.5570416 37.2836379, -109.5573064025217 37.28370542358209)",all,1,0
,429,,203,43,1,52.13237938308754,2,59,,connector,20,"LINESTRING (-109.5558591636304 37.28545827019169, -109.5553221 37.2856512)",all,1,0
,430,,43,203,1,52.13237938308754,2,59,,connector,20,"LINESTRING (-109.5553221 37.2856512, -109.5558591636304 37.28545827019169)",all,1,0
,431,,204,33,1,48.83763844623913,2,59,,connector,20,"LINESTRING (-109.55775015 37.28320315, -109.5576509 37.2836352)",all,1,0
,432,,33,204,1,48.83763844623913,2,59,,connector,20,"LINESTRING (-109.5576509 37.2836352, -109.55775015 37.28320315)",all,1,0
,433,,205,38,1,56.22253874617907,2,59,,connector,20,"LINESTRING (-109.5575699717732 37.2852756763204, -109.5571039 37.2856194)",all,1,0
,434,,38,205,1,56.22253874617907,2,59,,connector,20,"LINESTRING (-109.5571039 37.2856194, -109.5575699717732 37.2852756763204)",all,1,0
,435,,206,55,1,39.84307578758735,2,59,,connector,20,"LINESTRING (-109.5694749262728 37.28113100458243, -109.5697171 37.2814331)",all,1,0
,436,,55,206,1,39.84307578758735,2,59,,connector,20,"LINESTRING (-109.5697171 37.2814331, -109.5694749262728 37.28113100458243)",all,1,0
,437,,207,16,1,26.629263642183638,2,59,,connector,20,"LINESTRING (-109.5692495693547 37.28381173053719, -109.5695315 37.2838956)",all,1,0
,438,,16,207,1,26.629263642183638,2,59,,connector,20,"LINESTRING (-109.5695315 37.2838956, -109.5692495693547 37.28381173053719)",all,1,0
,439,,208,58,1,17.866179577821658,2,59,,connector,20,"LINESTRING (-109.5671011 37.2834742, -109.5669459 37.283577)",all,1,0
,440,,58,208,1,17.866179577821658,2,59,,connector,20,"LINESTRING (-109.5669459 37.283577, -109.5671011 37.2834742)",all,1,0
,441,,209,123,1,34.701345473471754,2,59,,connector,20,"LINESTRING (-109.5523066417101 37.28326042079973, -109.5526183 37.2834499)",all,1,0
,442,,123,209,1,34.701345473471754,2,59,,connector,20,"LINESTRING (-109.5526183 37.2834499, -109.5523066417101 37.28326042079973)",all,1,0
,443,,210,125,1,10.10861063693325,2,59,,connector,20,"LINESTRING (-109.5522483868341 37.28378378674296, -109.5523481 37.2837394)",all,1,0
,444,,125,210,1,10.10861063693325,2,59,,connector,20,"LINESTRING (-109.5523481 37.2837394, -109.5522483868341 37.28378378674296)",all,1,0
,445,,211,60,1,53.709033965477985,2,59,,connector,20,"LINESTRING (-109.56478915 37.28135935, -109.5652189 37.2817005)",all,1,0
,446,,60,211,1,53.709033965477985,2,59,,connector,20,"LINESTRING (-109.5652189 37.2817005, -109.56478915 37.28135935)",all,1,0
,447,,212,123,1,37.154368898187194,2,59,,connector,20,"LINESTRING (-109.55293155 37.28322735, -109.5526183 37.2834499)",all,1,0
,448,,123,212,1,37.154368898187194,2,59,,connector,20,"LINESTRING (-109.5526183 37.2834499, -109.55293155 37.28322735)",all,1,0
,449,,213,29,1,24.36784405060059,2,59,,connector,20,"LINESTRING (-109.5589658 37.282752, -109.558881 37.2829605)",all,1,0
,450,,29,213,1,24.36784405060059,2,59,,connector,20,"LINESTRING (-109.558881 37.2829605, -109.5589658 37.282752)",all,1,0
,451,,214,5,1,39.667234622734156,2,59,,connector,20,"LINESTRING (-109.5591085844309 37.28516791172476, -109.5588703 37.2854701)",all,1,0
,452,,5,214,1,39.667234622734156,2,59,,connector,20,"LINESTRING (-109.5588703 37.2854701, -109.5591085844309 37.28516791172476)",all,1,0
,453,,215,38,1,32.08339611407823,2,59,,connector,20,"LINESTRING (-109.55686135 37.2854049, -109.5571039 37.2856194)",all,1,0
,454,,38,215,1,32.08339611407823,2,59,,connector,20,"LINESTRING (-109.5571039 37.2856194, -109.55686135 37.2854049)",all,1,0
,455,,216,46,1,58.48874969759762,2,59,,connector,20,"LINESTRING (-109.5451575690963 37.28622328625799, -109.5454386 37.2866994)",all,1,0
,456,,46,216,1,58.48874969759762,2,59,,connector,20,"LINESTRING (-109.5454386 37.2866994, -109.5451575690963 37.28622328625799)",all,1,0
,457,,217,126,1,26.545183772303687,2,59,,connector,20,"LINESTRING (-109.5522611497982 37.28401060614686, -109.552534 37.2839113)",all,1,0
,458,,126,217,1,26.545183772303687,2,59,,connector,20,"LINESTRING (-109.552534 37.2839113, -109.5522611497982 37.28401060614686)",all,1,0
,459,,218,66,1,61.42276584382653,2,59,,connector,20,"LINESTRING (-109.5657039271282 37.28390576605788, -109.5653887 37.2834136)",all,1,0
,460,,66,218,1,61.42276584382653,2,59,,connector,20,"LINESTRING (-109.5653887 37.2834136, -109.5657039271282 37.28390576605788)",all,1,0
,461,,219,26,1,51.62620862524973,2,59,,connector,20,"LINESTRING (-109.5593169815811 37.28204919271729, -109.5592901 37.2815854)",all,1,0
,462,,26,219,1,51.62620862524973,2,59,,connector,20,"LINESTRING (-109.5592901 37.2815854, -109.5593169815811 37.28204919271729)",all,1,0
,463,,220,33,1,16.189049935293795,2,59,,connector,20,"LINESTRING (-109.5574885367741 37.28370234534855, -109.5576509 37.2836352)",all,1,0
,464,,33,220,1,16.189049935293795,2,59,,connector,20,"LINESTRING (-109.5576509 37.2836352, -109.5574885367741 37.28370234534855)",all,1,0
,465,,221,117,1,25.10128090997019,2,59,,connector,20,"LINESTRING (-109.552857474946 37.28361814236559, -109.5527036 37.2838078)",all,1,0
,466,,117,221,1,25.10128090997019,2,59,,connector,20,"LINESTRING (-109.5527036 37.2838078, -109.552857474946 37.28361814236559)",all,1,0
,467,,222,4,1,59.015112483127915,2,59,,connector,20,"LINESTRING (-109.557911224917 37.28523328501747, -109.5583982 37.285596)",all,1,0
,468,,4,222,1,59.015112483127915,2,59,,connector,20,"LINESTRING (-109.5583982 37.285596, -109.557911224917 37.28523328501747)",all,1,0
,469,,223,72,1,55.68179072772634,2,59,,connector,20,"LINESTRING (-109.56050805 37.2867291, -109.5609665 37.2870722)",all,1,0
,470,,72,223,1,55.68179072772634,2,59,,connector,20,"LINESTRING (-109.5609665 37.2870722, -109.56050805 37.2867291)",all,1,0
,471,,224,85,1,37.29709374846871,2,59,,connector,20,"LINESTRING (-109.5469595 37.2869372, -109.5468254 37.2866192)",all,1,0
,472,,85,224,1,37.29709374846871,2,59,,connector,20,"LINESTRING (-109.5468254 37.2866192, -109.5469595 37.2869372)",all,1,0
,473,,225,34,1,49.20482078817797,2,59,,connector,20,"LINESTRING (-109.5580194 37.2840724, -109.5578689 37.2836464)",all,1,0
,474,,34,225,1,49.20482078817797,2,59,,connector,20,"LINESTRING (-109.5578689 37.2836464, -109.5580194 37.2840724)",all,1,0
,475,,226,120,1,8.832889260614513,2,59,,connector,20,"LINESTRING (-109.5533622 37.28385915, -109.5532648 37.2838766)",all,1,0
,476,,120,226,1,8.832889260614513,2,59,,connector,20,"LINESTRING (-109.5532648 37.2838766, -109.5533622 37.28385915)",all,1,0
,477,,227,104,1,254.37031591802324,2,59,,connector,20,"LINESTRING (-109.5406439 37.28403865000001, -109.5409964 37.286309)",all,1,0
,478,,104,227,1,254.37031591802324,2,59,,connector,20,"LINESTRING (-109.5409964 37.286309, -109.5406439 37.28403865000001)",all,1,0
,479,,228,123,1,21.552512400360403,2,59,,connector,20,"LINESTRING (-109.5528569 37.283489, -109.5526183 37.2834499)",all,1,0
,480,,123,228,1,21.552512400360403,2,59,,connector,20,"LINESTRING (-109.5526183 37.2834499, -109.5528569 37.283489)",all,1,0
,481,,229,51,1,59.75020820391252,2,59,,connector,20,"LINESTRING (-109.5687679238089 37.28122829669032, -109.5681977 37.2815162)",all,1,0
,482,,51,229,1,59.75020820391252,2,59,,connector,20,"LINESTRING (-109.5681977 37.2815162, -109.5687679238089 37.28122829669032)",all,1,0
,483,,230,127,1,20.000133697409726,2,59,,connector,20,"LINESTRING (-109.5526163541246 37.28414901052545, -109.5527853 37.2840295)",all,1,0
,484,,127,230,1,20.000133697409726,2,59,,connector,20,"LINESTRING (-109.5527853 37.2840295, -109.5526163541246 37.28414901052545)",all,1,0
,485,,231,132,1,33.01264129560897,2,59,,connector,20,"LINESTRING (-109.5533603090788 37.28341422494534, -109.5532984 37.283707)",all,1,0
,486,,132,231,1,33.01264129560897,2,59,,connector,20,"LINESTRING (-109.5532984 37.283707, -109.5533603090788 37.28341422494534)",all,1,0
,487,,232,91,1,46.47050520074507,2,59,,connector,20,"LINESTRING (-109.55399545 37.28470299999999, -109.5536585 37.2843824)",all,1,0
,488,,91,232,1,46.47050520074507,2,59,,connector,20,"LINESTRING (-109.5536585 37.2843824, -109.55399545 37.28470299999999)",all,1,0
,489,,233,119,1,19.567050828850583,2,59,,connector,20,"LINESTRING (-109.5530985249315 37.28411564636566, -109.5533131 37.284073)",all,1,0
,490,,119,233,1,19.567050828850583,2,59,,connector,20,"LINESTRING (-109.5533131 37.284073, -109.5530985249315 37.28411564636566)",all,1,0
,491,,234,82,1,57.760429394166245,2,59,,connector,20,"LINESTRING (-109.5582445 37.28211425000001, -109.5579603 37.2816466)",all,1,0
,492,,82,234,1,57.760429394166245,2,59,,connector,20,"LINESTRING (-109.5579603 37.2816466, -109.5582445 37.28211425000001)",all,1,0
,493,,235,71,1,24.332476757404685,2,59,,connector,20,"LINESTRING (-109.5723037646547 37.28053660697483, -109.5722736 37.2803191)",all,1,0
,494,,71,235,1,24.332476757404685,2,59,,connector,20,"LINESTRING (-109.5722736 37.2803191, -109.5723037646547 37.28053660697483)",all,1,0
,495,,236,132,1,40.10463188954057,2,59,,connector,20,"LINESTRING (-109.5533599909212 37.28334967505467, -109.5532984 37.283707)",all,1,0
,496,,132,236,1,40.10463188954057,2,59,,connector,20,"LINESTRING (-109.5532984 37.283707, -109.5533599909212 37.28334967505467)",all,1,0
,497,,237,61,1,172.98807958393843,2,59,,connector,20,"LINESTRING (-109.56293115 37.28147385, -109.561461 37.2824995)",all,1,0
,498,,61,237,1,172.98807958393843,2,59,,connector,20,"LINESTRING (-109.561461 37.2824995, -109.56293115 37.28147385)",all,1,0
,499,,238,48,1,65.75863800911999,2,59,,connector,20,"LINESTRING (-109.5576561 37.28466195, -109.5570653 37.2843031)",all,1,0
,500,,48,238,1,65.75863800911999,2,59,,connector,20,"LINESTRING (-109.5570653 37.2843031, -109.5576561 37.28466195)",all,1,0
,501,,239,39,1,90.12908230120988,2,59,,connector,20,"LINESTRING (-109.56066135 37.28625400000001, -109.5597279 37.2859293)",all,1,0
,502,,39,239,1,90.12908230120988,2,59,,connector,20,"LINESTRING (-109.5597279 37.2859293, -109.56066135 37.28625400000001)",all,1,0
,503,,240,47,1,28.558728365240967,2,59,,connector,20,"LINESTRING (-109.55727095 37.28314285, -109.5570263 37.2829753)",all,1,0
,504,,47,240,1,28.558728365240967,2,59,,connector,20,"LINESTRING (-109.5570263 37.2829753, -109.55727095 37.28314285)",all,1,0
,505,,241,18,1,58.59158746031211,2,59,,connector,20,"LINESTRING (-109.56889815 37.28268805, -109.5682903 37.2824789)",all,1,0
,506,,18,241,1,58.59158746031211,2,59,,connector,20,"LINESTRING (-109.5682903 37.2824789, -109.56889815 37.28268805)",all,1,0
,507,,242,69,1,69.99398984018451,2,59,,connector,20,"LINESTRING (-109.55498105 37.28376505, -109.5553432 37.2843247)",all,1,0
,508,,69,242,1,69.99398984018451,2,59,,connector,20,"LINESTRING (-109.5553432 37.2843247, -109.55498105 37.28376505)",all,1,0
,509,,243,25,1,60.67448080705491,2,59,,connector,20,"LINESTRING (-109.5593795359866 37.28239909895022, -109.5593411 37.2829439)",all,1,0
,510,,25,243,1,60.67448080705491,2,59,,connector,20,"LINESTRING (-109.5593411 37.2829439, -109.5593795359866 37.28239909895022)",all,1,0
,511,,244,110,1,64.12329507171229,2,59,,connector,20,"LINESTRING (-109.5513952481706 37.28401568463384, -109.5519498 37.284387)",all,1,0
,512,,110,244,1,64.12329507171229,2,59,,connector,20,"LINESTRING (-109.5519498 37.284387, -109.5513952481706 37.28401568463384)",all,1,0
,513,,245,90,1,44.40318146361285,2,59,,connector,20,"LINESTRING (-109.55319285 37.28322665, -109.5536303 37.2830309)",all,1,0
,514,,90,245,1,44.40318146361285,2,59,,connector,20,"LINESTRING (-109.5536303 37.2830309, -109.55319285 37.28322665)",all,1,0
,515,,246,61,1,94.40178855300984,2,59,,connector,20,"LINESTRING (-109.56198085 37.2817581, -109.561461 37.2824995)",all,1,0
,516,,61,246,1,94.40178855300984,2,59,,connector,20,"LINESTRING (-109.561461 37.2824995, -109.56198085 37.2817581)",all,1,0
,517,,247,126,1,32.53011332007864,2,59,,connector,20,"LINESTRING (-109.5523815637447 37.28417752493709, -109.552534 37.2839113)",all,1,0
,518,,126,247,1,32.53011332007864,2,59,,connector,20,"LINESTRING (-109.552534 37.2839113, -109.5523815637447 37.28417752493709)",all,1,0
,519,,248,117,1,7.7404269766415625,2,59,,connector,20,"LINESTRING (-109.5526717769991 37.28374295676879, -109.5527036 37.2838078)",all,1,0
,520,,117,248,1,7.7404269766415625,2,59,,connector,20,"LINESTRING (-109.5527036 37.2838078, -109.5526717769991 37.28374295676879)",all,1,0
,521,,249,40,1,52.10928585624831,2,59,,connector,20,"LINESTRING (-109.5598269378656 37.28689677550598, -109.5602292 37.2872391)",all,1,0
,522,,40,249,1,52.10928585624831,2,59,,connector,20,"LINESTRING (-109.5602292 37.2872391, -109.5598269378656 37.28689677550598)",all,1,0
,523,,250,6,1,54.880480309986055,2,59,,connector,20,"LINESTRING (-109.559438626072 37.2851491064769, -109.5600255 37.285309)",all,1,0
,524,,6,250,1,54.880480309986055,2,59,,connector,20,"LINESTRING (-109.5600255 37.285309, -109.559438626072 37.2851491064769)",all,1,0
,525,,251,51,1,52.54298803437821,2,59,,connector,20,"LINESTRING (-109.5685302936072 37.28112472421528, -109.5681977 37.2815162)",all,1,0
,526,,51,251,1,52.54298803437821,2,59,,connector,20,"LINESTRING (-109.5681977 37.2815162, -109.5685302936072 37.28112472421528)",all,1,0
,527,,252,98,1,33.721315531891435,2,59,,connector,20,"LINESTRING (-109.5591610536339 37.28481101207875, -109.5594835 37.2846493)",all,1,0
,528,,98,252,1,33.721315531891435,2,59,,connector,20,"LINESTRING (-109.5594835 37.2846493, -109.5591610536339 37.28481101207875)",all,1,0
,529,,253,132,1,14.977405778868269,2,59,,connector,20,"LINESTRING (-109.5533375176462 37.28357595014885, -109.5532984 37.283707)",all,1,0
,530,,132,253,1,14.977405778868269,2,59,,connector,20,"LINESTRING (-109.5532984 37.283707, -109.5533375176462 37.28357595014885)",all,1,0
,531,,254,71,1,34.686400540880285,2,59,,connector,20,"LINESTRING (-109.5725302342769 37.2800832810786, -109.5722736 37.2803191)",all,1,0
,532,,71,254,1,34.686400540880285,2,59,,connector,20,"LINESTRING (-109.5722736 37.2803191, -109.5725302342769 37.2800832810786)",all,1,0
,533,,255,61,1,114.88583667510707,2,59,,connector,20,"LINESTRING (-109.56211335 37.28160615, -109.561461 37.2824995)",all,1,0
,534,,61,255,1,114.88583667510707,2,59,,connector,20,"LINESTRING (-109.561461 37.2824995, -109.56211335 37.28160615)",all,1,0
,535,,256,82,1,110.66845869294602,2,59,,connector,20,"LINESTRING (-109.5567444 37.28188025, -109.5579603 37.2816466)",all,1,0
,536,,82,256,1,110.66845869294602,2,59,,connector,20,"LINESTRING (-109.5579603 37.2816466, -109.5567444 37.28188025)",all,1,0
,537,,257,90,1,48.396185602402596,2,59,,connector,20,"LINESTRING (-109.5539633 37.2833762, -109.5536303 37.2830309)",all,1,0
,538,,90,257,1,48.396185602402596,2,59,,connector,20,"LINESTRING (-109.5536303 37.2830309, -109.5539633 37.2833762)",all,1,0
