name,node_id,osm_node_id,osm_highway,zone_id,ctrl_type,node_type,activity_type,is_boundary,x_coord,y_coord,main_node_id,poi_id,notes
,1,220623218,,,0,,motorway,0,-76.279687,36.774958000000005,,,
,2,220623233,,,0,,motorway,0,-76.27969399999999,36.775084,,,
,5,220626025,,,0,,primary,0,-76.362364,36.771953,,,
,6,220626027,,,0,,motorway,0,-76.362368,36.772061,,,
,16,220635126,,,0,,primary,0,-76.2541026,36.773194700000005,,,
,22,220641394,,,0,,primary,0,-76.237205,36.795376,,,
,23,220641395,,,0,,primary,0,-76.237305,36.795463,,,
,28,220642896,,,0,,primary,0,-76.260425,36.782037,,,
,29,220643462,,,0,,primary,0,-76.34460200000001,36.772333,,,
,30,220643508,,,0,,primary,0,-76.3437553,36.771266100000005,,,
,31,220643563,,,0,,primary,0,-76.3436539,36.77120479999999,,,
,32,220643589,,,0,,primary,0,-76.341082,36.772409,,,
,33,220645357,,,0,,primary,0,-76.2855015,36.77813270000001,,,
,34,220645362,,,0,,primary,0,-76.28502390000001,36.7780276,,,
,35,220648616,,,0,,primary,0,-76.25869399999999,36.783182000000004,,,
,36,220648702,,,0,,primary,0,-76.258614,36.783352,,,
,38,220651179,,,0,,primary,0,-76.273877,36.775104,,,
,46,220654788,,,0,,primary,0,-76.280897,36.775287,,,
,52,220659132,,,0,,primary,0,-76.34144549999999,36.774027200000006,,,
,53,220659184,,,0,,primary,0,-76.340727,36.772525,,,
,54,220659704,,,0,,primary,0,-76.25845799999999,36.782702,,,
,55,220659769,,,0,,primary,0,-76.258657,36.783027000000004,,,
,56,220659775,,,0,,primary,0,-76.258314,36.78322,,,
,57,220659840,,,0,,primary,0,-76.25836600000001,36.782946,,,
,59,220660550,,,0,,primary,0,-76.25486629999999,36.7743689,,,
,61,220669357,,,0,,primary,0,-76.413158,36.786637,,,
,62,220669410,,,0,,primary,0,-76.412474,36.787269,,,
,63,220670052,,,0,,primary,0,-76.32451,36.773455,,,
,64,220672777,,,0,,primary,0,-76.36737099999999,36.771952,,,
,65,220672782,,,0,,motorway,0,-76.367384,36.771843,,,
,68,220672969,,,0,,motorway,0,-76.368771,36.771921999999996,,,
,69,220672973,,,0,,primary,0,-76.368669,36.771815000000004,,,
,77,220678434,,,0,,primary,0,-76.256879,36.7773697,,,
,78,220680807,,,0,,primary,0,-76.286073,36.778042,,,
,79,220681852,,,0,,motorway,0,-76.275265,36.774839,,,
,80,220681855,,,0,,motorway,0,-76.27524100000001,36.774719,,,
,83,220690050,,,0,,primary,0,-76.286151,36.776773999999996,,,
,84,220690130,,,0,,primary,0,-76.2858556,36.7780396,,,
,85,220690206,,,0,,primary,0,-76.285286,36.7774235,,,
,88,220694775,,,0,,primary,0,-76.258499,36.783513,,,
,89,220694848,,,0,,primary,0,-76.258347,36.783377,,,
,90,220694966,,,0,,primary,0,-76.2580262,36.7816414,,,
,91,220696258,,,0,,primary,0,-76.344285,36.772452,,,
,95,220701195,,,0,,primary,0,-76.274328,36.774873,,,
,96,220702436,,,0,,primary,0,-76.3237514,36.7728907,,,
,99,220703625,,,0,,primary,0,-76.408913,36.865604,,,
,100,220703652,,,0,,primary,0,-76.4096141,36.8652369,,,
,101,220703713,,,0,,primary,0,-76.256764,36.784104,,,
,103,220704239,,,0,,primary,0,-76.286167,36.775165,,,
,104,220704312,,,0,,primary,0,-76.284838,36.776340000000005,,,
,105,220704361,,,0,,primary,0,-76.283641,36.776035,,,
,106,220705273,,,0,,primary,0,-76.237204,36.795538,,,
,107,220706656,,,0,,primary,0,-76.258834,36.784913,,,
,108,220707330,,,0,,primary,0,-76.258946,36.784804,,,
,109,220709780,,,0,,primary,1,-76.41433,36.78562,,,
,110,220709850,,,0,,primary,0,-76.41341899999999,36.786951,,,
,113,220715551,,,0,,primary,0,-76.358909,36.772028999999996,,,
,116,220719038,,,0,,primary,0,-76.28085300000001,36.77538,,,
,119,220721103,,,0,,primary,0,-76.2520849,36.767225200000006,,,
,120,220721115,traffic_signals,,1,,primary,0,-76.2522622,36.7684904,,,
,121,220721127,,,0,,primary,0,-76.2526568,36.770041299999995,,,
,122,220721170,,,0,,primary,0,-76.25761949999999,36.779126299999994,,,
,123,220721176,,,0,,primary,0,-76.25807370000001,36.781173100000004,,,
,124,220721180,,,0,,primary,0,-76.25812140000001,36.7813782,,,
,125,220721199,,,0,,primary,0,-76.2591436,36.7856682,,,
,126,220721306,traffic_signals,,1,,primary,0,-76.260388,36.791529,,,
,127,220721352,,,0,,primary,0,-76.25946979999999,36.7870363,,,
,128,220728410,,,0,,primary,0,-76.276134,36.804389,,,
,129,220728848,,,0,,primary,0,-76.406601,36.784481,,,
,130,220729274,traffic_signals,,1,,primary,0,-76.39315699999999,36.799403999999996,,,
,131,220742391,,,0,,primary,0,-76.272697,36.820592,,,
,132,220742410,,,0,,primary,0,-76.2710061,36.8224884,,,
,134,220744548,,,0,,primary,0,-76.271957,36.819936,,,
,136,220749430,,,0,,primary,0,-76.388702,36.802073,,,
,137,220749522,,,0,,primary,0,-76.402165,36.792968,,,
,138,220749536,,,0,,primary,0,-76.404376,36.791455,,,
,139,220749578,,,0,,primary,0,-76.40873959999999,36.7887768,,,
,141,220751697,traffic_signals,,1,,primary,0,-76.260108,36.815512299999995,,,
,142,220758217,,,0,,primary,1,-76.251109,36.763158700000005,,,
,143,220763817,,,0,,primary,0,-76.2764,36.80533,,,
,144,220764595,,,0,,primary,0,-76.261673,36.815055,,,
,145,220764643,,,0,,primary,0,-76.2604754,36.816344799999996,,,
,146,220764655,,,0,,primary,0,-76.26022409999999,36.8177937,,,
,147,220769965,,,0,,primary,0,-76.371747,36.771996,,,
,148,220769970,,,0,,primary,0,-76.371771,36.77189,,,
,149,220771055,,,0,,primary,0,-76.26239609999999,36.799660100000004,,,
,150,220775908,,,0,,primary,0,-76.40208309999998,36.784116499999996,,,
,151,220779112,,,0,,primary,0,-76.234842,36.797278000000006,,,
,152,220804644,,,0,,primary,0,-76.2672857,36.7778075,,,
,153,220804665,traffic_signals,,1,,primary,0,-76.267297,36.778209000000004,,,
,154,220804670,traffic_signals,,1,,primary,0,-76.267352,36.778328,,,
,155,220805008,,,0,,primary,0,-76.26065200000001,36.818014399999996,,,
,156,220805019,,,0,,primary,0,-76.2603469,36.819120299999994,,,
,157,220812682,,,0,,primary,0,-76.238713,36.794272,,,
,158,220812737,,,0,,primary,0,-76.25494300000001,36.785151,,,
,159,220812846,,,0,,primary,0,-76.285177,36.776438,,,
,160,220812868,,,0,,primary,0,-76.2886869,36.77671420000001,,,
,161,220812896,,,0,,primary,0,-76.2917431,36.775667600000006,,,
,162,220812904,,,0,,primary,0,-76.298128,36.7746304,,,
,163,220812948,,,0,,primary,0,-76.32441,36.772767,,,
,164,220812974,,,0,,primary,0,-76.345535,36.772313,,,
,165,220813486,,,0,,primary,0,-76.237874,36.795044,,,
,166,220813488,,,0,,primary,0,-76.23881300000001,36.79437,,,
,167,220813538,,,0,,primary,0,-76.25505600000001,36.785276,,,
,168,220813744,,,0,,primary,0,-76.289158,36.776649400000004,,,
,169,220813755,,,0,,primary,0,-76.29177179999999,36.7757735,,,
,170,220813777,,,0,,primary,0,-76.298149,36.7747101,,,
,171,220813852,,,0,,primary,0,-76.34262079999999,36.7724805,,,
,172,220813855,,,0,,primary,0,-76.34554200000001,36.772424,,,
,173,220813980,,,0,,primary,0,-76.3986262,36.7824505,,,
,174,220814040,,,0,,primary,0,-76.4083992,36.7846008,,,
,175,220817022,,,0,,primary,0,-76.2844866,36.7794029,,,
,176,220817141,,,0,,primary,0,-76.285359,36.776740000000004,,,
,177,220832580,,,0,,primary,0,-76.279134,36.792812,,,
,178,220855890,,,0,,primary,0,-76.33618100000001,36.780840000000005,,,
,193,220908784,,,0,,primary,1,-76.24045100000001,36.7921086,,,
,194,220912267,,,0,,primary,0,-76.2764553,36.7996276,,,
,195,220914628,,,0,,primary,0,-76.3442872,36.76319960000001,,,
,196,220914663,,,0,,primary,0,-76.346315,36.766092799999996,,,
,197,220914675,,,0,,primary,0,-76.34676429999999,36.7667985,,,
,198,220927096,,,0,,primary,0,-76.32879840000001,36.793018,,,
,199,220928467,,,0,,primary,0,-76.276103,36.802553,,,
,200,220928475,,,0,,primary,0,-76.276196,36.801801,,,
,201,220928503,,,0,,primary,0,-76.2828282,36.7835831,,,
,202,220933061,,,0,,primary,0,-76.398922,36.861478000000005,,,
,233,221035225,,,0,,primary,0,-76.27600699999999,36.850836,,,
,240,221036784,,,0,,primary,0,-76.257968,36.956153,,,
,247,221038211,,,0,,primary,0,-76.1845474,36.844426500000004,,,
,248,221038799,traffic_signals,,1,,primary,0,-76.26767,36.916438,,,
,249,221038803,traffic_signals,,1,,primary,0,-76.2677921,36.9165304,,,
,251,221039474,,,0,,primary,0,-76.2501616,36.952568,,,
,254,221039752,,,0,,primary,0,-76.27689000000001,36.850812,,,
,256,221041043,,,0,,primary,0,-76.21437,36.882319,,,
,259,221041465,motorway_junction,,0,,primary,0,-76.1944537,36.876669,,,
,273,221042253,,,0,,primary,0,-76.201291,36.855534000000006,,,
,274,221042385,,,0,,primary,0,-76.1778569,36.854420000000005,,,
,275,221042535,,,0,,primary,0,-76.2194182,36.9151916,,,
,277,221043342,,,0,,primary,0,-76.265357,36.852255,,,
,278,221043367,,,0,,primary,0,-76.2650167,36.8519104,,,
,279,221043866,,,0,,primary,0,-76.20935820000001,36.85876270000001,,,
,280,221043895,,,0,,primary,0,-76.209659,36.858368,,,
,281,221043907,,,0,,primary,0,-76.209672,36.856438,,,
,284,221043928,,,0,,primary,0,-76.209626,36.855083,,,
,285,221043953,,,0,,primary,0,-76.2098454,36.853120200000006,,,
,287,221044880,,,0,,primary,0,-76.26612,36.851867999999996,,,
,288,221044908,,,0,,primary,0,-76.265925,36.851615,,,
,292,221045477,,,0,,primary,0,-76.240316,36.854482,,,
,293,221045501,,,0,,primary,0,-76.2401004,36.85499420000001,,,
,300,221047277,,,0,,primary,0,-76.27935699999999,36.896099,,,
,301,221047286,,,0,,primary,0,-76.279565,36.896072,,,
,304,221047384,traffic_signals,,1,,primary,0,-76.271928,36.9180172,,,
,306,221047614,,,0,,primary,0,-76.274888,36.854395000000004,,,
,307,221047629,,,0,,primary,0,-76.274849,36.85468,,,
,308,221048181,,,0,,primary,0,-76.24212299999999,36.853987,,,
,309,221048216,,,0,,primary,0,-76.2412875,36.854305200000006,,,
,310,221048379,,,0,,primary,0,-76.2720258,36.9175472,,,
,316,221048653,,,0,,primary,0,-76.2148681,36.882807,,,
,324,221050014,,,0,,trunk,0,-76.256873,36.958141,,,
,326,221050113,motorway_junction,,0,,trunk,0,-76.2600806,36.959109999999995,,,
,329,221050560,,,0,,primary,0,-76.254168,36.91616,,,
,330,221050563,,,0,,trunk,0,-76.254144,36.916273,,,
,332,221051461,,,0,,primary,0,-76.2820245,36.8809537,,,
,333,221051464,,,0,,primary,0,-76.282126,36.8809496,,,
,335,221052323,traffic_signals,,1,,primary,0,-76.232336,36.855801,,,
,336,221052584,,,0,,primary,0,-76.24904959999999,36.9152813,,,
,339,221052604,,,0,,primary,0,-76.23885600000001,36.914719,,,
,340,221052635,,,0,,primary,0,-76.238607,36.914349,,,
,341,221052818,,,0,,primary,0,-76.2693,36.91567020000001,,,
,342,221053469,,,0,,primary,0,-76.27671,36.850835,,,
,343,221053509,,,0,,primary,0,-76.276126,36.850968,,,
,351,221054606,,,0,,primary,0,-76.215202,36.883458000000005,,,
,352,221054632,,,0,,primary,0,-76.21460400000001,36.883305,,,
,353,221054749,,,0,,primary,0,-76.2631,36.958145,,,
,358,221054846,,,0,,primary,0,-76.263299,36.957901,,,
,366,221058717,,,0,,primary,0,-76.221215,36.891441,,,
,367,221058719,,,0,,primary,0,-76.2211147,36.8914886,,,
,372,221059768,,,0,,motorway,0,-76.26511500000001,36.957433,,,
,373,221059773,,,0,,motorway,0,-76.265135,36.957539000000004,,,
,375,221060147,,,0,,primary,0,-76.272583,36.858771999999995,,,
,382,221062219,,,0,,primary,0,-76.21035069999999,36.843543100000005,,,
,385,221062460,,,0,,primary,0,-76.21005809999998,36.8436185,,,
,387,221063020,,,0,,primary,0,-76.2588592,36.9459309,,,
,388,221063029,,,0,,primary,0,-76.258415,36.946442600000005,,,
,391,221064273,traffic_signals,,1,,primary,0,-76.37408549999999,36.848282299999994,,,
,392,221064728,,,0,,primary,0,-76.32805309999999,36.794104100000006,,,
,395,221065086,traffic_signals,,1,,primary,0,-76.203486,36.855625,,,
,396,221065177,traffic_signals,,1,,primary,0,-76.210012,36.861451,,,
,399,221066210,,,0,,primary,0,-76.33736440000001,36.8229458,,,
,408,221066423,,,0,,primary,0,-76.339777,36.833963,,,
,409,221066444,,,0,,primary,0,-76.3400977,36.834382500000004,,,
,410,221066447,,,0,,primary,0,-76.3401667,36.8344829,,,
,411,221066505,,,0,,primary,0,-76.33892469999999,36.8344972,,,
,412,221066507,,,0,,primary,1,-76.33908199999999,36.834384,,,
,413,221066529,,,0,,primary,0,-76.339683,36.833911,,,
,414,221066596,,,0,,primary,0,-76.206236,36.855561,,,
,415,221066601,,,0,,primary,0,-76.20622,36.855729,,,
,423,221067196,,,0,,primary,0,-76.2668642,36.9301711,,,
,424,221067581,,,0,,primary,0,-76.26783499999999,36.844844,,,
,428,221068341,,,0,,primary,0,-76.210113,36.860222,,,
,429,221068366,,,0,,primary,0,-76.21046199999999,36.860083,,,
,432,221069353,,,0,,motorway,0,-76.329421,36.837807,,,
,437,221070026,traffic_signals,,1,,primary,0,-76.209796,36.858810999999996,,,
,443,221071243,traffic_signals,,1,,primary,0,-76.31232299999999,36.944103000000005,,,
,445,221072368,,,0,,primary,0,-76.303938,36.807533,,,
,446,221072382,,,0,,primary,0,-76.30345799999999,36.807808,,,
,451,221072652,,,0,,primary,0,-76.21033809999999,36.845493299999994,,,
,455,221072859,,,0,,primary,0,-76.184637,36.844331,,,
,457,221073170,,,0,,primary,0,-76.287945,36.858079,,,
,458,221073202,,,0,,primary,0,-76.2871385,36.8588242,,,
,467,221074273,,,0,,primary,0,-76.2109724,36.8627126,,,
,468,221074317,,,0,,primary,0,-76.2104293,36.8626376,,,
,484,221075853,,,0,,primary,0,-76.1919864,36.916615,,,
,489,221076594,,,0,,primary,0,-76.352461,36.8159364,,,
,501,221078359,,,0,,primary,0,-76.26613,36.931484000000005,,,
,507,221080516,,,0,,primary,0,-76.348098,36.815532,,,
,514,221081368,traffic_signals,,1,,primary,0,-76.3151639,36.9439526,,,
,517,221082138,,,0,,motorway,0,-76.334766,36.822502,,,
,518,221082145,,,0,,primary,0,-76.334591,36.822266,,,
,519,221082273,,,0,,primary,0,-76.278997,36.890054,,,
,520,221082294,,,0,,primary,0,-76.278247,36.890331,,,
,521,221083387,,,0,,primary,0,-76.360304,36.8123024,,,
,534,221083756,,,0,,primary,0,-76.351651,36.815749,,,
,538,221084170,,,0,,motorway,0,-76.328098,36.8377616,,,
,541,221086024,,,0,,primary,0,-76.19460699999999,36.917984999999994,,,
,544,221086221,,,0,,primary,0,-76.279133,36.890547,,,
,553,221090603,,,0,,primary,0,-76.275678,36.849884,,,
,554,221090648,,,0,,primary,0,-76.21059340000001,36.8379699,,,
,556,221090726,,,0,,primary,1,-76.3536323,36.816342999999996,,,
,563,221091563,,,0,,primary,0,-76.2059448,36.8744453,,,
,564,221091675,,,0,,primary,0,-76.2068328,36.874469299999994,,,
,571,221092340,,,0,,trunk,0,-76.253873,36.916090999999994,,,
,572,221092343,,,0,,primary,0,-76.253849,36.916184,,,
,575,221092658,,,0,,primary,1,-76.35565129999999,36.81502879999999,,,
,576,221092703,,,0,,primary,0,-76.35662099999999,36.814706,,,
,577,221092769,,,0,,primary,0,-76.31804179999999,36.8128494,,,
,578,221092772,,,0,,primary,0,-76.31789599999999,36.812933,,,
,579,221092798,,,0,,primary,0,-76.34573,36.815329,,,
,589,221094984,,,0,,primary,0,-76.2102684,36.8374,,,
,590,221095005,traffic_signals,,1,,primary,0,-76.2102942,36.8366194,,,
,591,221095259,,,0,,primary,0,-76.328919,36.837718,,,
,593,221096705,,,0,,primary,1,-76.284885,36.848525,,,
,594,221096736,,,0,,primary,0,-76.284492,36.848760999999996,,,
,604,221099642,,,0,,primary,0,-76.272379,36.847570000000005,,,
,615,221101362,,,0,,primary,0,-76.26679200000001,36.844151200000006,,,
,619,221102025,,,0,,primary,0,-76.33126,36.821412,,,
,621,221102570,,,0,,primary,0,-76.334262,36.822271,,,
,622,221102744,,,0,,primary,0,-76.328412,36.793609000000004,,,
,623,221102897,,,0,,primary,0,-76.2101203,36.85280039999999,,,
,626,221103350,,,0,,primary,0,-76.27527420000001,36.8495624,,,
,628,221103677,,,0,,primary,0,-76.33657600000001,36.822893,,,
,635,221104252,,,0,,motorway,0,-76.213392,36.883928999999995,,,
,637,221104320,,,0,,primary,0,-76.2126291,36.8796417,,,
,641,221104621,,,0,,primary,0,-76.355662,36.81537,,,
,642,221105334,traffic_signals,,1,,primary,0,-76.26649,36.916996999999995,,,
,646,221107801,,,0,,primary,0,-76.2503041,36.915233799999996,,,
,647,221107915,,,0,,primary,0,-76.238977,36.914494,,,
,648,221108487,,,0,,primary,0,-76.19690779999999,36.8752673,,,
,650,221108542,,,0,,primary,0,-76.22716,36.916415,,,
,651,221108545,,,0,,primary,0,-76.2271071,36.9165303,,,
,654,221109158,,,0,,primary,0,-76.23589390000001,36.9159113,,,
,663,221110124,,,0,,primary,0,-76.19443000000001,36.918107,,,
,664,221110136,,,0,,primary,0,-76.19475200000001,36.918101,,,
,666,221110335,,,0,,primary,0,-76.21000809999998,36.84602460000001,,,
,667,221111848,,,0,,primary,0,-76.31568659999999,36.8114672,,,
,668,221111859,,,0,,primary,0,-76.25558000000001,36.916977,,,
,669,221111879,,,0,,primary,0,-76.25545100000001,36.91662,,,
,670,221113186,,,0,,primary,0,-76.27914399999999,36.890456,,,
,671,221113191,,,0,,primary,0,-76.278941,36.890436,,,
,673,221113987,,,0,,primary,0,-76.2373546,36.9154644,,,
,676,221114266,traffic_signals,,1,,primary,0,-76.39171429999999,36.860531,,,
,677,221115313,,,0,,primary,0,-76.2100642,36.8434064,,,
,680,221116120,,,0,,motorway,0,-76.263563,36.95792,,,
,681,221116132,,,0,,motorway,0,-76.26349599999999,36.957813,,,
,682,221116843,,,0,,primary,0,-76.312086,36.819309999999994,,,
,683,221116849,,,0,,primary,0,-76.31209820000001,36.8177391,,,
,684,221116862,,,0,,primary,0,-76.31196700000001,36.814713,,,
,685,221116867,,,0,,primary,0,-76.3119476,36.814406899999994,,,
,686,221116929,,,0,,primary,0,-76.30284499999999,36.807825,,,
,688,221117042,,,0,,primary,0,-76.31223,36.819324,,,
,694,221117244,,,0,,primary,0,-76.31690970000001,36.810223799999996,,,
,695,221117279,,,0,,primary,0,-76.3210269,36.8052652,,,
,696,221117298,,,0,,primary,0,-76.3223339,36.8032269,,,
,697,221117300,,,0,,primary,0,-76.32242240000001,36.8030852,,,
,698,221117342,,,0,,primary,0,-76.327277,36.795066999999996,,,
,699,221117344,,,0,,primary,0,-76.327433,36.795001,,,
,700,221117437,,,0,,primary,0,-76.3165237,36.810781899999995,,,
,701,221117441,,,0,,primary,0,-76.316616,36.810681,,,
,702,221117459,,,0,,primary,0,-76.2078,36.855795,,,
,703,221117948,,,0,,primary,0,-76.21024200000001,36.854428000000006,,,
,704,221118000,,,0,,primary,0,-76.21105370000001,36.8557362,,,
,705,221118026,,,0,,primary,0,-76.210222,36.856556,,,
,706,221118078,,,0,,primary,0,-76.211804,36.855931,,,
,707,221118919,,,0,,primary,0,-76.19044,36.855057,,,
,708,221119138,,,0,,primary,0,-76.2718397,36.9183431,,,
,717,221121699,traffic_signals,,1,,primary,0,-76.369721,36.8088456,,,
,719,221121978,,,0,,primary,0,-76.2016929,36.8742765,,,
,721,221123013,,,0,,primary,0,-76.2814324,36.8730073,,,
,722,221123046,,,0,,primary,0,-76.2809998,36.8729734,,,
,724,221124424,traffic_signals,,1,,primary,0,-76.2960815,36.85357,,,
,727,221125512,,,0,,primary,0,-76.268876,36.845515,,,
,728,221125754,,,0,,motorway,0,-76.1988834,36.8743658,,,
,734,221126584,traffic_signals,,1,,primary,0,-76.349941,36.837226,,,
,736,221126697,,,0,,primary,0,-76.35749399999999,36.841021000000005,,,
,737,221126699,,,0,,primary,0,-76.357985,36.84125,,,
,738,221126713,,,0,,primary,0,-76.35889449999999,36.841578000000005,,,
,739,221126743,,,0,,primary,0,-76.3590191,36.8416208,,,
,740,221127218,,,0,,primary,0,-76.275677,36.907973,,,
,741,221127221,,,0,,primary,0,-76.275474,36.907924,,,
,743,221127263,,,0,,primary,0,-76.268712,36.845546999999996,,,
,744,221127536,,,0,,primary,0,-76.2014944,36.8553511,,,
,746,221127608,traffic_signals,,1,,primary,0,-76.38170500000001,36.805222,,,
,748,221128551,,,0,,primary,0,-76.26696700000001,36.844108,,,
,749,221129200,,,0,,primary,0,-76.237884,36.914371,,,
,750,221129602,traffic_signals,,1,,primary,0,-76.258659,36.8907514,,,
,751,221131914,,,0,,primary,0,-76.368865,36.845391,,,
,752,221131921,,,0,,primary,0,-76.368931,36.845328,,,
,756,221133830,,,0,,primary,0,-76.318917,36.943356,,,
,757,221133851,,,0,,primary,0,-76.318335,36.9438,,,
,758,221134702,,,0,,primary,0,-76.33699,36.836634000000004,,,
,759,221134707,,,0,,primary,0,-76.336979,36.836484999999996,,,
,763,221137594,,,0,,primary,0,-76.30640720000001,36.861329100000006,,,
,765,221138240,,,0,,primary,0,-76.387834,36.802591,,,
,768,221139245,,,0,,primary,0,-76.389105,36.859066,,,
,769,221139514,,,0,,primary,0,-76.2646398,36.874747799999994,,,
,770,221141043,traffic_signals,,1,,primary,0,-76.34063640000001,36.8306128,,,
,771,221141764,,,0,,primary,0,-76.21750300000001,36.881238,,,
,773,221142095,,,0,,primary,0,-76.3558743,36.8154857,,,
,774,221142098,,,0,,primary,0,-76.355739,36.815483,,,
,775,221142122,,,0,,primary,0,-76.35407059999999,36.8161973,,,
,776,221142134,,,0,,primary,0,-76.353273,36.816002399999995,,,
,777,221142178,,,0,,primary,0,-76.3441381,36.8154725,,,
,780,221142522,,,0,,primary,0,-76.354424,36.815932000000004,,,
,781,221142533,,,0,,primary,0,-76.355797,36.815339,,,
,782,221142536,,,0,,primary,0,-76.355866,36.815329,,,
,783,221142541,,,0,,primary,0,-76.356018,36.815318,,,
,784,221142882,,,0,,primary,0,-76.247227,36.9507,,,
,785,221143140,traffic_signals,,1,,primary,0,-76.296199,36.870965999999996,,,
,786,221144991,traffic_signals,,1,,primary,0,-76.292057,36.8568273,,,
,787,221147508,,,0,,primary,0,-76.39894,36.861323999999996,,,
,788,221147539,,,0,,primary,0,-76.3654356,36.8440024,,,
,789,221147543,,,0,,primary,0,-76.368196,36.845021,,,
,790,221147635,,,0,,primary,0,-76.38525390000001,36.856308399999996,,,
,791,221147742,,,0,,primary,0,-76.367991,36.845031,,,
,792,221147986,,,0,,primary,0,-76.282463,36.870695,,,
,793,221149373,traffic_signals,,1,,primary,0,-76.343325,36.830555,,,
,794,221149374,traffic_signals,,1,,primary,0,-76.26560090000001,36.8518809,,,
,797,221149422,traffic_signals,,1,,primary,0,-76.27050799999999,36.846616,,,
,798,221149428,traffic_signals,,1,,primary,0,-76.270596,36.846559,,,
,801,221149465,traffic_signals,,1,,primary,0,-76.343182,36.830558,,,
,802,221149513,,,0,,primary,0,-76.356131,36.81507,,,
,803,221149531,,,0,,primary,0,-76.35777220000001,36.813869,,,
,806,221149760,traffic_signals,,1,,primary,0,-76.3027725,36.8586153,,,
,809,221151236,traffic_signals,,1,,primary,0,-76.210247,36.863101,,,
,810,221151275,,,0,,primary,0,-76.2107456,36.8724934,,,
,812,221151389,,,0,,primary,0,-76.21992359999999,36.8899256,,,
,815,221151418,,,0,,primary,0,-76.233954,36.90906,,,
,817,221151470,,,0,,primary,0,-76.2407023,36.9147494,,,
,818,221151528,,,0,,primary,0,-76.234047,36.909014,,,
,822,221151660,,,0,,primary,0,-76.2109402,36.872995200000005,,,
,823,221151695,traffic_signals,,1,,primary,0,-76.210474,36.862978000000005,,,
,824,221151704,traffic_signals,,1,,primary,0,-76.210269,36.861439000000004,,,
,825,221151745,traffic_signals,,1,,primary,0,-76.210188,36.848928,,,
,826,221151749,,,0,,primary,0,-76.2103346,36.843941,,,
,827,221151774,traffic_signals,,1,,primary,0,-76.288256,36.857983000000004,,,
,828,221151778,,,0,,primary,0,-76.287806,36.858107000000004,,,
,830,221151806,,,0,,primary,0,-76.284531,36.857836,,,
,831,221151843,traffic_signals,,1,,primary,0,-76.2792513,36.8564905,,,
,832,221151879,,,0,,primary,0,-76.274711,36.854704,,,
,834,221151900,,,0,,primary,0,-76.274063,36.854498,,,
,835,221151982,,,0,,primary,0,-76.260875,36.852064899999995,,,
,836,221152042,traffic_signals,,1,,primary,0,-76.248103,36.8529306,,,
,837,221152075,,,0,,primary,0,-76.244566,36.853643,,,
,838,221152087,traffic_signals,,1,,primary,0,-76.239652,36.854411999999996,,,
,839,221152130,,,0,,primary,0,-76.2284225,36.856482,,,
,840,221152143,,,0,,primary,0,-76.22784399999999,36.856463,,,
,841,221152181,traffic_signals,,1,,primary,0,-76.203499,36.855451,,,
,842,221152197,,,0,,primary,0,-76.198592,36.855283,,,
,843,221152355,,,0,,primary,0,-76.274185,36.854225,,,
,846,221152387,traffic_signals,,1,,primary,0,-76.2793194,36.8563456,,,
,849,221152626,traffic_signals,,1,,primary,0,-76.232376,36.855946,,,
,850,221152758,,,0,,primary,0,-76.2284225,36.856643,,,
,851,221152780,,,0,,primary,0,-76.227862,36.856614,,,
,853,221156056,traffic_signals,,1,,primary,0,-76.2909531,36.8572254,,,
,854,221156844,traffic_signals,,1,,primary,0,-76.302094,36.8796574,,,
,856,221158102,,,0,,primary,0,-76.28936800000001,36.916199,,,
,857,221159124,,,0,,primary,0,-76.281529,36.872786,,,
,858,221159913,traffic_signals,,1,,primary,0,-76.3028806,36.8982075,,,
,859,221160033,,,0,,primary,0,-76.232874,36.916533,,,
,860,221162406,,,0,,primary,0,-76.2363353,36.915804200000004,,,
,862,221164174,,,0,,primary,0,-76.28084390000001,36.887012899999995,,,
,865,221165887,,,0,,primary,0,-76.28416259999999,36.848175700000006,,,
,895,221167661,,,0,,primary,0,-76.258178,36.955957,,,
,897,221169446,,,0,,primary,0,-76.2814657,36.8747331,,,
,899,221175109,,,0,,primary,0,-76.268284,36.825496,,,
,900,221175140,,,0,,primary,0,-76.264983,36.830232,,,
,901,221175160,traffic_signals,,1,,primary,0,-76.264521,36.831094,,,
,902,221175186,traffic_signals,,1,,primary,0,-76.262487,36.833779,,,
,903,221175228,traffic_signals,,1,,primary,0,-76.264399,36.830968,,,
,905,221175924,,,0,,primary,0,-76.19098100000001,36.847998,,,
,908,221176400,,,0,,primary,0,-76.191138,36.847986999999996,,,
,909,221176548,,,0,,primary,0,-76.30614,36.8614867,,,
,910,221176631,,,0,,primary,0,-76.306152,36.860194,,,
,911,221177046,,,0,,primary,0,-76.26111,36.95973660000001,,,
,912,221177097,,,0,,primary,0,-76.26133409999998,36.9600277,,,
,913,221177366,,,0,,primary,0,-76.181883,36.847241,,,
,914,221180373,,,0,,primary,0,-76.243084,36.949106,,,
,918,221181146,,,0,,primary,0,-76.24299599999999,36.949051000000004,,,
,919,221181283,,,0,,primary,0,-76.191671,36.9257633,,,
,920,221181326,,,0,,primary,0,-76.1912339,36.928412200000004,,,
,921,221181341,,,0,,primary,0,-76.1910977,36.9283959,,,
,922,221181380,,,0,,primary,0,-76.19152890000001,36.9257285,,,
,923,221181396,,,0,,primary,0,-76.19178690000001,36.924637700000005,,,
,924,221182003,traffic_signals,,1,,primary,0,-76.3022708,36.881964,,,
,926,221184223,,,0,,primary,0,-76.28130870000001,36.874764899999995,,,
,927,221184449,traffic_signals,,1,,primary,0,-76.28030600000001,36.853324,,,
,929,221186733,,,0,,primary,0,-76.29490799999999,36.875104,,,
,930,221186737,,,0,,primary,0,-76.295126,36.875166,,,
,935,221192847,,,0,,primary,0,-76.262517,36.834308,,,
,936,221192861,traffic_signals,,1,,primary,0,-76.261344,36.830352000000005,,,
,937,221192895,traffic_signals,,1,,primary,0,-76.26043620000002,36.822391100000004,,,
,938,221192909,traffic_signals,,1,,primary,0,-76.2606205,36.822466,,,
,939,221192931,,,0,,primary,0,-76.26123100000001,36.828386,,,
,940,221192944,traffic_signals,,1,,primary,0,-76.261635,36.830458,,,
,941,221192969,,,0,,primary,0,-76.26393320000001,36.837045200000006,,,
,945,221193607,traffic_signals,,1,,primary,0,-76.2666821,36.843818299999995,,,
,946,221193609,,,0,,primary,0,-76.26644399999999,36.8435159,,,
,950,221193735,,,0,,primary,0,-76.2724073,36.847693,,,
,951,221193785,traffic_signals,,1,,primary,0,-76.2665415,36.8438997,,,
,952,221193790,,,0,,primary,0,-76.2662938,36.843587899999996,,,
,953,221193917,traffic_signals,,1,,primary,0,-76.2635688,36.8776624,,,
,954,221194329,,,0,,primary,0,-76.2106682,36.8340068,,,
,955,221196035,,,0,,primary,0,-76.2920647,36.8556191,,,
,956,221197014,traffic_signals,,1,,primary,0,-76.26838599999999,36.916075,,,
,958,221197582,,,0,,primary,0,-76.251356,36.954198999999996,,,
,959,221197620,,,0,,primary,0,-76.2497128,36.95278629999999,,,
,960,221197622,,,0,,primary,0,-76.25126800000001,36.954283000000004,,,
,961,221197657,traffic_signals,,1,,primary,0,-76.2562072,36.9578232,,,
,964,221200113,,,0,,primary,0,-76.3022055,36.8812463,,,
,965,221200128,traffic_signals,,1,,primary,0,-76.3024905,36.8834351,,,
,966,221200174,traffic_signals,,1,,primary,0,-76.30278919999999,36.8877316,,,
,967,221200443,traffic_signals,,1,,primary,0,-76.3082347,36.915663,,,
,968,221200883,,,0,,primary,0,-76.30279759999999,36.8966136,,,
,969,221201013,traffic_signals,,1,,primary,0,-76.30801540000002,36.9157707,,,
,973,221204145,,,0,,primary,0,-76.22982840000002,36.9169135,,,
,974,221204589,traffic_signals,,1,,primary,0,-76.248137,36.8530721,,,
,975,221205077,,,0,,primary,0,-76.2836605,36.8684202,,,
,976,221205083,,,0,,primary,0,-76.2835436,36.8686714,,,
,977,221205098,,,0,,primary,0,-76.282788,36.869993,,,
,978,221205206,,,0,,primary,0,-76.28612199999999,36.856504,,,
,979,221205212,,,0,,primary,0,-76.28609,36.856626,,,
,980,221205289,,,0,,primary,0,-76.2835547,36.86838970000001,,,
,981,221205292,,,0,,primary,0,-76.2834475,36.868635100000006,,,
,982,221205335,,,0,,primary,0,-76.282147,36.871392,,,
,983,221205349,,,0,,primary,0,-76.281842,36.872093,,,
,993,221216990,traffic_signals,,1,,primary,0,-76.2952521,36.8736277,,,
,994,221217044,,,0,,primary,0,-76.2959851,36.871601299999995,,,
,995,221217050,,,0,,primary,0,-76.2958733,36.8719689,,,
,996,221217072,traffic_signals,,1,,primary,0,-76.2953832,36.8736602,,,
,997,221218385,,,0,,primary,0,-76.281921,36.877091,,,
,999,221218564,,,0,,primary,0,-76.27226379999999,36.9175812,,,
,1000,221218736,,,0,,primary,0,-76.25151,36.952542,,,
,1001,221218871,,,0,,primary,0,-76.280959,36.886618,,,
,1003,221219178,,,0,,primary,0,-76.2582103,36.9465165,,,
,1004,221219228,,,0,,primary,0,-76.2514303,36.9524222,,,
,1005,221220232,traffic_signals,,1,,primary,0,-76.265746,36.87178,,,
,1006,221222300,,,0,,primary,0,-76.285301,36.851471999999994,,,
,1007,221222303,,,0,,primary,0,-76.285152,36.851518,,,
,1008,221223032,traffic_signals,,1,,primary,0,-76.2599898,36.887073,,,
,1060,221228950,,,0,,primary,0,-76.29176149999999,36.8571196,,,
,1061,221234716,,,0,,primary,0,-76.2064213,36.874455600000005,,,
,1062,221234746,,,0,,primary,0,-76.20009859999999,36.8743895,,,
,1065,221237462,,,0,,primary,0,-76.246585,36.950296,,,
,1066,221237515,,,0,,primary,0,-76.232681,36.942488,,,
,1067,221237604,,,0,,primary,0,-76.19503409999999,36.9308256,,,
,1068,221237818,,,0,,primary,0,-76.2495873,36.9523986,,,
,1074,221244318,,,0,,primary,0,-76.267522,36.869073,,,
,1075,221244349,,,0,,primary,0,-76.26933199999999,36.865831,,,
,1099,221256731,,,0,,primary,1,-76.2660355,36.843976,,,
,1100,221257080,,,0,,primary,0,-76.135417,36.829012,,,
,1104,221259942,,,0,,primary,0,-76.266272,36.843637,,,
,1105,221259956,,,0,,primary,0,-76.266192,36.843798,,,
,1106,221259992,,,0,,primary,1,-76.265528,36.843596000000005,,,
,1107,221261205,,,0,,primary,0,-76.144459,36.896997,,,
,1110,221262388,,,0,,primary,0,-76.19644699999999,36.807988,,,
,1113,221264245,,,0,,primary,0,-76.18608909999999,36.8428455,,,
,1114,221264367,traffic_signals,,1,,primary,0,-76.177672,36.8542,,,
,1115,221264524,,,0,,primary,0,-76.1610442,36.824416799999995,,,
,1116,221264626,,,0,,primary,0,-76.239006,36.915001000000004,,,
,1117,221264937,,,0,,primary,0,-76.25045329999999,36.9154688,,,
,1118,221264957,,,0,,primary,0,-76.24363029999999,36.914737200000005,,,
,1119,221265007,,,0,,primary,0,-76.23557779999999,36.9159824,,,
,1138,221282744,,,0,,primary,0,-76.215789,36.882613,,,
,1139,221282780,,,0,,primary,0,-76.21361999999999,36.883658000000004,,,
,1140,221283331,,,0,,primary,0,-76.21034909999999,36.834003,,,
,1145,221284965,,,0,,motorway,0,-76.1821194,36.8468146,,,
,1146,221286193,,,0,,primary,0,-76.14404300000001,36.895577,,,
,1152,221302884,,,0,,primary,0,-76.136629,36.8449769,,,
,1155,221308897,,,0,,motorway,0,-76.1283363,36.9039791,,,
,1156,221308899,,,0,,primary,0,-76.1283776,36.9038382,,,
,1159,221316501,,,0,,primary,0,-76.12657370000001,36.8235081,,,
,1161,221321396,,,0,,primary,0,-76.180753,36.848433,,,
,1163,221327306,,,0,,primary,0,-76.137064,36.836667,,,
,1164,221335710,,,0,,primary,0,-76.174755,36.853235,,,
,1165,221345519,,,0,,primary,0,-76.14021899999999,36.811991,,,
,1166,221345523,,,0,,primary,0,-76.14012199999999,36.81207,,,
,1167,221346275,traffic_signals,,1,,primary,0,-76.142177,36.894037,,,
,1168,221346277,traffic_signals,,1,,primary,0,-76.14205,36.894189000000004,,,
,1170,221351426,,,0,,motorway,0,-76.1296832,36.9036641,,,
,1171,221351429,,,0,,motorway,0,-76.1296387,36.9038021,,,
,1175,221352198,,,0,,primary,0,-76.13730799999999,36.836674,,,
,1177,221352471,,,0,,primary,0,-76.13760500000001,36.834371999999995,,,
,1178,221358434,,,0,,primary,0,-76.175742,36.853634,,,
,1179,221358438,,,0,,primary,0,-76.175871,36.853448,,,
,1180,221359472,,,0,,primary,0,-76.1633925,36.906991399999995,,,
,1181,221363079,,,0,,primary,0,-76.123017,36.905042,,,
,1182,221366121,,,0,,primary,0,-76.1370456,36.839165200000004,,,
,1184,221369492,,,0,,primary,0,-76.144661,36.896753000000004,,,
,1186,221371612,,,0,,primary,0,-76.192902,36.806252,,,
,1189,221373354,,,0,,trunk,0,-76.128426,36.799147999999995,,,
,1194,221381918,,,0,,primary,0,-76.170103,36.851102000000004,,,
,1197,221386173,traffic_signals,,1,,primary,0,-76.2103801,36.829507899999996,,,
,1200,221389129,,,0,,primary,0,-76.195063,36.807311,,,
,1204,221391336,,,0,,primary,0,-76.185808,36.841124,,,
,1206,221391381,,,0,,primary,0,-76.14497970000001,36.8995859,,,
,1207,221392848,,,0,,primary,0,-76.14473100000001,36.8997227,,,
,1209,221393810,,,0,,primary,0,-76.173024,36.796134,,,
,1211,221394880,,,0,,primary,0,-76.137709,36.833603000000004,,,
,1216,221398506,,,0,,primary,0,-76.123324,36.843263,,,
,1217,221398555,traffic_signals,,1,,primary,0,-76.133844,36.8434153,,,
,1222,221410932,,,0,,primary,0,-76.192578,36.805903,,,
,1224,221412131,,,0,,primary,0,-76.194539,36.806866,,,
,1226,221421591,,,0,,primary,0,-76.137495,36.831212,,,
,1227,221422331,,,0,,primary,0,-76.1746101,36.8531807,,,
,1228,221433804,,,0,,primary,0,-76.1446398,36.8988701,,,
,1229,221434701,,,0,,primary,0,-76.12676529999999,36.82063,,,
,1231,221434979,,,0,,primary,0,-76.19606,36.807612,,,
,1233,221435522,,,0,,primary,0,-76.144302,36.895579,,,
,1234,221462238,,,0,,primary,0,-76.128663,36.843340999999995,,,
,1236,221506922,,,0,,primary,0,-76.122075,36.843245,,,
,1237,221515150,,,0,,primary,0,-76.124206,36.843491,,,
,1239,221515159,traffic_signals,,1,,primary,0,-76.136652,36.843674,,,
,1240,221515163,traffic_signals,,1,,primary,0,-76.136937,36.843678000000004,,,
,1241,221515266,traffic_signals,,1,,primary,0,-76.177637,36.854364000000004,,,
,1242,221515419,,,0,,primary,0,-76.138851,36.843492,,,
,1243,221515422,traffic_signals,,1,,primary,0,-76.136943,36.843463,,,
,1244,221515424,traffic_signals,,1,,primary,0,-76.136659,36.843458,,,
,1245,221515431,,,0,,primary,0,-76.1326637,36.843401,,,
,1247,221515442,,,0,,primary,0,-76.126612,36.843309999999995,,,
,1250,221530476,traffic_signals,,1,,primary,0,-76.20708590000001,36.813471299999996,,,
,1251,221533013,,,0,,primary,0,-76.1383208,36.9046768,,,
,1252,221533016,,,0,,primary,0,-76.1383107,36.9048261,,,
,1253,221534287,,,0,,primary,0,-76.171312,36.795188,,,
,1257,221534662,,,0,,trunk,0,-76.17228,36.795417,,,
,1263,221544899,traffic_signals,,1,,primary,0,-76.174835,36.797422999999995,,,
,1264,221544918,,,0,,primary,0,-76.176579,36.798424,,,
,1265,221544923,,,0,,primary,0,-76.177273,36.798757,,,
,1266,221544966,traffic_signals,,1,,primary,0,-76.186865,36.803385999999996,,,
,1267,221545027,,,0,,primary,0,-76.191928,36.805586,,,
,1268,221545054,traffic_signals,,1,,primary,0,-76.186941,36.8032384,,,
,1269,221545116,traffic_signals,,1,,primary,0,-76.174915,36.797253000000005,,,
,1270,221562875,,,0,,primary,0,-76.134343,36.875406,,,
,1271,221562878,,,0,,primary,0,-76.13459499999999,36.875378999999995,,,
,1272,221564834,,,0,,primary,0,-76.13660899999999,36.845956,,,
,1273,221564842,,,0,,primary,0,-76.13691899999999,36.845958,,,
,1274,221570724,,,0,,primary,0,-76.126972,36.821868,,,
,1277,221583828,,,0,,primary,0,-76.2106958,36.832806299999994,,,
,1278,221583836,traffic_signals,,1,,primary,0,-76.21070329999999,36.8294928,,,
,1279,221584129,,,0,,primary,0,-76.212869,36.819627000000004,,,
,1282,221611193,,,0,,primary,0,-76.208584,36.814398,,,
,1283,221627614,,,0,,primary,0,-76.18718620000001,36.802766299999995,,,
,1284,221636852,,,0,,primary,0,-76.1539564,36.906801,,,
,1285,221637129,,,0,,primary,0,-76.1372543,36.8307925,,,
,1286,221637148,,,0,,primary,1,-76.136845,36.831183,,,
,1287,221650079,,,0,,trunk,0,-76.12834000000001,36.799236,,,
,1289,221658615,traffic_signals,,1,,primary,0,-76.199915,36.809676,,,
,1290,221658618,traffic_signals,,1,,primary,0,-76.200011,36.809546999999995,,,
,1305,221673319,,,0,,primary,0,-76.13563,36.904346999999994,,,
,1306,221673975,,,0,,primary,0,-76.1618975,36.906878000000006,,,
,1307,221673978,,,0,,primary,0,-76.16194140000002,36.9070204,,,
,1311,221715421,,,0,,primary,0,-76.15754100000001,36.825153,,,
,1312,221715513,,,0,,primary,0,-76.1652304,36.827414700000006,,,
,1313,221715659,,,0,,primary,0,-76.181936,36.839708,,,
,1314,221715688,,,0,,primary,0,-76.1866606,36.8414538,,,
,1315,221715925,,,0,,primary,0,-76.16530259999999,36.827254700000005,,,
,1316,221716009,,,0,,primary,0,-76.1570416,36.8249595,,,
,1319,221740313,,,0,,primary,0,-76.132418,36.861164,,,
,1320,221755183,,,0,,primary,0,-76.17894799999999,36.9057283,,,
,1321,221755592,,,0,,primary,0,-76.17916149999999,36.9056418,,,
,1323,221766348,traffic_signals,,1,,primary,0,-76.20586999999999,36.812513,,,
,1324,221766408,,,0,,primary,0,-76.1975011,36.8083127,,,
,1325,221766504,traffic_signals,,1,,primary,0,-76.20581800000001,36.81266,,,
,1326,221803476,,,0,,primary,0,-76.136618,36.829794,,,
,1327,221803498,,,0,,primary,0,-76.127927,36.824171899999996,,,
,1328,221804109,,,0,,primary,0,-76.124427,36.812695,,,
,1329,221809196,,,0,,primary,0,-76.1470796,36.905983899999995,,,
,1330,221809227,,,0,,primary,0,-76.1605854,36.9070491,,,
,1331,221809353,,,0,,primary,0,-76.18137159999999,36.906430900000004,,,
,1332,221809877,,,0,,primary,0,-76.164012,36.906836,,,
,1333,221809880,,,0,,primary,0,-76.1600837,36.90691339999999,,,
,1335,221825789,,,0,,primary,1,-76.1922838,36.8046784,,,
,1336,221826722,,,0,,primary,0,-76.13693459999999,36.84446679999999,,,
,1337,221827616,,,0,,primary,0,-76.137681,36.831817,,,
,1338,221827629,,,0,,primary,0,-76.137422,36.831058,,,
,1355,443700461,,,0,,primary,0,-76.2446002,36.8537849,,,
,1356,443700465,,,0,,primary,0,-76.24623129999999,36.8533258,,,
,1357,443700472,,,0,,primary,0,-76.2462808,36.853472,,,
,1358,443700907,,,0,,primary,0,-76.2100379,36.8564706,,,
,1359,443700940,,,0,,primary,0,-76.20984179999999,36.85511079999999,,,
,1360,443700956,,,0,,primary,0,-76.20981540000001,36.856442799999996,,,
,1361,443700958,,,0,,primary,0,-76.2100651,36.855097,,,
,1362,443727614,,,0,,primary,0,-76.1447893,36.897957700000006,,,
,1364,443727616,,,0,,primary,0,-76.1444995,36.8973741,,,
,1365,443727621,,,0,,primary,0,-76.14472509999999,36.8973602,,,
,1366,443727622,,,0,,primary,0,-76.14456779999999,36.898026200000004,,,
,1367,443727631,,,0,,primary,0,-76.18429640000001,36.9080117,,,
,1425,444637321,,,0,,primary,0,-76.185012,36.843932,,,
,1426,444637331,,,0,,primary,0,-76.184009,36.844998,,,
,1427,444637339,,,0,,primary,0,-76.181986,36.847131,,,
,1430,445038733,,,0,,primary,0,-76.2104035,36.831177399999994,,,
,1431,445038796,,,0,,primary,0,-76.2103896,36.8412393,,,
,1432,445038814,,,0,,primary,0,-76.21010759999999,36.841335799999996,,,
,1433,445038854,,,0,,primary,0,-76.21034909999999,36.8430097,,,
,1434,445038867,,,0,,primary,0,-76.21038940000001,36.841156,,,
,1435,445038872,,,0,,primary,0,-76.21013020000001,36.8409593,,,
,1436,445038886,,,0,,primary,0,-76.2107303,36.8311216,,,
,1444,469880782,,,0,,primary,0,-76.1926876,36.918018599999996,,,
,1445,469985228,,,0,,primary,0,-76.21915030000001,36.809465,,,
,1446,469985246,,,0,,primary,0,-76.21901899999999,36.809409,,,
,1464,603645617,,,0,,primary,0,-76.2584322,36.946592200000005,,,
,1465,603645619,,,0,,primary,0,-76.2584149,36.9463348,,,
,1466,603645630,,,0,,primary,0,-76.25821020000001,36.946630400000004,,,
,1467,603789197,,,0,,primary,0,-76.2680056,36.868431799999996,,,
,1531,610192637,,,0,,primary,0,-76.2978604,36.8538528,,,
,1532,610192644,,,0,,primary,0,-76.2999093,36.8549764,,,
,1533,610192645,,,0,,primary,0,-76.29777299999999,36.85396970000001,,,
,1534,610192646,,,0,,primary,0,-76.29981020000001,36.855092299999995,,,
,1535,610194229,,,0,,primary,0,-76.26285909999999,36.8345074,,,
,1536,610194230,,,0,,primary,0,-76.2637594,36.8370843,,,
,1544,616711785,,,0,,primary,0,-76.2584988,36.782872600000005,,,
,1551,616798288,,,0,,primary,0,-76.1246455,36.8434991,,,
,1567,617826203,,,0,,primary,0,-76.19516540000001,36.80717429999999,,,
,1568,617826204,,,0,,primary,0,-76.1960027,36.8077756,,,
,1569,618320984,,,0,,primary,0,-76.2601821,36.8185237,,,
,1570,618320985,,,0,,primary,0,-76.26186240000001,36.8150685,,,
,1571,618320991,,,0,,primary,0,-76.2605537,36.8164341,,,
,1572,618320998,,,0,,primary,0,-76.26037600000001,36.8176321,,,
,1573,618321002,,,0,,primary,0,-76.26032049999999,36.8183847,,,
,1574,618321003,,,0,,primary,0,-76.2608124,36.8172235,,,
,1579,618716576,,,0,,primary,0,-76.2957858,36.872228899999996,,,
,1580,618716585,,,0,,primary,0,-76.2957942,36.8719439,,,
,1581,618716589,,,0,,primary,0,-76.29571259999999,36.87221029999999,,,
,1582,618800795,,,0,,primary,0,-76.28598120000001,36.7765916,,,
,1583,618800818,,,0,,primary,0,-76.28610090000001,36.7766827,,,
,1590,618841037,,,0,,primary,0,-76.2851343,36.7765046,,,
,1591,618841038,,,0,,primary,0,-76.28603340000001,36.776741799999996,,,
,1599,652860656,traffic_signals,,1,,primary,0,-76.41304790000001,36.8653835,,,
,1600,654856840,,,0,,primary,0,-76.2489292,36.9521179,,,
,1627,1168179606,,,0,,primary,0,-76.2583175,36.891471700000004,,,
,1628,1168179676,traffic_signals,,1,,trunk,0,-76.2580418,36.8920282,,,
,1629,1168179784,,,0,,primary,0,-76.2581996,36.8917143,,,
,1641,1244936328,,,0,,primary,0,-76.1925206,36.918026700000006,,,
,1642,1244936423,,,0,,primary,0,-76.253925,36.9161032,,,
,1643,1244936429,,,0,,primary,0,-76.2541238,36.916149700000005,,,
,1644,1244936477,,,0,,primary,0,-76.25409959999999,36.916259600000004,,,
,1645,1244936506,,,0,,primary,0,-76.2539031,36.9162003,,,
,1646,1309596725,,,0,,primary,0,-76.2724573,36.8587416,,,
,1648,1348850472,,,0,,primary,0,-76.4099631,36.7882184,,,
,1649,1348850475,,,0,,primary,0,-76.38084909999999,36.8054852,,,
,1650,1348850478,,,0,,primary,0,-76.37973079999999,36.8058203,,,
,1651,1348850482,,,0,,primary,0,-76.371434,36.8082765,,,
,1652,1348850483,,,0,,primary,0,-76.3393499,36.834850700000004,,,
,1653,1348850484,,,0,,primary,0,-76.3395228,36.8349015,,,
,1654,1349505423,,,0,,primary,0,-76.1763004,36.8538585,,,
,1655,1349505493,,,0,,primary,0,-76.1797208,36.8545164,,,
,1656,1349864628,,,0,,primary,0,-76.3336914,36.7840561,,,
,1657,1349864718,,,0,,primary,0,-76.2612286,36.9598092,,,
,1661,1350845656,,,0,,primary,0,-76.2846882,36.7776321,,,
,1662,1350845657,,,0,,primary,0,-76.28131440000001,36.787388,,,
,1663,1350845658,,,0,,primary,0,-76.281196,36.7876996,,,
,1664,1350845659,,,0,,primary,0,-76.2763183,36.800379799999995,,,
,1665,1350845662,,,0,,primary,0,-76.2680302,36.8258804,,,
,1666,1350845663,,,0,,primary,0,-76.26298309999999,36.8329614,,,
,1667,1350845664,,,0,,primary,0,-76.2676512,36.844885999999995,,,
,1668,1350845665,,,0,,primary,0,-76.2758084,36.8500003,,,
,1669,1350845668,,,0,,primary,0,-76.25822,36.946774100000006,,,
,1721,1410091439,,,0,,primary,0,-76.252592,36.770449600000006,,,
,1723,1410091464,,,0,,primary,0,-76.25394370000001,36.7733403,,,
,1725,1410091473,,,0,,primary,0,-76.2546808,36.774507799999995,,,
,1728,1410091493,,,0,,primary,0,-76.25625500000001,36.776717299999994,,,
,1732,1410091509,,,0,,primary,0,-76.2569792,36.777994799999995,,,
,1745,1419056407,,,0,,primary,0,-76.3042778,36.9030652,,,
,1746,1419056409,,,0,,primary,0,-76.3040979,36.9030999,,,
,1765,1532139877,,,0,,primary,0,-76.19193259999999,36.9246341,,,
,1770,1603985180,,,0,,primary,0,-76.3027912,36.8888263,,,
,1771,1603985181,,,0,,primary,0,-76.302993,36.8888255,,,
,1772,1603985188,,,0,,primary,0,-76.30281590000001,36.8888896,,,
,1773,1839605951,,,0,,primary,0,-76.3058199,36.8637121,,,
,1774,1849179811,,,0,,primary,0,-76.14482240000001,36.8982543,,,
,1784,1893112966,,,0,,primary,0,-76.31517459999999,36.9440984,,,
,1785,1893112967,traffic_signals,,1,,primary,0,-76.31241259999999,36.944253,,,
,1792,1895807843,,,0,,primary,0,-76.2696502,36.9218696,,,
,1793,1897162612,,,0,,primary,0,-76.2719118,36.91882329999999,,,
,1794,1897162923,,,0,,primary,0,-76.2674272,36.92875,,,
,1799,1906698118,,,0,,primary,0,-76.19839329999999,36.808943400000004,,,
,1803,1906698127,,,0,,primary,0,-76.21347349999999,36.88388079999999,,,
,1816,1906721869,,,0,,primary,0,-76.2587243,36.946042600000006,,,
,1817,1906721873,,,0,,primary,0,-76.2585896,36.946449,,,
,1818,1906721876,,,0,,primary,0,-76.2581309,36.946585,,,
,1819,1906721878,traffic_signals,,1,,primary,0,-76.2577735,36.9471839,,,
,1820,1906721879,,,0,,primary,0,-76.257243,36.947663500000004,,,
,1829,1933748897,,,0,,primary,0,-76.353438,36.816033000000004,,,
,1834,1933748930,,,0,,primary,0,-76.13747640000001,36.8307139,,,
,1868,2072415122,,,0,,primary,0,-76.2495933,36.852720399999995,,,
,1874,2081712235,,,0,,primary,0,-76.251933,36.7870429,,,
,1875,2081712239,,,0,,primary,0,-76.2518825,36.78690039999999,,,
,1876,2081712240,,,0,,primary,0,-76.2514645,36.787133000000004,,,
,1877,2081712254,,,0,,primary,0,-76.251511,36.787276899999995,,,
,1878,2386744446,traffic_signals,,1,,primary,0,-76.2960906,36.853735799999995,,,
,1879,2424411122,,,0,,primary,0,-76.2524157,36.7691596,,,
,1880,2424411142,traffic_signals,,1,,primary,0,-76.25205600000001,36.7685015,,,
,1881,2424411154,,,0,,primary,0,-76.2515416,36.7650871,,,
,1882,2424411164,,,0,,primary,0,-76.2519054,36.7676245,,,
,1883,2556414664,,,0,,primary,0,-76.2200057,36.8897888,,,
,1884,2681260302,,,0,,primary,1,-76.2504109,36.9147603,,,
,1885,2681260311,,,0,,primary,0,-76.2509572,36.9153395,,,
,1886,2686018542,,,0,,primary,0,-76.1247305,36.843277799999996,,,
,1887,2686018543,,,0,,primary,0,-76.12421590000001,36.8432836,,,
,1888,2696413968,,,0,,primary,0,-76.2353045,36.9160501,,,
,1889,2781281469,,,0,,primary,0,-76.32740190000001,36.7950945,,,
,1890,2781281471,,,0,,primary,0,-76.3256148,36.797940999999994,,,
,1891,2791594792,,,0,,primary,0,-76.28505320000001,36.77796,,,
,1892,2807665920,,,0,,primary,0,-76.214612,36.856030700000005,,,
,1893,2820035702,,,0,,primary,0,-76.1467449,36.9055359,,,
,1894,2820035706,,,0,,primary,0,-76.1465329,36.9057943,,,
,1895,2847443898,,,0,,primary,0,-76.20341009999999,36.874410600000004,,,
,1896,2847443899,,,0,,primary,0,-76.2034137,36.8742789,,,
,1897,2847443900,,,0,,primary,0,-76.20362790000001,36.8742814,,,
,1898,2847443901,,,0,,primary,0,-76.2036207,36.87441389999999,,,
,1899,2859165209,,,0,,primary,0,-76.28619870000001,36.775090500000005,,,
,1900,2859165216,,,0,,primary,0,-76.285027,36.7754945,,,
,1901,2922085242,traffic_signals,,1,,primary,0,-76.2112526,36.8685255,,,
,1902,2922142442,,,0,,primary,0,-76.2513283,36.763929299999994,,,
,1903,2922142443,traffic_signals,,1,,primary,0,-76.2514578,36.7645729,,,
,1904,2922796811,,,0,,primary,1,-76.3443698,36.7631946,,,
,1905,2922796824,,,0,,primary,0,-76.3462115,36.766138299999994,,,
,1906,2922796829,,,0,,primary,0,-76.3466418,36.766828600000004,,,
,1908,2989734720,,,0,,primary,0,-76.1367805,36.839059899999995,,,
,1911,3097633983,,,0,,primary,0,-76.1872578,36.842166299999995,,,
,1912,3097633986,,,0,,primary,0,-76.1859993,36.84276679999999,,,
,1913,3122796124,,,0,,primary,0,-76.3431007,36.7718717,,,
,1914,3122796126,,,0,,primary,0,-76.3427021,36.7723738,,,
,1915,3122812129,,,0,,primary,0,-76.34173,36.773657,,,
,1918,3122982075,,,0,,primary,0,-76.23989240000002,36.7935127,,,
,1919,3122982076,,,0,,primary,0,-76.24260799999999,36.791987799999994,,,
,1920,3122982092,,,0,,primary,1,-76.2407057,36.79208320000001,,,
,1926,3124525441,,,0,,primary,0,-76.2509261,36.7646401,,,
,1928,3124525456,,,0,,primary,0,-76.2509142,36.7644592,,,
,1933,3146524502,,,0,,primary,0,-76.1880161,36.8037257,,,
,1934,3146524508,,,0,,primary,1,-76.1873136,36.8028828,,,
,1935,3146581462,traffic_signals,,1,,primary,0,-76.2110316,36.868544799999995,,,
,1937,3146671343,,,0,,primary,0,-76.2165307,36.8816992,,,
,1938,3151759983,,,0,,primary,0,-76.2576446,36.7792333,,,
,1939,3151759987,,,0,,primary,1,-76.2563326,36.7795321,,,
,1940,3151759991,,,0,,primary,0,-76.2575198,36.7796534,,,
,1941,3151759992,,,0,,primary,0,-76.2572382,36.7786474,,,
,1942,3151759997,,,0,,primary,0,-76.256194,36.779453600000004,,,
,1943,3151811874,,,0,,primary,0,-76.22625409999999,36.9161932,,,
,1945,3153730130,,,0,,primary,0,-76.3399122,36.8296671,,,
,1946,3153730136,,,0,,primary,0,-76.3397796,36.8290089,,,
,1947,3157296112,traffic_signals,,1,,primary,0,-76.3031137,36.858600200000005,,,
,1948,3157332354,,,0,,primary,0,-76.1905069,36.8048882,,,
,1949,3157366414,,,0,,primary,1,-76.2513071,36.7631425,,,
,1950,3187601085,,,0,,primary,0,-76.2344473,36.7975676,,,
,1951,3187601091,,,0,,primary,0,-76.2348775,36.797608600000004,,,
,1952,3187616737,traffic_signals,,1,,primary,0,-76.2643924,36.8133023,,,
,1953,3187616738,traffic_signals,,1,,primary,0,-76.26450229999999,36.813379299999994,,,
,1954,3187629777,traffic_signals,,1,,primary,0,-76.2605305,36.7913886,,,
,1955,3187629782,,,0,,primary,0,-76.2622484,36.7996425,,,
,1956,3187629786,,,0,,primary,0,-76.2596309,36.788491,,,
,1957,3187629787,,,0,,primary,0,-76.25928329999999,36.7870701,,,
,1958,3187629789,,,0,,primary,0,-76.2598104,36.7884508,,,
,1959,3187771066,,,0,,primary,0,-76.2775537,36.81640170000001,,,
,1960,3501866454,,,0,,motorway,0,-76.406584,36.784599,,,
,1961,3501872919,,,0,,primary,0,-76.3971413,36.781401,,,
,1962,3501872920,,,0,,primary,0,-76.3990111,36.7827226,,,
,1963,3503293255,,,0,,primary,0,-76.4104446,36.7880131,,,
,1964,3555206546,,,0,,primary,0,-76.2764376,36.8003956,,,
,1965,3555206547,,,0,,primary,0,-76.2762775,36.8010961,,,
,1966,3622592823,,,0,,primary,0,-76.12735140000001,36.9041705,,,
,1972,3625621763,,,0,,primary,0,-76.1388,36.8369898,,,
,1973,3625626221,,,0,,primary,0,-76.1372583,36.8371275,,,
,1974,3625629949,,,0,,primary,0,-76.1370282,36.8397709,,,
,1975,3625629961,,,0,,primary,0,-76.1368139,36.838596700000004,,,
,1976,3625639303,,,0,,primary,0,-76.132594,36.86152979999999,,,
,1977,3625639304,,,0,,primary,0,-76.1331261,36.8621657,,,
,1978,3625639314,,,0,,primary,0,-76.1324759,36.8620317,,,
,1979,3625695951,,,0,,primary,0,-76.14691309999999,36.9059627,,,
,1980,3625695953,,,0,,primary,0,-76.1470446,36.905863700000005,,,
,1981,3625695954,,,0,,primary,0,-76.14636259999999,36.9045659,,,
,1982,3625695957,,,0,,primary,0,-76.14686259999999,36.9058345,,,
,1983,3633788101,crossing,,0,,primary,0,-76.125067,36.8129886,,,
,1984,3634791144,,,0,,primary,0,-76.2674775,36.7785805,,,
,1993,3649349005,,,0,,primary,0,-76.20081429999999,36.8743963,,,
,1994,3649349013,,,0,,primary,0,-76.200721,36.874266600000006,,,
,1995,3649360230,,,0,,primary,0,-76.2063655,36.873935700000004,,,
,1996,3649360236,,,0,,primary,0,-76.2060652,36.874304200000005,,,
,1997,3649360248,,,0,,primary,1,-76.206572,36.8747816,,,
,1998,3649360253,,,0,,primary,1,-76.2064292,36.874727299999996,,,
,1999,3651941981,,,0,,primary,0,-76.18142900000001,36.906335600000006,,,
,2000,3651941984,,,0,,primary,0,-76.18228020000001,36.9067882,,,
,2001,3651941985,,,0,,primary,0,-76.1823337,36.906693700000005,,,
,2002,3651981468,,,0,,primary,0,-76.22020649999999,36.915648600000004,,,
,2003,3651981478,,,0,,primary,0,-76.19461070000001,36.9181036,,,
,2004,3651981480,,,0,,primary,0,-76.1949317,36.9180972,,,
,2005,3651981489,,,0,,primary,0,-76.1927438,36.918142200000005,,,
,2006,3652089741,,,0,,primary,0,-76.1925681,36.9181471,,,
,2007,3652099521,,,0,,primary,0,-76.19172929999999,36.9163717,,,
,2008,3652100047,,,0,,primary,0,-76.19040240000001,36.9177883,,,
,2009,3654812514,,,0,,primary,0,-76.1599905,36.9070607,,,
,2010,3654812515,,,0,,primary,0,-76.15998540000001,36.9069157,,,
,2013,3658421785,,,0,,primary,0,-76.28099379999999,36.8735929,,,
,2014,3658421786,,,0,,primary,0,-76.2811463,36.873534899999996,,,
,2015,3658426082,,,0,,primary,0,-76.2821328,36.880681200000005,,,
,2016,3658426084,,,0,,primary,0,-76.2820272,36.880713799999995,,,
,2017,3660787113,,,0,,primary,0,-76.2498942,36.952461799999995,,,
,2018,3660787119,,,0,,primary,0,-76.2497443,36.952560600000005,,,
,2019,3660787120,,,0,,primary,0,-76.2497636,36.952544,,,
,2020,3660787121,,,0,,primary,0,-76.24972170000001,36.9525339,,,
,2021,3661035784,,,0,,primary,0,-76.2807358,36.886967600000006,,,
,2022,3661035785,,,0,,primary,0,-76.27932270000001,36.8894346,,,
,2023,3661035786,,,0,,primary,0,-76.2791895,36.8893985,,,
,2034,3690823247,,,0,,primary,0,-76.1628228,36.8257066,,,
,2035,3690823252,,,0,,primary,0,-76.1600868,36.825199100000006,,,
,2036,3690823254,,,0,,primary,0,-76.1577498,36.8250159,,,
,2037,3690850035,,,0,,primary,0,-76.1589438,36.8252825,,,
,2038,3690850052,,,0,,primary,0,-76.1611834,36.824990899999996,,,
,2039,3690850053,,,0,,primary,1,-76.160617,36.825844000000004,,,
,2040,3690861974,,,0,,primary,0,-76.1604316,36.8269477,,,
,2041,3690861983,,,0,,primary,0,-76.1614877,36.8256423,,,
,2042,3724977653,,,0,,primary,0,-76.1806514,36.8483598,,,
,2043,3739421826,,,0,,primary,0,-76.31741219999999,36.943978,,,
,2048,3812048659,,,0,,primary,0,-76.2101661,36.8765988,,,
,2052,3889324668,,,0,,primary,0,-76.2746329,36.85391,,,
,2053,3889324672,,,0,,primary,0,-76.2742367,36.854223299999994,,,
,2054,3889324673,,,0,,primary,0,-76.2743261,36.8550045,,,
,2055,3918905061,,,0,,primary,0,-76.3018122,36.8076157,,,
,2056,3918905089,,,0,,primary,0,-76.30249620000001,36.807756299999994,,,
,2057,3956903470,,,0,,primary,0,-76.3310792,36.8375974,,,
,2058,3956903471,,,0,,primary,0,-76.32951990000001,36.837684700000004,,,
,2059,3956903472,,,0,,primary,0,-76.33108829999999,36.8377225,,,
,2060,3956903473,,,0,,primary,0,-76.3295319,36.8378003,,,
,2064,3966758043,,,0,,primary,0,-76.13231440000001,36.9038677,,,
,2065,3966758112,,,0,,primary,0,-76.1309719,36.9038266,,,
,2066,3966758115,,,0,,primary,0,-76.1276886,36.9039705,,,
,2072,4015801681,,,0,,primary,0,-76.2840622,36.867154600000006,,,
,2073,4017289777,,,0,,primary,0,-76.30586559999999,36.8598992,,,
,2074,4069398707,traffic_signals,,1,,primary,0,-76.130876,36.826316,,,
,2077,4070788234,,,0,,primary,0,-76.12675300000001,36.821870000000004,,,
,2078,4077566459,,,0,,primary,0,-76.1378353,36.8434766,,,
,2079,4077567638,traffic_signals,,1,,primary,0,-76.1370065,36.8409128,,,
,2081,4080449151,,,0,,primary,0,-76.12946840000001,36.8435689,,,
,2082,4085837876,,,0,,primary,0,-76.13690240000001,36.8466368,,,
,2083,4085838025,,,0,,primary,0,-76.13885,36.843707,,,
,2084,4087420611,,,0,,primary,0,-76.1459181,36.843810600000005,,,
,2085,4089271233,traffic_signals,,1,,primary,0,-76.189748,36.804526,,,
,2086,4089271240,,,0,,primary,1,-76.189987,36.804205100000004,,,
,2087,4089271243,,,0,,primary,1,-76.19018620000001,36.8042372,,,
,2088,4089271247,,,0,,primary,0,-76.1893812,36.8043536,,,
,2089,4098740857,,,0,,primary,0,-76.2614537,36.852039899999994,,,
,2090,4125130587,traffic_signals,,1,,primary,0,-76.2071936,36.813340999999994,,,
,2091,4125141164,,,0,,primary,0,-76.2087108,36.814290899999996,,,
,2107,4164275403,,,0,,primary,0,-76.1297145,36.843356799999995,,,
,2108,4166719909,,,0,,primary,0,-76.2826725,36.7839775,,,
,2109,4166719925,,,0,,primary,0,-76.284769,36.778694,,,
,2110,4171974472,,,0,,primary,0,-76.2817732,36.786227000000004,,,
,2111,4171974483,,,0,,primary,1,-76.2820392,36.7864844,,,
,2112,4184548167,,,0,,primary,0,-76.41459329999999,36.7854109,,,
,2115,4293926042,,,0,,primary,0,-76.26065009999999,36.8228054,,,
,2116,4293926052,,,0,,primary,0,-76.26041,36.8220541,,,
,2117,4293926066,,,0,,primary,0,-76.26011159999999,36.822253100000005,,,
,2118,4293926084,,,0,,primary,0,-76.26094959999999,36.8225863,,,
,2119,4293985067,,,0,,primary,0,-76.1866917,36.8031326,,,
,2120,4293985596,,,0,,primary,0,-76.1745988,36.797048600000004,,,
,2121,4293985632,,,0,,primary,0,-76.17507009999999,36.7969171,,,
,2122,4293985638,,,0,,primary,0,-76.17483320000001,36.7978385,,,
,2123,4293985646,,,0,,primary,0,-76.17538359999999,36.79776210000001,,,
,2124,4408730576,,,0,,primary,0,-76.1604286,36.8252532,,,
,2158,4697811051,,,0,,primary,0,-76.25939840000001,36.7866685,,,
,2159,4888120901,,,0,,primary,0,-76.2573978,36.7791851,,,
,2165,4917592378,,,0,,primary,1,-76.1822319,36.8401155,,,
,2166,5029656007,,,0,,primary,0,-76.1699905,36.8512951,,,
,2167,5126409061,,,0,,primary,0,-76.1365845,36.8471835,,,
,2168,5126409062,,,0,,primary,0,-76.13662559999999,36.845265600000005,,,
,2169,5126409063,,,0,,primary,0,-76.1366226,36.8455189,,,
,2170,5126409064,,,0,,primary,0,-76.1369334,36.8449511,,,
,2171,5126409065,,,0,,primary,0,-76.1366372,36.84451,,,
,2172,5126409066,,,0,,primary,0,-76.1348449,36.8436415,,,
,2173,5126409067,,,0,,primary,0,-76.1355556,36.8436543,,,
,2174,5126409068,,,0,,primary,0,-76.1349561,36.84343320000001,,,
,2175,5126409069,,,0,,primary,0,-76.13699,36.842014,,,
,2176,5126409070,,,0,,primary,0,-76.1367644,36.83971270000001,,,
,2177,5126409071,,,0,,primary,0,-76.1367432,36.8403843,,,
,2178,5126409072,,,0,,primary,0,-76.13668630000001,36.842451399999995,,,
,2179,5150475217,,,0,,primary,0,-76.1869016,36.841659299999996,,,
,2180,5150475426,,,0,,primary,0,-76.18721500000001,36.841885600000005,,,
,2182,5348544105,,,0,,primary,0,-76.3533723,36.8189342,,,
,2183,5348544106,,,0,,primary,0,-76.3534667,36.8189755,,,
,2184,5349035592,,,0,,primary,0,-76.1848714,36.8549144,,,
,2185,5349035593,,,0,,primary,0,-76.1848761,36.854838,,,
,2186,5354255983,,,0,,primary,0,-76.22402290000001,36.915777,,,
,2187,5354255984,,,0,,primary,0,-76.22406529999999,36.9156602,,,
,2188,5354255985,,,0,,primary,0,-76.22588990000001,36.916233399999996,,,
,2189,5354255986,,,0,,primary,0,-76.2259327,36.9161164,,,
,2190,5357095771,,,0,,primary,0,-76.21030520000001,36.863498799999995,,,
,2191,5357095776,,,0,,primary,0,-76.209754,36.863383299999995,,,
,2192,5360330301,,,0,,primary,0,-76.1844412,36.8443803,,,
,2193,5360370200,,,0,,primary,0,-76.16573309999998,36.827639000000005,,,
,2194,5360370201,,,0,,primary,0,-76.16583299999999,36.8275092,,,
,2195,5360454216,,,0,,primary,0,-76.2647858,36.8519162,,,
,2200,5360743957,,,0,,primary,0,-76.2587764,36.890454299999995,,,
,2201,5360743958,,,0,,primary,0,-76.26335970000001,36.87820670000001,,,
,2202,5360743959,,,0,,primary,0,-76.2637607,36.8771679,,,
,2203,5360743960,,,0,,primary,0,-76.265557,36.8722653,,,
,2206,5360833373,,,0,,primary,0,-76.2328658,36.9166315,,,
,2207,5360937626,,,0,,primary,0,-76.2320672,36.906489799999996,,,
,2208,5360937627,,,0,,primary,0,-76.2321666,36.9064407,,,
,2209,5360937628,,,0,,primary,0,-76.2324896,36.90707020000001,,,
,2210,5360937629,,,0,,primary,0,-76.23258620000001,36.9070159,,,
,2211,5360966883,,,0,,primary,0,-76.1955734,36.9179648,,,
,2212,5360980260,,,0,,primary,0,-76.191703,36.9163166,,,
,2213,5363058746,,,0,,primary,0,-76.28641490000001,36.857924,,,
,2214,5363058752,,,0,,primary,0,-76.2866772,36.857652,,,
,2217,5375536767,,,0,,primary,0,-76.3405638,36.8343651,,,
,2218,5414121752,,,0,,primary,0,-76.24237459999999,36.8541126,,,
,2219,5416363348,traffic_signals,,1,,primary,0,-76.2396724,36.85459470000001,,,
,2220,5587458605,,,0,,primary,0,-76.3164298,36.8107135,,,
,2221,5587458606,,,0,,primary,0,-76.31651550000001,36.81062429999999,,,
,2222,5666919452,,,0,,primary,0,-76.2346868,36.7961996,,,
,2223,5672578767,,,0,,primary,0,-76.2589321,36.946121399999996,,,
,2228,5737483859,,,0,,primary,0,-76.3385804,36.826536,,,
,2229,5765691165,,,0,,primary,0,-76.3370675,36.7797,,,
,2230,5765691166,,,0,,primary,0,-76.3371351,36.7796131,,,
,2231,5786050072,traffic_signals,,1,,primary,0,-76.39188320000001,36.8603824,,,
,2236,5833502841,,,0,,primary,0,-76.4086322,36.7888266,,,
,2237,5836059338,crossing,,0,,primary,0,-76.2535918,36.9561463,,,
,2238,5863220838,,,0,,primary,0,-76.3388475,36.8267448,,,
,2239,5863220844,,,0,,primary,0,-76.3388304,36.826266100000005,,,
,2242,5863359263,,,0,,primary,0,-76.35961479999999,36.8122353,,,
,2246,5913392251,,,0,,primary,0,-76.354251,36.8161256,,,
,2247,5913392266,,,0,,primary,0,-76.3539477,36.815968100000006,,,
,2248,5913392276,,,0,,primary,0,-76.3562896,36.8150893,,,
,2249,5913392282,,,0,,primary,0,-76.35642990000001,36.815347499999994,,,
,2250,5913392283,,,0,,primary,0,-76.3567011,36.8147713,,,
,2256,6045382928,,,0,,primary,0,-76.3275558,36.7948232,,,
,2257,6045382946,,,0,,primary,0,-76.32814029999999,36.7939838,,,
,2258,6045382949,,,0,,primary,0,-76.3282664,36.7938099,,,
,2259,6080125045,,,0,,primary,0,-76.17810859999999,36.7989915,,,
,2260,6127397088,,,0,,primary,0,-76.187252,36.8418516,,,
,2261,6127397089,,,0,,primary,0,-76.1869365,36.8416204,,,
,2265,6249191321,,,0,,primary,0,-76.3002537,36.8077993,,,
,2266,6306878039,,,0,,primary,0,-76.2662211,36.8434873,,,
,2267,6361519044,,,0,,primary,0,-76.2866313,36.857343799999995,,,
,2268,6453575449,,,0,,primary,0,-76.3578498,36.8139344,,,
,2269,6481794834,,,0,,primary,0,-76.2500775,36.9529677,,,
,2272,6482727208,,,0,,primary,0,-76.2084205,36.874401500000005,,,
,2273,6482727211,,,0,,primary,0,-76.2069372,36.874314899999995,,,
,2274,6482727214,,,0,,primary,0,-76.2106341,36.874852000000004,,,
,2275,6482727216,,,0,,primary,0,-76.2106468,36.8741719,,,
,2276,6482727221,,,0,,primary,0,-76.2090267,36.8746536,,,
,2277,6482727226,,,0,,primary,0,-76.2103665,36.8746365,,,
,2278,6482727230,,,0,,primary,0,-76.2104599,36.8748297,,,
,2279,6482727242,,,0,,primary,0,-76.2107627,36.8764221,,,
,2280,6482727266,,,0,,primary,0,-76.21082249999999,36.876825,,,
,2281,6482727608,,,0,,primary,0,-76.26702540000001,36.778510499999996,,,
,2282,6482727611,,,0,,primary,0,-76.2850632,36.847209899999996,,,
,2283,6482727616,,,0,,primary,1,-76.2849033,36.8468265,,,
,2284,6482727745,,,0,,primary,0,-76.26421979999999,36.851926899999995,,,
,2285,6482727748,,,0,,primary,0,-76.1947973,36.8551308,,,
,2286,6482727753,,,0,,primary,0,-76.19399840000001,36.8548125,,,
,2287,6482727757,,,0,,primary,0,-76.19461290000001,36.8552462,,,
,2288,6482727768,,,0,,primary,0,-76.21001609999999,36.8745921,,,
,2289,6482727776,,,0,,primary,0,-76.21080440000001,36.876703000000006,,,
,2290,6482727990,,,0,,primary,0,-76.2098232,36.8747515,,,
,2291,6482727991,,,0,,primary,0,-76.2111235,36.874914600000004,,,
,2292,6482728030,,,0,,primary,0,-76.2107695,36.8748693,,,
,2293,6482728039,,,0,,primary,1,-76.21031190000001,36.8765556,,,
,2294,6482728044,,,0,,primary,0,-76.21051130000001,36.87623920000001,,,
,2295,6482728075,,,0,,primary,0,-76.2083735,36.855633600000004,,,
,2296,6482728189,,,0,,primary,0,-76.2118712,36.8785715,,,
,2297,6482728346,,,0,,primary,0,-76.2599735,36.7824657,,,
,2298,6483125444,,,0,,primary,1,-76.2063778,36.8740471,,,
,2299,6483148816,,,0,,primary,0,-76.2046198,36.8742919,,,
,2300,6483148817,,,0,,primary,0,-76.20461850000001,36.8744302,,,
,2302,6483148821,,,0,,primary,0,-76.19902890000002,36.8744823,,,
,2303,6483150570,,,0,,primary,0,-76.1968752,36.8553204,,,
,2304,6483150572,,,0,,primary,0,-76.19705079999999,36.8553244,,,
,2305,6483150574,,,0,,primary,0,-76.19873340000001,36.8552924,,,
,2306,6483151040,,,0,,primary,0,-76.2100652,36.859704799999996,,,
,2307,6483151043,,,0,,primary,0,-76.2100148,36.8587594,,,
,2308,6483218092,,,0,,primary,0,-76.26769559999998,36.7779882,,,
,2309,6483218111,,,0,,primary,0,-76.2356936,36.796486200000004,,,
,2310,6483218143,,,0,,primary,0,-76.25800129999999,36.781547499999995,,,
,2312,6496027716,,,0,,primary,0,-76.1269967,36.8205484,,,
,2313,6496027720,,,0,,primary,0,-76.137096,36.8364501,,,
,2314,6496027723,,,0,,primary,0,-76.13721729999999,36.834953399999996,,,
,2315,6496027728,,,0,,primary,0,-76.1375579,36.832944,,,
,2320,6702579535,,,0,,primary,0,-76.3328202,36.785787899999995,,,
,2321,6702579536,,,0,,primary,0,-76.33284499999999,36.7854696,,,
,2322,6721775274,,,0,,primary,0,-76.3447079,36.8343619,,,
,2329,7031700795,,,0,,primary,0,-76.12710890000001,36.8229086,,,
,2330,7031700802,,,0,,primary,0,-76.1267554,36.8209713,,,
,2331,7042943232,,,0,,primary,0,-76.17717940000001,36.854186999999996,,,
,2332,7043034869,,,0,,primary,0,-76.2818283,36.7860822,,,
,2333,7043034876,,,0,,primary,0,-76.28183759999999,36.786057799999995,,,
,2334,7043148425,,,0,,primary,0,-76.2501063,36.9145806,,,
,2335,7044261285,,,0,,primary,0,-76.3809173,36.8054642,,,
,2336,7044554610,,,0,,primary,0,-76.1333864,36.8789827,,,
,2339,7045452549,,,0,,primary,0,-76.21557109999999,36.882872,,,
,2342,7131200368,,,0,,primary,0,-76.37767579999999,36.806428000000004,,,
,2343,7132388080,,,0,,primary,0,-76.3887804,36.8588364,,,
,2344,7134950928,,,0,,primary,0,-76.2688863,36.8248216,,,
,2345,7147729548,,,0,,primary,0,-76.123195,36.904870200000005,,,
,2355,7259649559,,,0,,primary,1,-76.4133427,36.865552799999996,,,
,2356,7265571716,,,0,,primary,0,-76.2373747,36.9155481,,,
,2357,7283791890,,,0,,primary,0,-76.23629079999999,36.915720799999995,,,
,2358,7283791891,,,0,,primary,0,-76.2358494,36.9158279,,,
,2359,7283791895,,,0,,primary,0,-76.2355617,36.9158885,,,
,2360,7283791898,,,0,,primary,0,-76.23512840000001,36.9159898,,,
,2361,7283791913,,,0,,primary,0,-76.2298388,36.9168205,,,
,2362,7283791915,,,0,,primary,0,-76.2330412,36.9165928,,,
,2363,7436103483,,,0,,primary,0,-76.35553979999999,36.815905900000004,,,
,2364,7436150585,,,0,,primary,0,-76.35469640000001,36.8171545,,,
,2365,7436150586,,,0,,primary,0,-76.3546001,36.817116399999996,,,
,2366,7436150589,,,0,,primary,0,-76.3543894,36.817427200000004,,,
,2367,7436150590,,,0,,primary,0,-76.354484,36.8174639,,,
,2368,7436150604,,,0,,primary,0,-76.35511559999999,36.8165389,,,
,2369,7436150607,,,0,,primary,0,-76.35506409999999,36.8166146,,,
,2370,7436150611,,,0,,primary,0,-76.355193,36.8164251,,,
,2371,7477443596,,,0,,primary,0,-76.17740069999999,36.7986321,,,
,2400,7706461752,,,0,,primary,0,-76.2103748,36.832928100000004,,,
,2401,7706461778,traffic_signals,,1,,primary,0,-76.21061920000001,36.836718,,,
,2402,7706463788,,,0,,primary,0,-76.2103785,36.841796,,,
,2404,7706463791,,,0,,primary,0,-76.2100973,36.8417998,,,
,2405,7706463795,,,0,,primary,0,-76.2103546,36.842924,,,
,2408,7706463855,,,0,,primary,0,-76.2100711,36.8430008,,,
,2414,7706463894,,,0,,primary,0,-76.21004930000001,36.844016700000005,,,
,2436,7795008519,,,0,,primary,0,-76.19739809999999,36.8084473,,,
,2437,7795008520,,,0,,primary,0,-76.1977211,36.808421200000005,,,
,2439,7801864108,,,0,,primary,0,-76.1919804,36.8047969,,,
,2440,7801864109,,,0,,primary,1,-76.19205670000001,36.804615399999996,,,
,2446,7807234890,,,0,,primary,0,-76.2724746,36.8476325,,,
,2447,7807234891,,,0,,primary,0,-76.27533340000001,36.8495078,,,
,2451,7914603097,,,0,,primary,0,-76.3673224,36.844695,,,
,2452,7914882956,,,0,,primary,0,-76.3798513,36.8524121,,,
,2453,7914882957,,,0,,primary,0,-76.3846329,36.855872,,,
,2454,7914882964,,,0,,primary,0,-76.3717928,36.8469094,,,
,2455,8084291312,,,0,,primary,0,-76.1214763,36.8434521,,,
,2456,8581387848,,,0,,primary,0,-76.2715559,36.8210628,,,
,2457,8660580039,,,0,,primary,0,-76.3029561,36.8078219,,,
,2458,220721089;3124525453,traffic_signals,,1,,primary,0,-76.2516367,36.7644598,18.0,,
,2459,220744505;7045469532,traffic_signals,,1,,primary,0,-76.2787722,36.8157602,37.0,,
,2460,220749281;220749665;1148992745,traffic_signals,,1,,primary,0,-76.413591,36.7874084,0.0,,
,2461,221043917;221043921,traffic_signals,,1,,primary,0,-76.2096315,36.855777,1.0,,
,2462,221052592;221052600;221151447,traffic_signals,,1,,primary,0,-76.2386063,36.915141,2.0,,
,2463,221058824;221213745;221213897,traffic_signals,,1,,motorway,0,-76.2854463,36.846911999999996,34.0,,
,2465,221071871;221151887,traffic_signals,,1,,primary,0,-76.274396,36.854646,26.0,,
,2466,221100803;4529777443,traffic_signals,,1,,primary,0,-76.3323085,36.8215605,3.0,,
,2467,221119962;221119965,traffic_signals,,1,,primary,0,-76.2102338,36.8557972,4.0,,
,2468,221126499;221126504;5375536765;5375536766,traffic_signals,,1,,primary,0,-76.3394993,36.8344409,5.0,,
,2469,221126519;221126622,traffic_signals,,1,,primary,0,-76.3417855,36.8343907,9.0,,
,2470,221127576;221152945,traffic_signals,,1,,primary,0,-76.1942791,36.8551711,8.0,,
,2471,221142237;221142242,traffic_signals,,1,,primary,0,-76.32566800000001,36.817048,15.0,,
,2472,221149378;221149380;221149460;221149463,traffic_signals,,1,,primary,0,-76.341622,36.8321155,6.0,,
,2473,221149638;221149804;221193467;221193637,traffic_signals,,1,,primary,0,-76.2853975,36.853916,14.0,,
,2474,221149680;221149838,traffic_signals,,1,,primary,0,-76.2919722,36.8542018,10.0,,
,2475,221151364;221151579;7045452542;7045452544,traffic_signals,,1,,primary,0,-76.2150093,36.883092100000006,32.0,,
,2476,221151399;221151401,traffic_signals,,1,,primary,0,-76.22341850000001,36.894645000000004,25.0,,
,2477,221151546;221151550,traffic_signals,,1,,primary,0,-76.223516,36.8945955,24.0,,
,2478,221151795;221152423;221152426,traffic_signals,,1,,primary,0,-76.286941,36.8580209,13.0,,
,2479,221152362;221152368,traffic_signals,,1,,primary,0,-76.274568,36.8542585,27.0,,
,2480,221165872;221165875;221166017;221166024,traffic_signals,,1,,primary,0,-76.2845123,36.8482732,12.0,,
,2481,221175851;221264214;3097633980;3097633982,traffic_signals,,1,,primary,0,-76.1876408,36.8420441,31.0,,
,2482,221180472;221180980;221180984,traffic_signals,,1,,primary,0,-76.24146809999999,36.9147537,30.0,,
,2483,221184005;221184464,traffic_signals,,1,,primary,0,-76.280327,36.8531355,33.0,,
,2484,221193545;221193546;221193697;221193701,traffic_signals,,1,,primary,0,-76.2762815,36.850348,11.0,,
,2485,221205888;221205896,traffic_signals,,1,,trunk,0,-76.2583185,36.955828499999996,19.0,,
,2486,221211372;221211376,traffic_signals,,1,,primary,0,-76.31906529999999,36.9438859,20.0,,
,2487,221218554;221219028,traffic_signals,,1,,primary,0,-76.27271340000001,36.9147867,35.0,,
,2488,221515152;1991547509,traffic_signals,,1,,primary,0,-76.1310697,36.8435935,28.0,,
,2489,221515438;1917427248,traffic_signals,,1,,primary,0,-76.1310723,36.843374,21.0,,
,2490,221584152;221584158,traffic_signals,,1,,primary,0,-76.214107,36.817636,7.0,,
,2493,221731857;221731957,traffic_signals,,1,,primary,0,-76.1250745,36.813252500000004,38.0,,
,2494,221813707;4077567639,traffic_signals,,1,,primary,0,-76.1367231,36.8409809,22.0,,
,2495,1890271996;7705267115,traffic_signals,,1,,primary,0,-76.2721691,36.9180504,29.0,,
,2496,3677038706;3677038707,traffic_signals,,1,,primary,0,-76.2143565,36.817671000000004,36.0,,
