activity_zone_id,grid_zone_id,name,centroid_x,centroid_y,geometry,centroid,total_poi_count,residential_poi_count,office_poi_count,shopping_poi_count,school_poi_count,parking_poi_count,boundary_node_count,zone_type
3,1.0,A3,-111.9415252,33.4300788,"POLYGON ((-111.94225000000002 33.42998,-111.94225000000002 33.43078,-111.94088000000002 33.43078,-111.94088000000002 33.42998,-111.94225000000002 33.42998))",POINT (-111.9415252 33.4300788),1,0,0,0,0,0,0,demand_zone
4,3.0,A4,-111.9395159,33.430268,"POLYGON ((-111.94088000000002 33.42998,-111.94088000000002 33.43078,-111.93951000000003 33.43078,-111.93951000000003 33.42998,-111.94088000000002 33.42998))",POINT (-111.9395159 33.430268),1,0,0,0,0,0,0,demand_zone
5,4.0,A5,-111.9384709,33.4306011,"POLYGON ((-111.93951000000003 33.42998,-111.93951000000003 33.43078,-111.93814000000003 33.43078,-111.93814000000003 33.42998,-111.93951000000003 33.42998))",POINT (-111.9384709 33.4306011),1,0,0,0,0,0,0,demand_zone
8,5.0,A8,-111.934262,33.430779,"POLYGON ((-111.93540000000004 33.42998,-111.93540000000004 33.43078,-111.93403000000005 33.43078,-111.93403000000005 33.42998,-111.93540000000004 33.42998))",POINT (-111.934262 33.430779),1,0,0,0,0,0,0,demand_zone
10,8.0,A10,-111.9321107,33.4305406,"POLYGON ((-111.93266000000006 33.42998,-111.93266000000006 33.43078,-111.93129000000006 33.43078,-111.93129000000006 33.42998,-111.93266000000006 33.42998))",POINT (-111.9321107 33.4305406),1,0,0,0,0,0,0,demand_zone
22,10.0,B2,-111.9426775,33.42982095,"POLYGON ((-111.9436168 33.42918,-111.9436168 33.42998,-111.9422468 33.42998,-111.9422468 33.42918,-111.9436168 33.42918))",POINT (-111.9426775 33.42982095),2,0,0,1,0,1,0,demand_zone
29,21.0,B9,-111.9331848,33.429885,"POLYGON ((-111.93402680000004 33.42918,-111.93402680000004 33.42998,-111.93265680000005 33.42998,-111.93265680000005 33.42918,-111.93402680000004 33.42918))",POINT (-111.9331848 33.429885),1,0,0,0,0,0,0,demand_zone
30,22.0,B10,-111.9317781,33.4297731,"POLYGON ((-111.93265680000005 33.42918,-111.93265680000005 33.42998,-111.93128680000005 33.42998,-111.93128680000005 33.42918,-111.93265680000005 33.42918))",POINT (-111.9317781 33.4297731),1,0,0,0,0,0,0,demand_zone
31,29.0,B11,-111.9301937,33.4297,"POLYGON ((-111.93128680000005 33.42918,-111.93128680000005 33.42998,-111.92991680000006 33.42998,-111.92991680000006 33.42918,-111.93128680000005 33.42918))",POINT (-111.9301937 33.4297),1,0,0,0,0,0,0,demand_zone
33,30.0,B13,-111.9280683,33.4293778,"POLYGON ((-111.92854680000006 33.42918,-111.92854680000006 33.42998,-111.92717680000007 33.42998,-111.92717680000007 33.42918,-111.92854680000006 33.42918))",POINT (-111.9280683 33.4293778),1,0,0,0,0,1,0,demand_zone
35,31.0,B15,-111.924806,33.4293143,"POLYGON ((-111.92580680000007 33.42918,-111.92580680000007 33.42998,-111.92443680000008 33.42998,-111.92443680000008 33.42918,-111.92580680000007 33.42918))",POINT (-111.924806 33.4293143),1,0,0,0,0,1,0,demand_zone
43,33.0,C3,-111.9413884,33.42891865,"POLYGON ((-111.9422468 33.428380000000004,-111.9422468 33.42918,-111.94087680000001 33.42918,-111.94087680000001 33.428380000000004,-111.9422468 33.428380000000004))",POINT (-111.9413884 33.42891865),2,0,0,0,0,1,0,demand_zone
44,35.0,C4,-111.9400354,33.4290615,"POLYGON ((-111.94087680000001 33.428380000000004,-111.94087680000001 33.42918,-111.93950680000002 33.42918,-111.93950680000002 33.428380000000004,-111.94087680000001 33.428380000000004))",POINT (-111.9400354 33.4290615),2,0,0,0,0,0,0,demand_zone
45,41.0,C5,-111.9392637,33.4288908,"POLYGON ((-111.93950680000002 33.428380000000004,-111.93950680000002 33.42918,-111.93813680000002 33.42918,-111.93813680000002 33.428380000000004,-111.93950680000002 33.428380000000004))",POINT (-111.9392637 33.4288908),1,0,0,0,0,0,0,demand_zone
53,43.0,C13,-111.9281838,33.4284897,"POLYGON ((-111.92854680000006 33.428380000000004,-111.92854680000006 33.42918,-111.92717680000007 33.42918,-111.92717680000007 33.428380000000004,-111.92854680000006 33.428380000000004))",POINT (-111.9281838 33.4284897),1,0,0,0,0,0,0,demand_zone
56,44.0,C16,-111.9236149,33.4284178,"POLYGON ((-111.92443680000008 33.428380000000004,-111.92443680000008 33.42918,-111.92306680000009 33.42918,-111.92306680000009 33.428380000000004,-111.92443680000008 33.428380000000004))",POINT (-111.9236149 33.4284178),1,0,0,0,0,1,0,demand_zone
62,45.0,D2,-111.9433358,33.4277712,"POLYGON ((-111.9436168 33.427580000000006,-111.9436168 33.428380000000004,-111.9422468 33.428380000000004,-111.9422468 33.427580000000006,-111.9436168 33.427580000000006))",POINT (-111.9433358 33.4277712),1,0,0,0,0,0,0,demand_zone
63,51.0,D3,-111.9416895,33.4280571,"POLYGON ((-111.9422468 33.427580000000006,-111.9422468 33.428380000000004,-111.94087680000001 33.428380000000004,-111.94087680000001 33.427580000000006,-111.9422468 33.427580000000006))",POINT (-111.9416895 33.4280571),1,0,0,0,0,0,0,demand_zone
64,53.0,D4,-111.94017790000001,33.4279179,"POLYGON ((-111.94087680000001 33.427580000000006,-111.94087680000001 33.428380000000004,-111.93950680000002 33.428380000000004,-111.93950680000002 33.427580000000006,-111.94087680000001 33.427580000000006))",POINT (-111.94017790000001 33.4279179),1,0,0,0,0,0,0,demand_zone
65,56.0,D5,-111.9394959,33.4278439,"POLYGON ((-111.93950680000002 33.427580000000006,-111.93950680000002 33.428380000000004,-111.93813680000002 33.428380000000004,-111.93813680000002 33.427580000000006,-111.93950680000002 33.427580000000006))",POINT (-111.9394959 33.4278439),1,0,0,0,0,1,0,demand_zone
70,61.0,D10,-111.9323497,33.4282513,"POLYGON ((-111.93265680000005 33.427580000000006,-111.93265680000005 33.428380000000004,-111.93128680000005 33.428380000000004,-111.93128680000005 33.427580000000006,-111.93265680000005 33.427580000000006))",POINT (-111.9323497 33.4282513),1,0,0,0,0,0,0,demand_zone
72,62.0,D12,-111.9292841,33.428156400000006,"POLYGON ((-111.92991680000006 33.427580000000006,-111.92991680000006 33.428380000000004,-111.92854680000006 33.428380000000004,-111.92854680000006 33.427580000000006,-111.92991680000006 33.427580000000006))",POINT (-111.9292841 33.428156400000006),2,0,0,0,0,0,0,demand_zone
73,63.0,D13,-111.9279301,33.4276964,"POLYGON ((-111.92854680000006 33.427580000000006,-111.92854680000006 33.428380000000004,-111.92717680000007 33.428380000000004,-111.92717680000007 33.427580000000006,-111.92854680000006 33.427580000000006))",POINT (-111.9279301 33.4276964),1,0,0,0,0,0,0,demand_zone
77,64.0,D17,-111.9221543,33.4279785,"POLYGON ((-111.92306680000009 33.427580000000006,-111.92306680000009 33.428380000000004,-111.92169680000009 33.428380000000004,-111.92169680000009 33.427580000000006,-111.92306680000009 33.427580000000006))",POINT (-111.9221543 33.4279785),1,0,0,0,0,0,0,demand_zone
83,65.0,E3,-111.94116086666668,33.4270954,"POLYGON ((-111.9422468 33.42678000000001,-111.9422468 33.427580000000006,-111.94087680000001 33.427580000000006,-111.94087680000001 33.42678000000001,-111.9422468 33.42678000000001))",POINT (-111.94116086666668 33.4270954),2,0,0,0,0,0,0,demand_zone
85,70.0,E5,-111.93895964999999,33.426994699999995,"POLYGON ((-111.93950680000002 33.42678000000001,-111.93950680000002 33.427580000000006,-111.93813680000002 33.427580000000006,-111.93813680000002 33.42678000000001,-111.93950680000002 33.42678000000001))",POINT (-111.93895964999999 33.426994699999995),1,0,0,0,0,1,0,demand_zone
87,71.0,E7,-111.9356533,33.4274366,"POLYGON ((-111.93676680000003 33.42678000000001,-111.93676680000003 33.427580000000006,-111.93539680000004 33.427580000000006,-111.93539680000004 33.42678000000001,-111.93676680000003 33.42678000000001))",POINT (-111.9356533 33.4274366),1,0,1,0,0,0,0,demand_zone
88,72.0,E8,-111.9353213,33.4273596,"POLYGON ((-111.93539680000004 33.42678000000001,-111.93539680000004 33.427580000000006,-111.93402680000004 33.427580000000006,-111.93402680000004 33.42678000000001,-111.93539680000004 33.42678000000001))",POINT (-111.9353213 33.4273596),1,0,1,0,0,0,0,demand_zone
92,73.0,E12,-111.9292735,33.42749635,"POLYGON ((-111.92991680000006 33.42678000000001,-111.92991680000006 33.427580000000006,-111.92854680000006 33.427580000000006,-111.92854680000006 33.42678000000001,-111.92991680000006 33.42678000000001))",POINT (-111.9292735 33.42749635),2,0,0,0,0,0,0,demand_zone
97,77.0,E17,-111.9227979,33.4268422,"POLYGON ((-111.92306680000009 33.42678000000001,-111.92306680000009 33.427580000000006,-111.92169680000009 33.427580000000006,-111.92169680000009 33.42678000000001,-111.92306680000009 33.42678000000001))",POINT (-111.9227979 33.4268422),1,0,0,0,0,0,0,demand_zone
101,81.0,F1,-111.94432976666667,33.4262859,"POLYGON ((-111.9449868 33.42598000000001,-111.9449868 33.42678000000001,-111.9436168 33.42678000000001,-111.9436168 33.42598000000001,-111.9449868 33.42598000000001))",POINT (-111.94432976666667 33.4262859),1,0,0,0,0,0,0,demand_zone
102,82.0,F2,-111.942665,33.4264914,"POLYGON ((-111.9436168 33.42598000000001,-111.9436168 33.42678000000001,-111.9422468 33.42678000000001,-111.9422468 33.42598000000001,-111.9436168 33.42598000000001))",POINT (-111.942665 33.4264914),1,0,0,0,0,1,0,demand_zone
103,83.0,F3,-111.94128632500001,33.426314125000005,"POLYGON ((-111.9422468 33.42598000000001,-111.9422468 33.42678000000001,-111.94087680000001 33.42678000000001,-111.94087680000001 33.42598000000001,-111.9422468 33.42598000000001))",POINT (-111.94128632500001 33.426314125000005),1,0,0,0,0,0,0,demand_zone
104,84.0,F4,-111.94017985999999,33.42630988,"POLYGON ((-111.94087680000001 33.42598000000001,-111.94087680000001 33.42678000000001,-111.93950680000002 33.42678000000001,-111.93950680000002 33.42598000000001,-111.94087680000001 33.42598000000001))",POINT (-111.94017985999999 33.42630988),2,0,0,0,0,0,0,demand_zone
106,85.0,F6,-111.93718845000001,33.42623495,"POLYGON ((-111.93813680000002 33.42598000000001,-111.93813680000002 33.42678000000001,-111.93676680000003 33.42678000000001,-111.93676680000003 33.42598000000001,-111.93813680000002 33.42598000000001))",POINT (-111.93718845000001 33.42623495),1,0,0,0,0,0,0,demand_zone
113,87.0,F13,-111.9280108,33.4260327,"POLYGON ((-111.92854680000006 33.42598000000001,-111.92854680000006 33.42678000000001,-111.92717680000007 33.42678000000001,-111.92717680000007 33.42598000000001,-111.92854680000006 33.42598000000001))",POINT (-111.9280108 33.4260327),1,0,0,0,0,0,0,demand_zone
116,88.0,F16,-111.92370473333334,33.42635523333333,"POLYGON ((-111.92443680000008 33.42598000000001,-111.92443680000008 33.42678000000001,-111.92306680000009 33.42678000000001,-111.92306680000009 33.42598000000001,-111.92443680000008 33.42598000000001))",POINT (-111.92370473333334 33.42635523333333),3,0,0,0,0,1,0,demand_zone
117,90.0,F17,-111.9228694,33.4266314,"POLYGON ((-111.92306680000009 33.42598000000001,-111.92306680000009 33.42678000000001,-111.92169680000009 33.42678000000001,-111.92169680000009 33.42598000000001,-111.92306680000009 33.42598000000001))",POINT (-111.9228694 33.4266314),1,0,0,0,0,1,0,demand_zone
122,92.0,G2,-111.94287022,33.425577440000005,"POLYGON ((-111.9436168 33.42518000000001,-111.9436168 33.42598000000001,-111.9422468 33.42598000000001,-111.9422468 33.42518000000001,-111.9436168 33.42518000000001))",POINT (-111.94287022 33.425577440000005),1,0,0,0,0,0,0,demand_zone
123,97.0,G3,-111.94111365,33.425653749999995,"POLYGON ((-111.9422468 33.42518000000001,-111.9422468 33.42598000000001,-111.94087680000001 33.42598000000001,-111.94087680000001 33.42518000000001,-111.9422468 33.42518000000001))",POINT (-111.94111365 33.425653749999995),1,0,0,0,0,0,0,demand_zone
124,101.0,G4,-111.94005757999999,33.42543444,"POLYGON ((-111.94087680000001 33.42518000000001,-111.94087680000001 33.42598000000001,-111.93950680000002 33.42598000000001,-111.93950680000002 33.42518000000001,-111.94087680000001 33.42518000000001))",POINT (-111.94005757999999 33.42543444),3,0,0,1,0,0,0,demand_zone
125,102.0,G5,-111.93883575999999,33.425474599999994,"POLYGON ((-111.93950680000002 33.42518000000001,-111.93950680000002 33.42598000000001,-111.93813680000002 33.42598000000001,-111.93813680000002 33.42518000000001,-111.93950680000002 33.42518000000001))",POINT (-111.93883575999999 33.425474599999994),1,0,0,0,0,1,0,demand_zone
127,103.0,G7,-111.93610699375,33.42573329375,"POLYGON ((-111.93676680000003 33.42518000000001,-111.93676680000003 33.42598000000001,-111.93539680000004 33.42598000000001,-111.93539680000004 33.42518000000001,-111.93676680000003 33.42518000000001))",POINT (-111.93610699375 33.42573329375),14,0,0,0,0,0,0,demand_zone
131,104.0,G11,-111.9301671,33.4254462,"POLYGON ((-111.93128680000005 33.42518000000001,-111.93128680000005 33.42598000000001,-111.92991680000006 33.42598000000001,-111.92991680000006 33.42518000000001,-111.93128680000005 33.42518000000001))",POINT (-111.9301671 33.4254462),1,0,0,0,0,0,0,demand_zone
132,105.0,G12,-111.92932696666666,33.4253586,"POLYGON ((-111.92991680000006 33.42518000000001,-111.92991680000006 33.42598000000001,-111.92854680000006 33.42598000000001,-111.92854680000006 33.42518000000001,-111.92991680000006 33.42518000000001))",POINT (-111.92932696666666 33.4253586),3,0,0,0,0,1,0,demand_zone
133,106.0,G13,-111.927613,33.4252375,"POLYGON ((-111.92854680000006 33.42518000000001,-111.92854680000006 33.42598000000001,-111.92717680000007 33.42598000000001,-111.92717680000007 33.42518000000001,-111.92854680000006 33.42518000000001))",POINT (-111.927613 33.4252375),1,0,0,0,0,0,0,demand_zone
134,110.0,G14,-111.9259114,33.4256487,"POLYGON ((-111.92717680000007 33.42518000000001,-111.92717680000007 33.42598000000001,-111.92580680000007 33.42598000000001,-111.92580680000007 33.42518000000001,-111.92717680000007 33.42518000000001))",POINT (-111.9259114 33.4256487),1,0,0,0,0,1,0,demand_zone
136,113.0,G16,-111.92379844999999,33.42545165,"POLYGON ((-111.92443680000008 33.42518000000001,-111.92443680000008 33.42598000000001,-111.92306680000009 33.42598000000001,-111.92306680000009 33.42518000000001,-111.92443680000008 33.42518000000001))",POINT (-111.92379844999999 33.42545165),2,0,0,0,0,0,0,demand_zone
142,116.0,H2,-111.9428647,33.4249455,"POLYGON ((-111.9436168 33.42438000000001,-111.9436168 33.42518000000001,-111.9422468 33.42518000000001,-111.9422468 33.42438000000001,-111.9436168 33.42438000000001))",POINT (-111.9428647 33.4249455),1,0,0,0,0,0,0,demand_zone
143,117.0,H3,-111.94125266666667,33.4248724,"POLYGON ((-111.9422468 33.42438000000001,-111.9422468 33.42518000000001,-111.94087680000001 33.42518000000001,-111.94087680000001 33.42438000000001,-111.9422468 33.42438000000001))",POINT (-111.94125266666667 33.4248724),2,0,0,0,0,0,0,demand_zone
144,121.0,H4,-111.93994623333333,33.42482293333333,"POLYGON ((-111.94087680000001 33.42438000000001,-111.94087680000001 33.42518000000001,-111.93950680000002 33.42518000000001,-111.93950680000002 33.42438000000001,-111.94087680000001 33.42438000000001))",POINT (-111.93994623333333 33.42482293333333),2,0,0,0,0,0,0,demand_zone
145,122.0,H5,-111.9384454,33.4249338,"POLYGON ((-111.93950680000002 33.42438000000001,-111.93950680000002 33.42518000000001,-111.93813680000002 33.42518000000001,-111.93813680000002 33.42438000000001,-111.93950680000002 33.42438000000001))",POINT (-111.9384454 33.4249338),1,0,0,0,0,0,0,demand_zone
146,123.0,H6,-111.9371875,33.424871550000006,"POLYGON ((-111.93813680000002 33.42438000000001,-111.93813680000002 33.42518000000001,-111.93676680000003 33.42518000000001,-111.93676680000003 33.42438000000001,-111.93813680000002 33.42438000000001))",POINT (-111.9371875 33.424871550000006),2,0,0,0,0,0,0,demand_zone
147,124.0,H7,-111.9363476,33.424797125,"POLYGON ((-111.93676680000003 33.42438000000001,-111.93676680000003 33.42518000000001,-111.93539680000004 33.42518000000001,-111.93539680000004 33.42438000000001,-111.93676680000003 33.42438000000001))",POINT (-111.9363476 33.424797125),2,0,0,0,0,1,0,demand_zone
148,125.0,H8,-111.93530014999999,33.42494805,"POLYGON ((-111.93539680000004 33.42438000000001,-111.93539680000004 33.42518000000001,-111.93402680000004 33.42518000000001,-111.93402680000004 33.42438000000001,-111.93539680000004 33.42438000000001))",POINT (-111.93530014999999 33.42494805),2,0,0,0,0,0,0,demand_zone
150,127.0,H10,-111.9324938,33.4248362,"POLYGON ((-111.93265680000005 33.42438000000001,-111.93265680000005 33.42518000000001,-111.93128680000005 33.42518000000001,-111.93128680000005 33.42438000000001,-111.93265680000005 33.42438000000001))",POINT (-111.9324938 33.4248362),1,0,0,0,0,1,0,demand_zone
151,131.0,H11,-111.9310035,33.4245108,"POLYGON ((-111.93128680000005 33.42438000000001,-111.93128680000005 33.42518000000001,-111.92991680000006 33.42518000000001,-111.92991680000006 33.42438000000001,-111.93128680000005 33.42438000000001))",POINT (-111.9310035 33.4245108),1,0,0,0,0,0,0,demand_zone
152,132.0,H12,-111.929700775,33.424783825000006,"POLYGON ((-111.92991680000006 33.42438000000001,-111.92991680000006 33.42518000000001,-111.92854680000006 33.42518000000001,-111.92854680000006 33.42438000000001,-111.92991680000006 33.42438000000001))",POINT (-111.929700775 33.424783825000006),4,0,0,0,0,0,0,demand_zone
153,133.0,H13,-111.927867725,33.42471055,"POLYGON ((-111.92854680000006 33.42438000000001,-111.92854680000006 33.42518000000001,-111.92717680000007 33.42518000000001,-111.92717680000007 33.42438000000001,-111.92854680000006 33.42438000000001))",POINT (-111.927867725 33.42471055),2,0,0,0,0,1,0,demand_zone
155,134.0,H15,-111.925024,33.4249976,"POLYGON ((-111.92580680000007 33.42438000000001,-111.92580680000007 33.42518000000001,-111.92443680000008 33.42518000000001,-111.92443680000008 33.42438000000001,-111.92580680000007 33.42438000000001))",POINT (-111.925024 33.4249976),1,0,0,0,0,0,0,demand_zone
156,136.0,H16,-111.9234468,33.4248025,"POLYGON ((-111.92443680000008 33.42438000000001,-111.92443680000008 33.42518000000001,-111.92306680000009 33.42518000000001,-111.92306680000009 33.42438000000001,-111.92443680000008 33.42438000000001))",POINT (-111.9234468 33.4248025),1,0,0,0,0,0,0,demand_zone
157,141.0,H17,-111.9224203,33.4245643,"POLYGON ((-111.92306680000009 33.42438000000001,-111.92306680000009 33.42518000000001,-111.92169680000009 33.42518000000001,-111.92169680000009 33.42438000000001,-111.92306680000009 33.42438000000001))",POINT (-111.9224203 33.4245643),1,0,0,0,0,0,0,demand_zone
162,142.0,I2,-111.9425567,33.423958600000006,"POLYGON ((-111.9436168 33.423580000000015,-111.9436168 33.42438000000001,-111.9422468 33.42438000000001,-111.9422468 33.423580000000015,-111.9436168 33.423580000000015))",POINT (-111.9425567 33.423958600000006),1,0,0,0,0,0,0,demand_zone
163,143.0,I3,-111.94144356666668,33.423878,"POLYGON ((-111.9422468 33.423580000000015,-111.9422468 33.42438000000001,-111.94087680000001 33.42438000000001,-111.94087680000001 33.423580000000015,-111.9422468 33.423580000000015))",POINT (-111.94144356666668 33.423878),3,1,0,0,0,0,0,demand_zone
164,144.0,I4,-111.94014544285713,33.42420008571429,"POLYGON ((-111.94087680000001 33.423580000000015,-111.94087680000001 33.42438000000001,-111.93950680000002 33.42438000000001,-111.93950680000002 33.423580000000015,-111.94087680000001 33.423580000000015))",POINT (-111.94014544285713 33.42420008571429),3,0,0,0,0,0,0,demand_zone
165,145.0,I5,-111.93894449999999,33.42418295,"POLYGON ((-111.93950680000002 33.423580000000015,-111.93950680000002 33.42438000000001,-111.93813680000002 33.42438000000001,-111.93813680000002 33.423580000000015,-111.93950680000002 33.423580000000015))",POINT (-111.93894449999999 33.42418295),1,0,0,0,0,0,0,demand_zone
166,146.0,I6,-111.93751531666668,33.42411618333333,"POLYGON ((-111.93813680000002 33.423580000000015,-111.93813680000002 33.42438000000001,-111.93676680000003 33.42438000000001,-111.93676680000003 33.423580000000015,-111.93813680000002 33.423580000000015))",POINT (-111.93751531666668 33.42411618333333),3,0,0,0,0,0,0,demand_zone
167,147.0,I7,-111.93632244444444,33.42424764444444,"POLYGON ((-111.93676680000003 33.423580000000015,-111.93676680000003 33.42438000000001,-111.93539680000004 33.42438000000001,-111.93539680000004 33.423580000000015,-111.93676680000003 33.423580000000015))",POINT (-111.93632244444444 33.42424764444444),1,0,0,0,0,1,0,demand_zone
168,148.0,I8,-111.93492988,33.42406274,"POLYGON ((-111.93539680000004 33.423580000000015,-111.93539680000004 33.42438000000001,-111.93402680000004 33.42438000000001,-111.93402680000004 33.423580000000015,-111.93539680000004 33.423580000000015))",POINT (-111.93492988 33.42406274),3,0,0,1,0,0,0,demand_zone
169,150.0,I9,-111.9331086,33.4240275,"POLYGON ((-111.93402680000004 33.423580000000015,-111.93402680000004 33.42438000000001,-111.93265680000005 33.42438000000001,-111.93265680000005 33.423580000000015,-111.93402680000004 33.423580000000015))",POINT (-111.9331086 33.4240275),1,0,0,0,0,1,0,demand_zone
172,151.0,I12,-111.92939333333334,33.4241356,"POLYGON ((-111.92991680000006 33.423580000000015,-111.92991680000006 33.42438000000001,-111.92854680000006 33.42438000000001,-111.92854680000006 33.423580000000015,-111.92991680000006 33.423580000000015))",POINT (-111.92939333333334 33.4241356),1,0,0,0,0,0,0,demand_zone
174,152.0,I14,-111.9258498,33.4235805,"POLYGON ((-111.92717680000007 33.423580000000015,-111.92717680000007 33.42438000000001,-111.92580680000007 33.42438000000001,-111.92580680000007 33.423580000000015,-111.92717680000007 33.423580000000015))",POINT (-111.9258498 33.4235805),1,0,0,0,0,0,0,demand_zone
175,153.0,I15,-111.9244646,33.4239792,"POLYGON ((-111.92580680000007 33.423580000000015,-111.92580680000007 33.42438000000001,-111.92443680000008 33.42438000000001,-111.92443680000008 33.423580000000015,-111.92580680000007 33.423580000000015))",POINT (-111.9244646 33.4239792),1,0,0,0,0,1,0,demand_zone
176,154.0,I16,-111.9237807,33.424292,"POLYGON ((-111.92443680000008 33.423580000000015,-111.92443680000008 33.42438000000001,-111.92306680000009 33.42438000000001,-111.92306680000009 33.423580000000015,-111.92443680000008 33.423580000000015))",POINT (-111.9237807 33.424292),1,0,0,0,0,0,0,demand_zone
177,155.0,I17,-111.9228788,33.423974650000005,"POLYGON ((-111.92306680000009 33.423580000000015,-111.92306680000009 33.42438000000001,-111.92169680000009 33.42438000000001,-111.92169680000009 33.423580000000015,-111.92306680000009 33.423580000000015))",POINT (-111.9228788 33.423974650000005),1,0,0,0,0,1,0,demand_zone
178,156.0,I18,-111.9212418,33.4237276,"POLYGON ((-111.92169680000009 33.423580000000015,-111.92169680000009 33.42438000000001,-111.9203268000001 33.42438000000001,-111.9203268000001 33.423580000000015,-111.92169680000009 33.423580000000015))",POINT (-111.9212418 33.4237276),1,0,0,0,0,0,0,demand_zone
182,157.0,J2,-111.9431241,33.4232121,"POLYGON ((-111.9436168 33.42278000000002,-111.9436168 33.423580000000015,-111.9422468 33.423580000000015,-111.9422468 33.42278000000002,-111.9436168 33.42278000000002))",POINT (-111.9431241 33.4232121),1,0,0,0,0,1,0,demand_zone
183,161.0,J3,-111.9416959,33.42300415,"POLYGON ((-111.9422468 33.42278000000002,-111.9422468 33.423580000000015,-111.94087680000001 33.423580000000015,-111.94087680000001 33.42278000000002,-111.9422468 33.42278000000002))",POINT (-111.9416959 33.42300415),2,0,0,0,0,1,0,demand_zone
184,162.0,J4,-111.94009067500001,33.4232534,"POLYGON ((-111.94087680000001 33.42278000000002,-111.94087680000001 33.423580000000015,-111.93950680000002 33.423580000000015,-111.93950680000002 33.42278000000002,-111.94087680000001 33.42278000000002))",POINT (-111.94009067500001 33.4232534),1,0,0,0,0,0,0,demand_zone
185,163.0,J5,-111.93871482499998,33.42322065,"POLYGON ((-111.93950680000002 33.42278000000002,-111.93950680000002 33.423580000000015,-111.93813680000002 33.423580000000015,-111.93813680000002 33.42278000000002,-111.93950680000002 33.42278000000002))",POINT (-111.93871482499998 33.42322065),7,0,0,1,0,0,0,demand_zone
186,164.0,J6,-111.93737134,33.42332422,"POLYGON ((-111.93813680000002 33.42278000000002,-111.93813680000002 33.423580000000015,-111.93676680000003 33.423580000000015,-111.93676680000003 33.42278000000002,-111.93813680000002 33.42278000000002))",POINT (-111.93737134 33.42332422),2,0,0,0,0,0,0,demand_zone
187,165.0,J7,-111.93635677499998,33.423284725,"POLYGON ((-111.93676680000003 33.42278000000002,-111.93676680000003 33.423580000000015,-111.93539680000004 33.423580000000015,-111.93539680000004 33.42278000000002,-111.93676680000003 33.42278000000002))",POINT (-111.93635677499998 33.423284725),2,0,0,0,0,0,0,demand_zone
188,166.0,J8,-111.93486525,33.422991249999995,"POLYGON ((-111.93539680000004 33.42278000000002,-111.93539680000004 33.423580000000015,-111.93402680000004 33.423580000000015,-111.93402680000004 33.42278000000002,-111.93539680000004 33.42278000000002))",POINT (-111.93486525 33.422991249999995),3,0,0,1,0,1,0,demand_zone
191,167.0,J11,-111.9304472,33.423137125000004,"POLYGON ((-111.93128680000005 33.42278000000002,-111.93128680000005 33.423580000000015,-111.92991680000006 33.423580000000015,-111.92991680000006 33.42278000000002,-111.93128680000005 33.42278000000002))",POINT (-111.9304472 33.423137125000004),1,0,0,0,0,0,0,demand_zone
194,168.0,J14,-111.9258421,33.4231622,"POLYGON ((-111.92717680000007 33.42278000000002,-111.92717680000007 33.423580000000015,-111.92580680000007 33.423580000000015,-111.92580680000007 33.42278000000002,-111.92717680000007 33.42278000000002))",POINT (-111.9258421 33.4231622),1,0,0,0,0,0,0,demand_zone
195,169.0,J15,-111.9250793,33.4231379,"POLYGON ((-111.92580680000007 33.42278000000002,-111.92580680000007 33.423580000000015,-111.92443680000008 33.423580000000015,-111.92443680000008 33.42278000000002,-111.92580680000007 33.42278000000002))",POINT (-111.9250793 33.4231379),1,0,0,0,0,1,0,demand_zone
196,172.0,J16,-111.92389595,33.4234146,"POLYGON ((-111.92443680000008 33.42278000000002,-111.92443680000008 33.423580000000015,-111.92306680000009 33.423580000000015,-111.92306680000009 33.42278000000002,-111.92443680000008 33.42278000000002))",POINT (-111.92389595 33.4234146),2,0,0,0,0,1,0,demand_zone
197,174.0,J17,-111.92252970000001,33.4230159,"POLYGON ((-111.92306680000009 33.42278000000002,-111.92306680000009 33.423580000000015,-111.92169680000009 33.423580000000015,-111.92169680000009 33.42278000000002,-111.92306680000009 33.42278000000002))",POINT (-111.92252970000001 33.4230159),1,0,0,0,0,0,0,demand_zone
198,175.0,J18,-111.92114158333334,33.423157466666666,"POLYGON ((-111.92169680000009 33.42278000000002,-111.92169680000009 33.423580000000015,-111.9203268000001 33.423580000000015,-111.9203268000001 33.42278000000002,-111.92169680000009 33.42278000000002))",POINT (-111.92114158333334 33.423157466666666),6,0,0,0,0,0,0,demand_zone
199,176.0,J19,-111.92013630000001,33.422848200000004,"POLYGON ((-111.9203268000001 33.42278000000002,-111.9203268000001 33.423580000000015,-111.9189568000001 33.423580000000015,-111.9189568000001 33.42278000000002,-111.9203268000001 33.42278000000002))",POINT (-111.92013630000001 33.422848200000004),3,0,0,0,0,0,0,demand_zone
203,177.0,K3,-111.94131684999999,33.4223688,"POLYGON ((-111.9422468 33.42198000000002,-111.9422468 33.42278000000002,-111.94087680000001 33.42278000000002,-111.94087680000001 33.42198000000002,-111.9422468 33.42198000000002))",POINT (-111.94131684999999 33.4223688),2,0,1,0,0,0,0,demand_zone
204,178.0,K4,-111.93988144,33.42252979999999,"POLYGON ((-111.94087680000001 33.42198000000002,-111.94087680000001 33.42278000000002,-111.93950680000002 33.42278000000002,-111.93950680000002 33.42198000000002,-111.94087680000001 33.42198000000002))",POINT (-111.93988144 33.42252979999999),3,0,0,1,0,0,0,demand_zone
205,181.0,K5,-111.93849384,33.422262239999995,"POLYGON ((-111.93950680000002 33.42198000000002,-111.93950680000002 33.42278000000002,-111.93813680000002 33.42278000000002,-111.93813680000002 33.42198000000002,-111.93950680000002 33.42198000000002))",POINT (-111.93849384 33.422262239999995),2,0,0,0,0,0,0,demand_zone
207,182.0,K7,-111.93633603999999,33.42234567,"POLYGON ((-111.93676680000003 33.42198000000002,-111.93676680000003 33.42278000000002,-111.93539680000004 33.42278000000002,-111.93539680000004 33.42198000000002,-111.93676680000003 33.42198000000002))",POINT (-111.93633603999999 33.42234567),5,0,0,0,0,0,0,demand_zone
208,183.0,K8,-111.9344444,33.4222825,"POLYGON ((-111.93539680000004 33.42198000000002,-111.93539680000004 33.42278000000002,-111.93402680000004 33.42278000000002,-111.93402680000004 33.42198000000002,-111.93539680000004 33.42198000000002))",POINT (-111.9344444 33.4222825),1,0,0,0,0,0,0,demand_zone
209,184.0,K9,-111.93331023333333,33.4225383,"POLYGON ((-111.93402680000004 33.42198000000002,-111.93402680000004 33.42278000000002,-111.93265680000005 33.42278000000002,-111.93265680000005 33.42198000000002,-111.93402680000004 33.42198000000002))",POINT (-111.93331023333333 33.4225383),2,0,0,0,0,2,0,demand_zone
210,185.0,K10,-111.93194646666666,33.42244006666667,"POLYGON ((-111.93265680000005 33.42198000000002,-111.93265680000005 33.42278000000002,-111.93128680000005 33.42278000000002,-111.93128680000005 33.42198000000002,-111.93265680000005 33.42198000000002))",POINT (-111.93194646666666 33.42244006666667),2,0,0,0,0,1,0,demand_zone
211,186.0,K11,-111.93052433333332,33.42253016666667,"POLYGON ((-111.93128680000005 33.42198000000002,-111.93128680000005 33.42278000000002,-111.92991680000006 33.42278000000002,-111.92991680000006 33.42198000000002,-111.93128680000005 33.42198000000002))",POINT (-111.93052433333332 33.42253016666667),3,0,0,0,0,2,0,demand_zone
212,187.0,K12,-111.9294895,33.4223492,"POLYGON ((-111.92991680000006 33.42198000000002,-111.92991680000006 33.42278000000002,-111.92854680000006 33.42278000000002,-111.92854680000006 33.42198000000002,-111.92991680000006 33.42198000000002))",POINT (-111.9294895 33.4223492),1,0,0,0,0,1,0,demand_zone
214,188.0,K14,-111.925861,33.422741,"POLYGON ((-111.92717680000007 33.42198000000002,-111.92717680000007 33.42278000000002,-111.92580680000007 33.42278000000002,-111.92580680000007 33.42198000000002,-111.92717680000007 33.42198000000002))",POINT (-111.925861 33.422741),1,0,0,0,0,0,0,demand_zone
215,189.0,K15,-111.9252258,33.4223816,"POLYGON ((-111.92580680000007 33.42198000000002,-111.92580680000007 33.42278000000002,-111.92443680000008 33.42278000000002,-111.92443680000008 33.42198000000002,-111.92580680000007 33.42198000000002))",POINT (-111.9252258 33.4223816),1,0,0,0,0,0,0,demand_zone
216,190.0,K16,-111.92413963333333,33.42253983333333,"POLYGON ((-111.92443680000008 33.42198000000002,-111.92443680000008 33.42278000000002,-111.92306680000009 33.42278000000002,-111.92306680000009 33.42198000000002,-111.92443680000008 33.42198000000002))",POINT (-111.92413963333333 33.42253983333333),3,0,0,0,0,1,0,demand_zone
218,191.0,K18,-111.9210479,33.422491900000004,"POLYGON ((-111.92169680000009 33.42198000000002,-111.92169680000009 33.42278000000002,-111.9203268000001 33.42278000000002,-111.9203268000001 33.42198000000002,-111.92169680000009 33.42198000000002))",POINT (-111.9210479 33.422491900000004),3,0,0,0,0,0,0,demand_zone
219,192.0,K19,-111.92010450000001,33.42250855,"POLYGON ((-111.9203268000001 33.42198000000002,-111.9203268000001 33.42278000000002,-111.9189568000001 33.42278000000002,-111.9189568000001 33.42198000000002,-111.9203268000001 33.42198000000002))",POINT (-111.92010450000001 33.42250855),2,0,0,0,0,0,0,demand_zone
221,193.0,L1,-111.9441244,33.42173423333333,"POLYGON ((-111.9449868 33.42118000000002,-111.9449868 33.42198000000002,-111.9436168 33.42198000000002,-111.9436168 33.42118000000002,-111.9449868 33.42118000000002))",POINT (-111.9441244 33.42173423333333),1,0,0,1,0,0,0,demand_zone
222,194.0,L2,-111.94258800000003,33.42140926,"POLYGON ((-111.9436168 33.42118000000002,-111.9436168 33.42198000000002,-111.9422468 33.42198000000002,-111.9422468 33.42118000000002,-111.9436168 33.42118000000002))",POINT (-111.94258800000003 33.42140926),2,0,0,2,0,0,0,demand_zone
224,195.0,L4,-111.9403965,33.421484666666665,"POLYGON ((-111.94087680000001 33.42118000000002,-111.94087680000001 33.42198000000002,-111.93950680000002 33.42198000000002,-111.93950680000002 33.42118000000002,-111.94087680000001 33.42118000000002))",POINT (-111.9403965 33.421484666666665),2,0,0,0,0,0,0,demand_zone
226,196.0,L6,-111.937631425,33.421495425,"POLYGON ((-111.93813680000002 33.42118000000002,-111.93813680000002 33.42198000000002,-111.93676680000003 33.42198000000002,-111.93676680000003 33.42118000000002,-111.93813680000002 33.42118000000002))",POINT (-111.937631425 33.421495425),3,0,0,0,0,0,0,demand_zone
227,197.0,L7,-111.9364354375,33.421541087499996,"POLYGON ((-111.93676680000003 33.42118000000002,-111.93676680000003 33.42198000000002,-111.93539680000004 33.42198000000002,-111.93539680000004 33.42118000000002,-111.93676680000003 33.42118000000002))",POINT (-111.9364354375 33.421541087499996),3,0,0,0,0,1,0,demand_zone
228,198.0,L8,-111.9353223,33.4215124,"POLYGON ((-111.93539680000004 33.42118000000002,-111.93539680000004 33.42198000000002,-111.93402680000004 33.42198000000002,-111.93402680000004 33.42118000000002,-111.93539680000004 33.42118000000002))",POINT (-111.9353223 33.4215124),1,0,0,0,1,0,0,demand_zone
229,199.0,L9,-111.93322565,33.421396349999995,"POLYGON ((-111.93402680000004 33.42118000000002,-111.93402680000004 33.42198000000002,-111.93265680000005 33.42198000000002,-111.93265680000005 33.42118000000002,-111.93402680000004 33.42118000000002))",POINT (-111.93322565 33.421396349999995),2,0,0,0,0,1,0,demand_zone
230,200.0,L10,-111.93193257777777,33.42147563333333,"POLYGON ((-111.93265680000005 33.42118000000002,-111.93265680000005 33.42198000000002,-111.93128680000005 33.42198000000002,-111.93128680000005 33.42118000000002,-111.93265680000005 33.42118000000002))",POINT (-111.93193257777777 33.42147563333333),9,0,0,0,0,4,0,demand_zone
231,201.0,L11,-111.93054860000001,33.42160485,"POLYGON ((-111.93128680000005 33.42118000000002,-111.93128680000005 33.42198000000002,-111.92991680000006 33.42198000000002,-111.92991680000006 33.42118000000002,-111.93128680000005 33.42118000000002))",POINT (-111.93054860000001 33.42160485),2,0,0,0,0,2,0,demand_zone
232,202.0,L12,-111.92950015,33.42146735,"POLYGON ((-111.92991680000006 33.42118000000002,-111.92991680000006 33.42198000000002,-111.92854680000006 33.42198000000002,-111.92854680000006 33.42118000000002,-111.92991680000006 33.42118000000002))",POINT (-111.92950015 33.42146735),2,0,0,0,0,0,0,demand_zone
233,203.0,L13,-111.9284066,33.4215267,"POLYGON ((-111.92854680000006 33.42118000000002,-111.92854680000006 33.42198000000002,-111.92717680000007 33.42198000000002,-111.92717680000007 33.42118000000002,-111.92854680000006 33.42118000000002))",POINT (-111.9284066 33.4215267),1,0,0,0,0,0,0,demand_zone
234,204.0,L14,-111.92587520000001,33.421508200000005,"POLYGON ((-111.92717680000007 33.42118000000002,-111.92717680000007 33.42198000000002,-111.92580680000007 33.42198000000002,-111.92580680000007 33.42118000000002,-111.92717680000007 33.42118000000002))",POINT (-111.92587520000001 33.421508200000005),2,0,0,1,0,0,0,demand_zone
235,205.0,L15,-111.925179525,33.42151629999999,"POLYGON ((-111.92580680000007 33.42118000000002,-111.92580680000007 33.42198000000002,-111.92443680000008 33.42198000000002,-111.92443680000008 33.42118000000002,-111.92580680000007 33.42118000000002))",POINT (-111.925179525 33.42151629999999),4,0,0,0,0,1,0,demand_zone
236,207.0,L16,-111.92378835,33.42149259999999,"POLYGON ((-111.92443680000008 33.42118000000002,-111.92443680000008 33.42198000000002,-111.92306680000009 33.42198000000002,-111.92306680000009 33.42118000000002,-111.92443680000008 33.42118000000002))",POINT (-111.92378835 33.42149259999999),2,0,0,0,0,1,0,demand_zone
246,208.0,M6,-111.937577225,33.4207454,"POLYGON ((-111.93813680000002 33.42038000000002,-111.93813680000002 33.42118000000002,-111.93676680000003 33.42118000000002,-111.93676680000003 33.42038000000002,-111.93813680000002 33.42038000000002))",POINT (-111.937577225 33.4207454),3,0,0,0,0,0,0,demand_zone
247,209.0,M7,-111.93606638333334,33.420823850000005,"POLYGON ((-111.93676680000003 33.42038000000002,-111.93676680000003 33.42118000000002,-111.93539680000004 33.42118000000002,-111.93539680000004 33.42038000000002,-111.93676680000003 33.42038000000002))",POINT (-111.93606638333334 33.420823850000005),5,0,0,0,0,1,0,demand_zone
248,210.0,M8,-111.934572,33.4209301,"POLYGON ((-111.93539680000004 33.42038000000002,-111.93539680000004 33.42118000000002,-111.93402680000004 33.42118000000002,-111.93402680000004 33.42038000000002,-111.93539680000004 33.42038000000002))",POINT (-111.934572 33.4209301),1,0,0,0,0,0,0,demand_zone
249,211.0,M9,-111.93353574,33.42079108,"POLYGON ((-111.93402680000004 33.42038000000002,-111.93402680000004 33.42118000000002,-111.93265680000005 33.42118000000002,-111.93265680000005 33.42038000000002,-111.93402680000004 33.42038000000002))",POINT (-111.93353574 33.42079108),5,0,0,0,0,1,0,demand_zone
250,212.0,M10,-111.93208191428572,33.4207478,"POLYGON ((-111.93265680000005 33.42038000000002,-111.93265680000005 33.42118000000002,-111.93128680000005 33.42118000000002,-111.93128680000005 33.42038000000002,-111.93265680000005 33.42038000000002))",POINT (-111.93208191428572 33.4207478),6,0,0,0,0,1,0,demand_zone
251,214.0,M11,-111.93052932500001,33.420610775,"POLYGON ((-111.93128680000005 33.42038000000002,-111.93128680000005 33.42118000000002,-111.92991680000006 33.42118000000002,-111.92991680000006 33.42038000000002,-111.93128680000005 33.42038000000002))",POINT (-111.93052932500001 33.420610775),2,0,0,0,0,0,0,demand_zone
252,215.0,M12,-111.92943526666666,33.4208412,"POLYGON ((-111.92991680000006 33.42038000000002,-111.92991680000006 33.42118000000002,-111.92854680000006 33.42118000000002,-111.92854680000006 33.42038000000002,-111.92991680000006 33.42038000000002))",POINT (-111.92943526666666 33.4208412),2,0,0,0,0,0,0,demand_zone
253,216.0,M13,-111.9282766,33.4207184,"POLYGON ((-111.92854680000006 33.42038000000002,-111.92854680000006 33.42118000000002,-111.92717680000007 33.42118000000002,-111.92717680000007 33.42038000000002,-111.92854680000006 33.42038000000002))",POINT (-111.9282766 33.4207184),1,0,0,0,0,1,0,demand_zone
265,217.0,N5,-111.9390019,33.419980249999995,"POLYGON ((-111.93950680000002 33.419580000000025,-111.93950680000002 33.42038000000002,-111.93813680000002 33.42038000000002,-111.93813680000002 33.419580000000025,-111.93950680000002 33.419580000000025))",POINT (-111.9390019 33.419980249999995),2,0,0,0,1,1,0,demand_zone
266,218.0,N6,-111.93748074999999,33.42001825,"POLYGON ((-111.93813680000002 33.419580000000025,-111.93813680000002 33.42038000000002,-111.93676680000003 33.42038000000002,-111.93676680000003 33.419580000000025,-111.93813680000002 33.419580000000025))",POINT (-111.93748074999999 33.42001825),3,0,0,0,0,1,0,demand_zone
267,219.0,N7,-111.93590113333333,33.41991996666667,"POLYGON ((-111.93676680000003 33.419580000000025,-111.93676680000003 33.42038000000002,-111.93539680000004 33.42038000000002,-111.93539680000004 33.419580000000025,-111.93676680000003 33.419580000000025))",POINT (-111.93590113333333 33.41991996666667),2,0,0,0,0,0,0,demand_zone
269,220.0,N9,-111.93344555,33.419934850000004,"POLYGON ((-111.93402680000004 33.419580000000025,-111.93402680000004 33.42038000000002,-111.93265680000005 33.42038000000002,-111.93265680000005 33.419580000000025,-111.93402680000004 33.419580000000025))",POINT (-111.93344555 33.419934850000004),1,0,0,0,0,0,0,demand_zone
270,221.0,N10,-111.93190266666666,33.4198331,"POLYGON ((-111.93265680000005 33.419580000000025,-111.93265680000005 33.42038000000002,-111.93128680000005 33.42038000000002,-111.93128680000005 33.419580000000025,-111.93265680000005 33.419580000000025))",POINT (-111.93190266666666 33.4198331),3,0,0,0,0,0,0,demand_zone
271,222.0,N11,-111.9306996,33.4199612,"POLYGON ((-111.93128680000005 33.419580000000025,-111.93128680000005 33.42038000000002,-111.92991680000006 33.42038000000002,-111.92991680000006 33.419580000000025,-111.93128680000005 33.419580000000025))",POINT (-111.9306996 33.4199612),1,0,0,0,1,0,0,demand_zone
272,223.0,N12,-111.92918565,33.420073349999996,"POLYGON ((-111.92991680000006 33.419580000000025,-111.92991680000006 33.42038000000002,-111.92854680000006 33.42038000000002,-111.92854680000006 33.419580000000025,-111.92991680000006 33.419580000000025))",POINT (-111.92918565 33.420073349999996),1,0,0,0,0,0,0,demand_zone
273,224.0,N13,-111.927902175,33.42006825,"POLYGON ((-111.92854680000006 33.419580000000025,-111.92854680000006 33.42038000000002,-111.92717680000007 33.42038000000002,-111.92717680000007 33.419580000000025,-111.92854680000006 33.419580000000025))",POINT (-111.927902175 33.42006825),1,0,0,0,0,0,0,demand_zone
275,225.0,N15,-111.92496835,33.4199159,"POLYGON ((-111.92580680000007 33.419580000000025,-111.92580680000007 33.42038000000002,-111.92443680000008 33.42038000000002,-111.92443680000008 33.419580000000025,-111.92580680000007 33.419580000000025))",POINT (-111.92496835 33.4199159),2,0,0,0,0,1,0,demand_zone
276,226.0,N16,-111.9237472,33.4201583,"POLYGON ((-111.92443680000008 33.419580000000025,-111.92443680000008 33.42038000000002,-111.92306680000009 33.42038000000002,-111.92306680000009 33.419580000000025,-111.92443680000008 33.419580000000025))",POINT (-111.9237472 33.4201583),1,0,0,0,0,1,0,demand_zone
277,227.0,N17,-111.9221603,33.41979018,"POLYGON ((-111.92306680000009 33.419580000000025,-111.92306680000009 33.42038000000002,-111.92169680000009 33.42038000000002,-111.92169680000009 33.419580000000025,-111.92306680000009 33.419580000000025))",POINT (-111.9221603 33.41979018),5,2,0,0,0,0,0,demand_zone
285,228.0,O5,-111.939172725,33.419236075,"POLYGON ((-111.93950680000002 33.41878000000003,-111.93950680000002 33.419580000000025,-111.93813680000002 33.419580000000025,-111.93813680000002 33.41878000000003,-111.93950680000002 33.41878000000003))",POINT (-111.939172725 33.419236075),2,0,0,0,0,1,0,demand_zone
286,229.0,O6,-111.93777286666666,33.41910338333333,"POLYGON ((-111.93813680000002 33.41878000000003,-111.93813680000002 33.419580000000025,-111.93676680000003 33.419580000000025,-111.93676680000003 33.41878000000003,-111.93813680000002 33.41878000000003))",POINT (-111.93777286666666 33.41910338333333),2,0,0,0,0,0,0,demand_zone
287,230.0,O7,-111.93606985,33.419116149999994,"POLYGON ((-111.93676680000003 33.41878000000003,-111.93676680000003 33.419580000000025,-111.93539680000004 33.419580000000025,-111.93539680000004 33.41878000000003,-111.93676680000003 33.41878000000003))",POINT (-111.93606985 33.419116149999994),2,0,0,0,0,0,0,demand_zone
288,231.0,O8,-111.93493145,33.41894285,"POLYGON ((-111.93539680000004 33.41878000000003,-111.93539680000004 33.419580000000025,-111.93402680000004 33.419580000000025,-111.93402680000004 33.41878000000003,-111.93539680000004 33.41878000000003))",POINT (-111.93493145 33.41894285),2,0,0,0,0,0,0,demand_zone
289,232.0,O9,-111.9334328,33.41927263333333,"POLYGON ((-111.93402680000004 33.41878000000003,-111.93402680000004 33.419580000000025,-111.93265680000005 33.419580000000025,-111.93265680000005 33.41878000000003,-111.93402680000004 33.41878000000003))",POINT (-111.9334328 33.41927263333333),3,0,1,0,0,1,0,demand_zone
290,233.0,O10,-111.93211515,33.41910188333333,"POLYGON ((-111.93265680000005 33.41878000000003,-111.93265680000005 33.419580000000025,-111.93128680000005 33.419580000000025,-111.93128680000005 33.41878000000003,-111.93265680000005 33.41878000000003))",POINT (-111.93211515 33.41910188333333),6,0,0,0,0,0,0,demand_zone
291,234.0,O11,-111.9306065,33.4190371,"POLYGON ((-111.93128680000005 33.41878000000003,-111.93128680000005 33.419580000000025,-111.92991680000006 33.419580000000025,-111.92991680000006 33.41878000000003,-111.93128680000005 33.41878000000003))",POINT (-111.9306065 33.4190371),1,0,0,0,0,0,0,demand_zone
292,235.0,O12,-111.9295419,33.4190764,"POLYGON ((-111.92991680000006 33.41878000000003,-111.92991680000006 33.419580000000025,-111.92854680000006 33.419580000000025,-111.92854680000006 33.41878000000003,-111.92991680000006 33.41878000000003))",POINT (-111.9295419 33.4190764),2,0,0,0,0,1,0,demand_zone
293,236.0,O13,-111.92777815,33.4191948,"POLYGON ((-111.92854680000006 33.41878000000003,-111.92854680000006 33.419580000000025,-111.92717680000007 33.419580000000025,-111.92717680000007 33.41878000000003,-111.92854680000006 33.41878000000003))",POINT (-111.92777815 33.4191948),2,0,0,0,0,0,0,demand_zone
295,237.0,O15,-111.9253454,33.41930495,"POLYGON ((-111.92580680000007 33.41878000000003,-111.92580680000007 33.419580000000025,-111.92443680000008 33.419580000000025,-111.92443680000008 33.41878000000003,-111.92580680000007 33.41878000000003))",POINT (-111.9253454 33.41930495),2,0,0,0,0,1,0,demand_zone
296,240.0,O16,-111.92364295,33.41884735,"POLYGON ((-111.92443680000008 33.41878000000003,-111.92443680000008 33.419580000000025,-111.92306680000009 33.419580000000025,-111.92306680000009 33.41878000000003,-111.92443680000008 33.41878000000003))",POINT (-111.92364295 33.41884735),1,0,0,0,0,0,0,demand_zone
297,241.0,O17,-111.922723525,33.419199075,"POLYGON ((-111.92306680000009 33.41878000000003,-111.92306680000009 33.419580000000025,-111.92169680000009 33.419580000000025,-111.92169680000009 33.41878000000003,-111.92306680000009 33.41878000000003))",POINT (-111.922723525 33.419199075),4,0,0,0,0,0,0,demand_zone
304,242.0,P4,-111.9402554,33.418509657142856,"POLYGON ((-111.94087680000001 33.41798000000003,-111.94087680000001 33.41878000000003,-111.93950680000002 33.41878000000003,-111.93950680000002 33.41798000000003,-111.94087680000001 33.41798000000003))",POINT (-111.9402554 33.418509657142856),1,0,0,0,0,1,0,demand_zone
305,243.0,P5,-111.93897576666667,33.41837643333333,"POLYGON ((-111.93950680000002 33.41798000000003,-111.93950680000002 33.41878000000003,-111.93813680000002 33.41878000000003,-111.93813680000002 33.41798000000003,-111.93950680000002 33.41798000000003))",POINT (-111.93897576666667 33.41837643333333),3,0,0,0,0,1,0,demand_zone
306,244.0,P6,-111.93720655,33.418338399999996,"POLYGON ((-111.93813680000002 33.41798000000003,-111.93813680000002 33.41878000000003,-111.93676680000003 33.41878000000003,-111.93676680000003 33.41798000000003,-111.93813680000002 33.41798000000003))",POINT (-111.93720655 33.418338399999996),1,0,0,0,0,1,0,demand_zone
307,245.0,P7,-111.9359876,33.4185275,"POLYGON ((-111.93676680000003 33.41798000000003,-111.93676680000003 33.41878000000003,-111.93539680000004 33.41878000000003,-111.93539680000004 33.41798000000003,-111.93676680000003 33.41798000000003))",POINT (-111.9359876 33.4185275),1,0,0,0,0,0,0,demand_zone
308,246.0,P8,-111.93501536666668,33.4183381,"POLYGON ((-111.93539680000004 33.41798000000003,-111.93539680000004 33.41878000000003,-111.93402680000004 33.41878000000003,-111.93402680000004 33.41798000000003,-111.93539680000004 33.41798000000003))",POINT (-111.93501536666668 33.4183381),3,0,0,0,0,0,0,demand_zone
309,247.0,P9,-111.93351993636362,33.41834194545454,"POLYGON ((-111.93402680000004 33.41798000000003,-111.93402680000004 33.41878000000003,-111.93265680000005 33.41878000000003,-111.93265680000005 33.41798000000003,-111.93402680000004 33.41798000000003))",POINT (-111.93351993636362 33.41834194545454),3,0,0,0,0,1,0,demand_zone
310,248.0,P10,-111.9316662,33.41839276,"POLYGON ((-111.93265680000005 33.41798000000003,-111.93265680000005 33.41878000000003,-111.93128680000005 33.41878000000003,-111.93128680000005 33.41798000000003,-111.93265680000005 33.41798000000003))",POINT (-111.9316662 33.41839276),1,0,0,0,0,0,0,demand_zone
313,249.0,P13,-111.9283935,33.4180264,"POLYGON ((-111.92854680000006 33.41798000000003,-111.92854680000006 33.41878000000003,-111.92717680000007 33.41878000000003,-111.92717680000007 33.41798000000003,-111.92854680000006 33.41798000000003))",POINT (-111.9283935 33.4180264),1,0,0,0,1,0,0,demand_zone
316,250.0,P16,-111.9232999,33.4184475,"POLYGON ((-111.92443680000008 33.41798000000003,-111.92443680000008 33.41878000000003,-111.92306680000009 33.41878000000003,-111.92306680000009 33.41798000000003,-111.92443680000008 33.41798000000003))",POINT (-111.9232999 33.4184475),1,0,0,0,0,0,0,demand_zone
324,251.0,Q4,-111.93998114000001,33.41756985000001,"POLYGON ((-111.94087680000001 33.41718000000003,-111.94087680000001 33.41798000000003,-111.93950680000002 33.41798000000003,-111.93950680000002 33.41718000000003,-111.94087680000001 33.41718000000003))",POINT (-111.93998114000001 33.41756985000001),1,0,0,0,0,0,0,demand_zone
325,252.0,Q5,-111.938369275,33.41754495,"POLYGON ((-111.93950680000002 33.41718000000003,-111.93950680000002 33.41798000000003,-111.93813680000002 33.41798000000003,-111.93813680000002 33.41718000000003,-111.93950680000002 33.41718000000003))",POINT (-111.938369275 33.41754495),1,0,0,0,0,1,0,demand_zone
326,253.0,Q6,-111.9378256,33.4179253,"POLYGON ((-111.93813680000002 33.41718000000003,-111.93813680000002 33.41798000000003,-111.93676680000003 33.41798000000003,-111.93676680000003 33.41718000000003,-111.93813680000002 33.41718000000003))",POINT (-111.9378256 33.4179253),1,0,0,0,0,0,0,demand_zone
327,256.0,Q7,-111.93628864285715,33.417564971428575,"POLYGON ((-111.93676680000003 33.41718000000003,-111.93676680000003 33.41798000000003,-111.93539680000004 33.41798000000003,-111.93539680000004 33.41718000000003,-111.93676680000003 33.41718000000003))",POINT (-111.93628864285715 33.417564971428575),3,0,0,0,0,0,0,demand_zone
328,257.0,Q8,-111.9343609,33.4176835,"POLYGON ((-111.93539680000004 33.41718000000003,-111.93539680000004 33.41798000000003,-111.93402680000004 33.41798000000003,-111.93402680000004 33.41718000000003,-111.93539680000004 33.41718000000003))",POINT (-111.9343609 33.4176835),1,0,0,0,0,0,0,demand_zone
329,261.0,Q9,-111.93338840000001,33.41743182857143,"POLYGON ((-111.93402680000004 33.41718000000003,-111.93402680000004 33.41798000000003,-111.93265680000005 33.41798000000003,-111.93265680000005 33.41718000000003,-111.93402680000004 33.41718000000003))",POINT (-111.93338840000001 33.41743182857143),2,0,0,0,0,1,0,demand_zone
330,262.0,Q10,-111.93183451999998,33.417659619999995,"POLYGON ((-111.93265680000005 33.41718000000003,-111.93265680000005 33.41798000000003,-111.93128680000005 33.41798000000003,-111.93128680000005 33.41718000000003,-111.93265680000005 33.41718000000003))",POINT (-111.93183451999998 33.417659619999995),3,0,0,0,0,1,0,demand_zone
331,265.0,Q11,-111.93034296666667,33.41767683333333,"POLYGON ((-111.93128680000005 33.41718000000003,-111.93128680000005 33.41798000000003,-111.92991680000006 33.41798000000003,-111.92991680000006 33.41718000000003,-111.93128680000005 33.41718000000003))",POINT (-111.93034296666667 33.41767683333333),2,0,0,0,0,0,0,demand_zone
332,266.0,Q12,-111.9294615,33.4178075,"POLYGON ((-111.92991680000006 33.41718000000003,-111.92991680000006 33.41798000000003,-111.92854680000006 33.41798000000003,-111.92854680000006 33.41718000000003,-111.92991680000006 33.41718000000003))",POINT (-111.9294615 33.4178075),1,0,0,0,0,0,0,demand_zone
333,267.0,Q13,-111.92772823333333,33.417519733333336,"POLYGON ((-111.92854680000006 33.41718000000003,-111.92854680000006 33.41798000000003,-111.92717680000007 33.41798000000003,-111.92717680000007 33.41718000000003,-111.92854680000006 33.41718000000003))",POINT (-111.92772823333333 33.417519733333336),3,0,0,0,0,2,0,demand_zone
334,268.0,Q14,-111.92643365,33.4175696,"POLYGON ((-111.92717680000007 33.41718000000003,-111.92717680000007 33.41798000000003,-111.92580680000007 33.41798000000003,-111.92580680000007 33.41718000000003,-111.92717680000007 33.41718000000003))",POINT (-111.92643365 33.4175696),2,0,0,0,0,0,0,demand_zone
335,269.0,Q15,-111.92527520000002,33.41750372,"POLYGON ((-111.92580680000007 33.41718000000003,-111.92580680000007 33.41798000000003,-111.92443680000008 33.41798000000003,-111.92443680000008 33.41718000000003,-111.92580680000007 33.41718000000003))",POINT (-111.92527520000002 33.41750372),5,1,0,0,0,3,0,demand_zone
345,270.0,R5,-111.9388847,33.4169096,"POLYGON ((-111.93950680000002 33.41638000000003,-111.93950680000002 33.41718000000003,-111.93813680000002 33.41718000000003,-111.93813680000002 33.41638000000003,-111.93950680000002 33.41638000000003))",POINT (-111.9388847 33.4169096),1,0,0,0,0,1,0,demand_zone
347,271.0,R7,-111.9361452,33.41662126666667,"POLYGON ((-111.93676680000003 33.41638000000003,-111.93676680000003 33.41718000000003,-111.93539680000004 33.41718000000003,-111.93539680000004 33.41638000000003,-111.93676680000003 33.41638000000003))",POINT (-111.9361452 33.41662126666667),2,0,0,0,0,0,0,demand_zone
348,272.0,R8,-111.93443013333332,33.4168243,"POLYGON ((-111.93539680000004 33.41638000000003,-111.93539680000004 33.41718000000003,-111.93402680000004 33.41718000000003,-111.93402680000004 33.41638000000003,-111.93539680000004 33.41638000000003))",POINT (-111.93443013333332 33.4168243),3,0,0,0,0,0,0,demand_zone
349,273.0,R9,-111.9335979,33.41682332,"POLYGON ((-111.93402680000004 33.41638000000003,-111.93402680000004 33.41718000000003,-111.93265680000005 33.41718000000003,-111.93265680000005 33.41638000000003,-111.93402680000004 33.41638000000003))",POINT (-111.9335979 33.41682332),5,0,0,0,1,0,0,demand_zone
352,275.0,R12,-111.92932275,33.416749125,"POLYGON ((-111.92991680000006 33.41638000000003,-111.92991680000006 33.41718000000003,-111.92854680000006 33.41718000000003,-111.92854680000006 33.41638000000003,-111.92991680000006 33.41638000000003))",POINT (-111.92932275 33.416749125),1,0,0,0,0,0,0,demand_zone
354,276.0,R14,-111.92620712222224,33.416815411111116,"POLYGON ((-111.92717680000007 33.41638000000003,-111.92717680000007 33.41718000000003,-111.92580680000007 33.41718000000003,-111.92580680000007 33.41638000000003,-111.92717680000007 33.41638000000003))",POINT (-111.92620712222224 33.416815411111116),2,0,0,0,0,1,0,demand_zone
355,277.0,R15,-111.92523760000002,33.41681754615384,"POLYGON ((-111.92580680000007 33.41638000000003,-111.92580680000007 33.41718000000003,-111.92443680000008 33.41718000000003,-111.92443680000008 33.41638000000003,-111.92580680000007 33.41638000000003))",POINT (-111.92523760000002 33.41681754615384),2,0,0,0,0,0,0,demand_zone
365,281.0,S5,-111.938774,33.4162649,"POLYGON ((-111.93950680000002 33.415580000000034,-111.93950680000002 33.41638000000003,-111.93813680000002 33.41638000000003,-111.93813680000002 33.415580000000034,-111.93950680000002 33.415580000000034))",POINT (-111.938774 33.4162649),1,0,0,0,0,0,0,demand_zone
366,282.0,S6,-111.93751205,33.416085175,"POLYGON ((-111.93813680000002 33.415580000000034,-111.93813680000002 33.41638000000003,-111.93676680000003 33.41638000000003,-111.93676680000003 33.415580000000034,-111.93813680000002 33.415580000000034))",POINT (-111.93751205 33.416085175),2,0,0,0,0,0,0,demand_zone
367,283.0,S7,-111.9362552090909,33.416061345454544,"POLYGON ((-111.93676680000003 33.415580000000034,-111.93676680000003 33.41638000000003,-111.93539680000004 33.41638000000003,-111.93539680000004 33.415580000000034,-111.93676680000003 33.415580000000034))",POINT (-111.9362552090909 33.416061345454544),4,0,0,0,0,1,0,demand_zone
368,284.0,S8,-111.93480071428571,33.41599302857143,"POLYGON ((-111.93539680000004 33.415580000000034,-111.93539680000004 33.41638000000003,-111.93402680000004 33.41638000000003,-111.93402680000004 33.415580000000034,-111.93539680000004 33.415580000000034))",POINT (-111.93480071428571 33.41599302857143),2,0,0,0,1,0,0,demand_zone
369,285.0,S9,-111.93337932,33.416107339999996,"POLYGON ((-111.93402680000004 33.415580000000034,-111.93402680000004 33.41638000000003,-111.93265680000005 33.41638000000003,-111.93265680000005 33.415580000000034,-111.93402680000004 33.415580000000034))",POINT (-111.93337932 33.416107339999996),1,0,0,0,0,1,0,demand_zone
372,286.0,S12,-111.9296176,33.4157972,"POLYGON ((-111.92991680000006 33.415580000000034,-111.92991680000006 33.41638000000003,-111.92854680000006 33.41638000000003,-111.92854680000006 33.415580000000034,-111.92991680000006 33.415580000000034))",POINT (-111.9296176 33.4157972),1,0,0,0,0,0,0,demand_zone
373,287.0,S13,-111.9277589,33.4160138,"POLYGON ((-111.92854680000006 33.415580000000034,-111.92854680000006 33.41638000000003,-111.92717680000007 33.41638000000003,-111.92717680000007 33.415580000000034,-111.92854680000006 33.415580000000034))",POINT (-111.9277589 33.4160138),1,0,0,0,0,0,0,demand_zone
374,288.0,S14,-111.92641647999999,33.41606308,"POLYGON ((-111.92717680000007 33.415580000000034,-111.92717680000007 33.41638000000003,-111.92580680000007 33.41638000000003,-111.92580680000007 33.415580000000034,-111.92717680000007 33.415580000000034))",POINT (-111.92641647999999 33.41606308),5,3,0,0,0,0,0,demand_zone
375,289.0,S15,-111.92537648333332,33.4161345,"POLYGON ((-111.92580680000007 33.415580000000034,-111.92580680000007 33.41638000000003,-111.92443680000008 33.41638000000003,-111.92443680000008 33.415580000000034,-111.92580680000007 33.415580000000034))",POINT (-111.92537648333332 33.4161345),2,0,0,0,0,2,0,demand_zone
378,290.0,S18,-111.9210933,33.4162654,"POLYGON ((-111.92169680000009 33.415580000000034,-111.92169680000009 33.41638000000003,-111.9203268000001 33.41638000000003,-111.9203268000001 33.415580000000034,-111.92169680000009 33.415580000000034))",POINT (-111.9210933 33.4162654),1,1,0,0,0,0,0,demand_zone
380,291.0,S20,-111.9185972,33.4160553,"POLYGON ((-111.9189568000001 33.415580000000034,-111.9189568000001 33.41638000000003,-111.91758680000011 33.41638000000003,-111.91758680000011 33.415580000000034,-111.9189568000001 33.415580000000034))",POINT (-111.9185972 33.4160553),2,0,0,0,1,1,0,demand_zone
386,292.0,T6,-111.937249,33.4154523,"POLYGON ((-111.93813680000002 33.414780000000036,-111.93813680000002 33.415580000000034,-111.93676680000003 33.415580000000034,-111.93676680000003 33.414780000000036,-111.93813680000002 33.414780000000036))",POINT (-111.937249 33.4154523),1,0,0,0,0,1,0,demand_zone
387,293.0,T7,-111.93621256666667,33.415343316666664,"POLYGON ((-111.93676680000003 33.414780000000036,-111.93676680000003 33.415580000000034,-111.93539680000004 33.415580000000034,-111.93539680000004 33.414780000000036,-111.93676680000003 33.414780000000036))",POINT (-111.93621256666667 33.415343316666664),3,0,0,0,0,0,0,demand_zone
389,294.0,T9,-111.93402230000001,33.41538545,"POLYGON ((-111.93402680000004 33.414780000000036,-111.93402680000004 33.415580000000034,-111.93265680000005 33.415580000000034,-111.93265680000005 33.414780000000036,-111.93402680000004 33.414780000000036))",POINT (-111.93402230000001 33.41538545),2,0,0,0,0,1,0,demand_zone
390,295.0,T10,-111.9325418,33.415558,"POLYGON ((-111.93265680000005 33.414780000000036,-111.93265680000005 33.415580000000034,-111.93128680000005 33.415580000000034,-111.93128680000005 33.414780000000036,-111.93265680000005 33.414780000000036))",POINT (-111.9325418 33.415558),1,0,0,0,0,0,0,demand_zone
391,296.0,T11,-111.93044253333335,33.41530613333333,"POLYGON ((-111.93128680000005 33.414780000000036,-111.93128680000005 33.415580000000034,-111.92991680000006 33.415580000000034,-111.92991680000006 33.414780000000036,-111.93128680000005 33.414780000000036))",POINT (-111.93044253333335 33.41530613333333),3,0,0,0,0,0,0,demand_zone
392,297.0,T12,-111.92917316666667,33.41525146666667,"POLYGON ((-111.92991680000006 33.414780000000036,-111.92991680000006 33.415580000000034,-111.92854680000006 33.415580000000034,-111.92854680000006 33.414780000000036,-111.92991680000006 33.414780000000036))",POINT (-111.92917316666667 33.41525146666667),3,1,0,0,0,0,0,demand_zone
393,298.0,T13,-111.92804050000001,33.4152974,"POLYGON ((-111.92854680000006 33.414780000000036,-111.92854680000006 33.415580000000034,-111.92717680000007 33.415580000000034,-111.92717680000007 33.414780000000036,-111.92854680000006 33.414780000000036))",POINT (-111.92804050000001 33.4152974),2,2,0,0,0,0,0,demand_zone
394,300.0,T14,-111.926148775,33.415215875,"POLYGON ((-111.92717680000007 33.414780000000036,-111.92717680000007 33.415580000000034,-111.92580680000007 33.415580000000034,-111.92580680000007 33.414780000000036,-111.92717680000007 33.414780000000036))",POINT (-111.926148775 33.415215875),1,1,0,0,0,0,0,demand_zone
399,301.0,T19,-111.91959395,33.4152791,"POLYGON ((-111.9203268000001 33.414780000000036,-111.9203268000001 33.415580000000034,-111.9189568000001 33.415580000000034,-111.9189568000001 33.414780000000036,-111.9203268000001 33.414780000000036))",POINT (-111.91959395 33.4152791),1,0,0,0,1,0,0,demand_zone
400,302.0,T20,-111.91822765,33.4152652,"POLYGON ((-111.9189568000001 33.414780000000036,-111.9189568000001 33.415580000000034,-111.91758680000011 33.415580000000034,-111.91758680000011 33.414780000000036,-111.9189568000001 33.414780000000036))",POINT (-111.91822765 33.4152652),2,0,0,1,0,0,0,demand_zone
401,304.0,Gate1,-111.9456718,33.41518,,POINT (-111.9456718 33.41518),0,0,0,0,0,0,0,None
402,305.0,Gate2,-111.9456718,33.41598,,POINT (-111.9456718 33.41598),0,0,0,0,0,0,2,None
403,306.0,Gate3,-111.9456718,33.41678,,POINT (-111.9456718 33.41678),0,0,0,0,0,0,3,None
404,307.0,Gate4,-111.9456718,33.41758,,POINT (-111.9456718 33.41758),0,0,0,0,0,0,3,None
405,308.0,Gate5,-111.9456718,33.41838,,POINT (-111.9456718 33.41838),0,0,0,0,0,0,3,None
406,309.0,Gate6,-111.9456718,33.41918,,POINT (-111.9456718 33.41918),0,0,0,0,0,0,2,None
407,310.0,Gate7,-111.9456718,33.41998,,POINT (-111.9456718 33.41998),0,0,0,0,0,0,1,None
408,311.0,Gate8,-111.9456718,33.42078,,POINT (-111.9456718 33.42078),0,0,0,0,0,0,1,None
409,313.0,Gate9,-111.9456718,33.42158,,POINT (-111.9456718 33.42158),0,0,0,0,0,0,3,None
410,316.0,Gate10,-111.9456718,33.42238,,POINT (-111.9456718 33.42238),0,0,0,0,0,0,4,None
411,317.0,Gate11,-111.9456718,33.42318,,POINT (-111.9456718 33.42318),0,0,0,0,0,0,6,None
412,318.0,Gate12,-111.9456718,33.42398,,POINT (-111.9456718 33.42398),0,0,0,0,0,0,2,None
413,319.0,Gate13,-111.9456718,33.42478,,POINT (-111.9456718 33.42478),0,0,0,0,0,0,2,None
414,320.0,Gate14,-111.9456718,33.42558,,POINT (-111.9456718 33.42558),0,0,0,0,0,0,3,None
415,321.0,Gate15,-111.9456718,33.42638,,POINT (-111.9456718 33.42638),0,0,0,0,0,0,1,None
416,322.0,Gate16,-111.9456718,33.42718,,POINT (-111.9456718 33.42718),0,0,0,0,0,0,4,None
417,323.0,Gate17,-111.9456718,33.42798,,POINT (-111.9456718 33.42798),0,0,0,0,0,0,2,None
418,324.0,Gate18,-111.9456718,33.428779999999996,,POINT (-111.9456718 33.428779999999996),0,0,0,0,0,0,1,None
419,325.0,Gate19,-111.9456718,33.42958,,POINT (-111.9456718 33.42958),0,0,0,0,0,0,1,None
420,326.0,Gate20,-111.9456718,33.43038,,POINT (-111.9456718 33.43038),0,0,0,0,0,0,2,None
421,327.0,Gate21,-111.9443018,33.431179,,POINT (-111.9443018 33.431179),0,0,0,0,0,0,1,None
422,328.0,Gate22,-111.9429318,33.431179,,POINT (-111.9429318 33.431179),0,0,0,0,0,0,5,None
423,329.0,Gate23,-111.94156179999999,33.431179,,POINT (-111.94156179999999 33.431179),0,0,0,0,0,0,4,None
424,330.0,Gate24,-111.94019180000001,33.431179,,POINT (-111.94019180000001 33.431179),0,0,0,0,0,0,11,None
425,331.0,Gate25,-111.9388218,33.431179,,POINT (-111.9388218 33.431179),0,0,0,0,0,0,6,None
426,332.0,Gate26,-111.93745179999999,33.431179,,POINT (-111.93745179999999 33.431179),0,0,0,0,0,0,6,None
427,333.0,Gate27,-111.93608180000001,33.431179,,POINT (-111.93608180000001 33.431179),0,0,0,0,0,0,11,None
428,334.0,Gate28,-111.9347118,33.431179,,POINT (-111.9347118 33.431179),0,0,0,0,0,0,11,None
429,335.0,Gate29,-111.9333418,33.431179,,POINT (-111.9333418 33.431179),0,0,0,0,0,0,6,None
430,336.0,Gate30,-111.93197179999999,33.431179,,POINT (-111.93197179999999 33.431179),0,0,0,0,0,0,7,None
431,338.0,Gate31,-111.9306018,33.431179,,POINT (-111.9306018 33.431179),0,0,0,0,0,0,4,None
432,340.0,Gate32,-111.9292318,33.431179,,POINT (-111.9292318 33.431179),0,0,0,0,0,0,4,None
433,341.0,Gate33,-111.92786179999999,33.431179,,POINT (-111.92786179999999 33.431179),0,0,0,0,0,0,2,None
434,342.0,Gate34,-111.92649180000001,33.431179,,POINT (-111.92649180000001 33.431179),0,0,0,0,0,0,3,None
435,345.0,Gate35,-111.9251218,33.431179,,POINT (-111.9251218 33.431179),0,0,0,0,0,0,1,None
436,347.0,Gate36,-111.92375179999999,33.431179,,POINT (-111.92375179999999 33.431179),0,0,0,0,0,0,1,None
437,348.0,Gate37,-111.92238180000001,33.431179,,POINT (-111.92238180000001 33.431179),0,0,0,0,0,0,2,None
438,349.0,Gate38,-111.9210118,33.431179,,POINT (-111.9210118 33.431179),0,0,0,0,0,0,2,None
439,351.0,Gate39,-111.9196418,33.431179,,POINT (-111.9196418 33.431179),0,0,0,0,0,0,1,None
440,352.0,Gate40,-111.91827179999999,33.431179,,POINT (-111.91827179999999 33.431179),0,0,0,0,0,0,0,None
441,353.0,Gate41,-111.916905,33.430379,,POINT (-111.916905 33.430379),0,0,0,0,0,0,1,None
442,354.0,Gate42,-111.916905,33.429579000000004,,POINT (-111.916905 33.429579000000004),0,0,0,0,0,0,2,None
443,355.0,Gate43,-111.916905,33.428779,,POINT (-111.916905 33.428779),0,0,0,0,0,0,0,None
444,356.0,Gate44,-111.916905,33.427979,,POINT (-111.916905 33.427979),0,0,0,0,0,0,0,None
445,357.0,Gate45,-111.916905,33.427179,,POINT (-111.916905 33.427179),0,0,0,0,0,0,0,None
446,358.0,Gate46,-111.916905,33.426379000000004,,POINT (-111.916905 33.426379000000004),0,0,0,0,0,0,1,None
447,359.0,Gate47,-111.916905,33.425579,,POINT (-111.916905 33.425579),0,0,0,0,0,0,0,None
448,360.0,Gate48,-111.916905,33.424779,,POINT (-111.916905 33.424779),0,0,0,0,0,0,1,None
449,361.0,Gate49,-111.916905,33.423979,,POINT (-111.916905 33.423979),0,0,0,0,0,0,0,None
450,362.0,Gate50,-111.916905,33.423179000000005,,POINT (-111.916905 33.423179000000005),0,0,0,0,0,0,3,None
451,363.0,Gate51,-111.916905,33.422379,,POINT (-111.916905 33.422379),0,0,0,0,0,0,4,None
452,364.0,Gate52,-111.916905,33.421579,,POINT (-111.916905 33.421579),0,0,0,0,0,0,1,None
453,365.0,Gate53,-111.916905,33.420779,,POINT (-111.916905 33.420779),0,0,0,0,0,0,0,None
454,366.0,Gate54,-111.916905,33.419979000000005,,POINT (-111.916905 33.419979000000005),0,0,0,0,0,0,1,None
455,367.0,Gate55,-111.916905,33.419179,,POINT (-111.916905 33.419179),0,0,0,0,0,0,4,None
456,368.0,Gate56,-111.916905,33.418379,,POINT (-111.916905 33.418379),0,0,0,0,0,0,1,None
457,369.0,Gate57,-111.916905,33.417579,,POINT (-111.916905 33.417579),0,0,0,0,0,0,4,None
458,372.0,Gate58,-111.916905,33.416779000000005,,POINT (-111.916905 33.416779000000005),0,0,0,0,0,0,2,None
459,373.0,Gate59,-111.916905,33.415979,,POINT (-111.916905 33.415979),0,0,0,0,0,0,2,None
460,374.0,Gate60,-111.916905,33.415179,,POINT (-111.916905 33.415179),0,0,0,0,0,0,1,None
461,375.0,Gate61,-111.918275,33.41438,,POINT (-111.918275 33.41438),0,0,0,0,0,0,3,None
462,376.0,Gate62,-111.919645,33.41438,,POINT (-111.919645 33.41438),0,0,0,0,0,0,1,None
463,377.0,Gate63,-111.92101500000001,33.41438,,POINT (-111.92101500000001 33.41438),0,0,0,0,0,0,6,None
464,378.0,Gate64,-111.92238499999999,33.41438,,POINT (-111.92238499999999 33.41438),0,0,0,0,0,0,3,None
465,379.0,Gate65,-111.923755,33.41438,,POINT (-111.923755 33.41438),0,0,0,0,0,0,9,None
466,380.0,Gate66,-111.92512500000001,33.41438,,POINT (-111.92512500000001 33.41438),0,0,0,0,0,0,7,None
467,386.0,Gate67,-111.92649499999999,33.41438,,POINT (-111.92649499999999 33.41438),0,0,0,0,0,0,11,None
468,387.0,Gate68,-111.927865,33.41438,,POINT (-111.927865 33.41438),0,0,0,0,0,0,10,None
469,389.0,Gate69,-111.929235,33.41438,,POINT (-111.929235 33.41438),0,0,0,0,0,0,6,None
470,390.0,Gate70,-111.93060500000001,33.41438,,POINT (-111.93060500000001 33.41438),0,0,0,0,0,0,11,None
471,391.0,Gate71,-111.931975,33.41438,,POINT (-111.931975 33.41438),0,0,0,0,0,0,10,None
472,392.0,Gate72,-111.933345,33.41438,,POINT (-111.933345 33.41438),0,0,0,0,0,0,8,None
473,393.0,Gate73,-111.93471500000001,33.41438,,POINT (-111.93471500000001 33.41438),0,0,0,0,0,0,6,None
474,394.0,Gate74,-111.93608499999999,33.41438,,POINT (-111.93608499999999 33.41438),0,0,0,0,0,0,6,None
475,395.0,Gate75,-111.937455,33.41438,,POINT (-111.937455 33.41438),0,0,0,0,0,0,5,None
476,396.0,Gate76,-111.93882500000001,33.41438,,POINT (-111.93882500000001 33.41438),0,0,0,0,0,0,9,None
477,397.0,Gate77,-111.94019499999999,33.41438,,POINT (-111.94019499999999 33.41438),0,0,0,0,0,0,6,None
478,399.0,Gate78,-111.941565,33.41438,,POINT (-111.941565 33.41438),0,0,0,0,0,0,2,None
479,400.0,Gate79,-111.942935,33.41438,,POINT (-111.942935 33.41438),0,0,0,0,0,0,8,None
480,,Gate80,-111.94430500000001,33.41438,,POINT (-111.94430500000001 33.41438),0,0,0,0,0,0,1,None
